# Blender 4.5.0
# www.blender.org
mtllib aboutme.mtl
o Aboutme_text
v 26.797987 28.829594 67.705284
v 26.803207 28.829107 67.633484
v 26.803146 28.808245 67.633621
v 26.797926 28.808729 67.705421
v 26.797823 28.773422 67.705650
v 26.803541 28.772890 67.626991
v 26.803480 28.752028 67.627129
v 26.796242 28.752701 67.726715
v 26.796631 28.886019 67.725838
v 26.803869 28.885345 67.626259
v 26.803808 28.864483 67.626396
v 26.798090 28.865015 67.705055
v 26.794313 28.752880 67.753235
v 26.792816 28.753019 67.773819
v 26.793102 28.850916 67.773178
v 26.792868 28.847425 67.776283
v 26.792622 28.843752 67.779549
v 26.792366 28.839930 67.782936
v 26.792103 28.835993 67.786430
v 26.791834 28.831970 67.789986
v 26.791563 28.827898 67.793579
v 26.791290 28.823805 67.797188
v 26.791019 28.819727 67.800781
v 26.790751 28.815693 67.804329
v 26.790489 28.811739 67.807800
v 26.790236 28.807894 67.811172
v 26.789989 28.804193 67.814415
v 26.787161 28.851583 67.854919
v 26.786875 28.753572 67.855560
v 26.785370 28.753714 67.876259
v 26.785759 28.887144 67.875381
v 26.787056 28.887024 67.857552
v 26.790083 28.836176 67.814201
v 26.790333 28.840094 67.810890
v 26.790596 28.844133 67.807426
v 26.790867 28.848278 67.803825
v 26.791147 28.852499 67.800125
v 26.791431 28.856779 67.796356
v 26.791719 28.861092 67.792534
v 26.792009 28.865417 67.788689
v 26.792299 28.869732 67.784851
v 26.792587 28.874014 67.781044
v 26.792870 28.878239 67.777298
v 26.793146 28.882385 67.773636
v 26.793413 28.886433 67.770088
v 26.794703 28.886312 67.752365
v 26.778849 28.866804 67.969727
v 26.775665 28.867102 68.013519
v 26.775337 28.754646 68.014252
v 26.773825 28.754787 68.035065
v 26.774153 28.867241 68.034325
v 26.770937 28.867540 68.078575
v 26.770998 28.888519 68.078438
v 26.778910 28.887783 67.969589
v 26.769733 28.825994 68.093712
v 26.769724 28.822618 68.093750
v 26.769711 28.819344 68.093803
v 26.769699 28.816168 68.093872
v 26.769686 28.813091 68.093956
v 26.769670 28.810112 68.094055
v 26.769655 28.807232 68.094177
v 26.769638 28.804449 68.094322
v 26.769619 28.801764 68.094498
v 26.769598 28.799173 68.094688
v 26.769575 28.796682 68.094917
v 26.769550 28.794285 68.095177
v 26.769440 28.787088 68.096451
v 26.769295 28.780659 68.098244
v 26.769110 28.774967 68.100586
v 26.768885 28.769991 68.103508
v 26.768620 28.765705 68.107025
v 26.768309 28.762079 68.111176
v 26.767952 28.759092 68.115982
v 26.767548 28.756718 68.121475
v 26.767092 28.754929 68.127670
v 26.766584 28.753698 68.134605
v 26.766024 28.753004 68.142296
v 26.765406 28.752819 68.150787
v 26.764488 28.753454 68.163414
v 26.763725 28.755171 68.173981
v 26.763100 28.757961 68.182678
v 26.762600 28.761816 68.189674
v 26.762213 28.766729 68.195152
v 26.761927 28.772694 68.199303
v 26.761724 28.779699 68.202301
v 26.761597 28.787743 68.204338
v 26.761528 28.796812 68.205582
v 26.761507 28.806904 68.206223
v 26.761518 28.818008 68.206436
v 26.761549 28.830116 68.206413
v 26.761721 28.889038 68.206032
v 26.763243 28.888897 68.185104
v 26.763071 28.829975 68.185493
v 26.763062 28.826807 68.185516
v 26.763052 28.823719 68.185532
v 26.763044 28.820717 68.185539
v 26.763037 28.817799 68.185539
v 26.763031 28.814966 68.185516
v 26.763027 28.812222 68.185478
v 26.763025 28.809563 68.185425
v 26.763025 28.806995 68.185341
v 26.763027 28.804518 68.185226
v 26.763033 28.802134 68.185081
v 26.763041 28.799841 68.184898
v 26.763050 28.797642 68.184677
v 26.763090 28.793827 68.184013
v 26.763144 28.790358 68.183144
v 26.763220 28.787230 68.181999
v 26.763319 28.784439 68.180534
v 26.763449 28.781984 68.178688
v 26.763609 28.779860 68.176407
v 26.763807 28.778065 68.173622
v 26.764046 28.776596 68.170288
v 26.764330 28.775448 68.166351
v 26.764662 28.774620 68.161743
v 26.765049 28.774109 68.156410
v 26.765491 28.773909 68.150307
v 26.766050 28.774109 68.142639
v 26.766523 28.774860 68.136169
v 26.766918 28.776226 68.130783
v 26.767242 28.778265 68.126381
v 26.767506 28.781038 68.122864
v 26.767712 28.784609 68.120132
v 26.767872 28.789038 68.118088
v 26.767990 28.794384 68.116631
v 26.768078 28.800709 68.115654
v 26.768139 28.808075 68.115067
v 26.768181 28.816542 68.114754
v 26.768213 28.826172 68.114632
v 26.768394 28.888416 68.114220
v 26.769917 28.888275 68.093300
v 26.769745 28.829470 68.093689
v 26.759890 28.820921 68.228928
v 26.759871 28.816912 68.229057
v 26.759848 28.813107 68.229240
v 26.759823 28.809532 68.229462
v 26.759796 28.806213 68.229713
v 26.759771 28.803179 68.229973
v 26.759745 28.800451 68.230232
v 26.759722 28.798058 68.230476
v 26.759701 28.796024 68.230690
v 26.759686 28.794376 68.230858
v 26.759674 28.793139 68.230972
v 26.759668 28.792337 68.231018
v 26.759563 28.786678 68.232262
v 26.759403 28.781395 68.234299
v 26.759190 28.776512 68.237076
v 26.758924 28.772053 68.240562
v 26.758612 28.768038 68.244720
v 26.758255 28.764492 68.249512
v 26.757858 28.761436 68.254883
v 26.757420 28.758896 68.260811
v 26.756947 28.756891 68.267250
v 26.756441 28.755447 68.274162
v 26.755905 28.754585 68.281502
v 26.755342 28.754328 68.289238
v 26.754791 28.754679 68.296822
v 26.754269 28.755611 68.304054
v 26.753775 28.757113 68.310898
v 26.753315 28.759163 68.317291
v 26.752892 28.761749 68.323189
v 26.752508 28.764854 68.328552
v 26.752171 28.768461 68.333336
v 26.751879 28.772556 68.337486
v 26.751637 28.777119 68.340958
v 26.751450 28.782135 68.343704
v 26.751320 28.787590 68.345673
v 26.751249 28.793467 68.346832
v 26.751249 28.794500 68.346863
v 26.751245 28.795925 68.346962
v 26.751240 28.797714 68.347107
v 26.751232 28.799841 68.347298
v 26.751223 28.802280 68.347504
v 26.751213 28.805008 68.347733
v 26.751204 28.807993 68.347946
v 26.751196 28.811214 68.348160
v 26.751192 28.814642 68.348335
v 26.751190 28.818254 68.348473
v 26.751194 28.822021 68.348549
v 26.751204 28.825920 68.348564
v 26.751211 28.828259 68.348534
v 26.751221 28.830631 68.348488
v 26.751232 28.833029 68.348404
v 26.751245 28.835445 68.348305
v 26.751261 28.837877 68.348167
v 26.751278 28.840317 68.348015
v 26.751297 28.842760 68.347824
v 26.751320 28.845198 68.347610
v 26.751343 28.847626 68.347359
v 26.751369 28.850039 68.347084
v 26.751398 28.852430 68.346771
v 26.751429 28.854794 68.346428
v 26.751543 28.860378 68.345032
v 26.751713 28.865606 68.342888
v 26.751932 28.870455 68.340019
v 26.752201 28.874895 68.336487
v 26.752514 28.878902 68.332306
v 26.752871 28.882452 68.327530
v 26.753267 28.885517 68.322182
v 26.753700 28.888073 68.316315
v 26.754166 28.890093 68.309959
v 26.754665 28.891554 68.303146
v 26.755192 28.892427 68.295929
v 26.755745 28.892689 68.288330
v 26.756321 28.892319 68.280388
v 26.756861 28.891335 68.272942
v 26.757362 28.889767 68.266006
v 26.757822 28.887642 68.259613
v 26.758240 28.884993 68.253777
v 26.758614 28.881845 68.248528
v 26.758942 28.878229 68.243881
v 26.759224 28.874172 68.239868
v 26.759457 28.869705 68.236511
v 26.759640 28.864857 68.233833
v 26.759771 28.859653 68.231865
v 26.759848 28.854126 68.230614
v 26.759867 28.851709 68.230278
v 26.759882 28.849281 68.229988
v 26.759895 28.846848 68.229729
v 26.759905 28.844408 68.229515
v 26.759912 28.841967 68.229332
v 26.759916 28.839527 68.229179
v 26.759920 28.837093 68.229057
v 26.759920 28.834667 68.228973
v 26.759918 28.832254 68.228905
v 26.759916 28.829853 68.228867
v 26.759911 28.827471 68.228851
v 26.759905 28.825109 68.228859
v 26.758177 28.796276 68.251656
v 26.758188 28.797630 68.251549
v 26.758204 28.799271 68.251396
v 26.758221 28.801178 68.251213
v 26.758242 28.803337 68.250992
v 26.758265 28.805727 68.250771
v 26.758287 28.808329 68.250534
v 26.758310 28.811125 68.250320
v 26.758331 28.814096 68.250122
v 26.758352 28.817225 68.249962
v 26.758368 28.820490 68.249847
v 26.758381 28.823875 68.249794
v 26.758385 28.825874 68.249786
v 26.758389 28.827967 68.249809
v 26.758390 28.830135 68.249855
v 26.758390 28.832369 68.249924
v 26.758390 28.834654 68.250015
v 26.758387 28.836975 68.250137
v 26.758383 28.839321 68.250275
v 26.758377 28.841679 68.250435
v 26.758369 28.844032 68.250626
v 26.758360 28.846371 68.250832
v 26.758348 28.848677 68.251068
v 26.758335 28.850941 68.251328
v 26.758333 28.850712 68.251328
v 26.758278 28.853436 68.252197
v 26.758188 28.856075 68.253502
v 26.758068 28.858604 68.255234
v 26.757917 28.860994 68.257393
v 26.757736 28.863213 68.259964
v 26.757526 28.865234 68.262924
v 26.757286 28.867029 68.266281
v 26.757019 28.868568 68.270004
v 26.756725 28.869823 68.274101
v 26.756403 28.870766 68.278549
v 26.756056 28.871367 68.283340
v 26.755684 28.871597 68.288467
v 26.755297 28.871443 68.293777
v 26.754936 28.870920 68.298737
v 26.754601 28.870056 68.303322
v 26.754292 28.868881 68.307526
v 26.754011 28.867420 68.311333
v 26.753759 28.865700 68.314728
v 26.753538 28.863747 68.317711
v 26.753347 28.861588 68.320259
v 26.753189 28.859253 68.322357
v 26.753063 28.856766 68.324005
v 26.752972 28.854153 68.325180
v 26.752914 28.851444 68.325874
v 26.752886 28.849304 68.326210
v 26.752857 28.847128 68.326515
v 26.752832 28.844923 68.326782
v 26.752811 28.842707 68.327011
v 26.752790 28.840485 68.327217
v 26.752773 28.838272 68.327385
v 26.752756 28.836077 68.327530
v 26.752743 28.833914 68.327644
v 26.752731 28.831791 68.327736
v 26.752722 28.829720 68.327805
v 26.752714 28.827713 68.327850
v 26.752707 28.825779 68.327873
v 26.752699 28.822294 68.327866
v 26.752695 28.818905 68.327805
v 26.752695 28.815639 68.327698
v 26.752697 28.812517 68.327560
v 26.752703 28.809568 68.327393
v 26.752708 28.806818 68.327209
v 26.752718 28.804287 68.327019
v 26.752726 28.802004 68.326820
v 26.752733 28.799994 68.326637
v 26.752741 28.798281 68.326477
v 26.752748 28.796890 68.326340
v 26.752752 28.795849 68.326233
v 26.752798 28.793200 68.325516
v 26.752876 28.790613 68.324356
v 26.752987 28.788120 68.322762
v 26.753128 28.785753 68.320732
v 26.753304 28.783541 68.318268
v 26.753508 28.781517 68.315369
v 26.753746 28.779713 68.312042
v 26.754015 28.778158 68.308296
v 26.754314 28.776886 68.304123
v 26.754646 28.775927 68.299530
v 26.755009 28.775314 68.294525
v 26.755404 28.775078 68.289101
v 26.755796 28.775232 68.283699
v 26.756161 28.775755 68.278709
v 26.756495 28.776617 68.274132
v 26.756802 28.777792 68.269966
v 26.757076 28.779255 68.266212
v 26.757324 28.780975 68.262878
v 26.757542 28.782928 68.259956
v 26.757729 28.785088 68.257462
v 26.757885 28.787424 68.255379
v 26.758011 28.789911 68.253731
v 26.758106 28.792522 68.252495
v 26.758171 28.795229 68.251694
v 26.749292 28.790686 68.373657
v 26.749184 28.782700 68.374878
v 26.749023 28.776091 68.376877
v 26.748810 28.770731 68.379631
v 26.748543 28.766493 68.383148
v 26.748224 28.763247 68.387421
v 26.747854 28.760866 68.392441
v 26.747431 28.759222 68.398216
v 26.746954 28.758186 68.404732
v 26.746424 28.757631 68.411987
v 26.745844 28.757429 68.419983
v 26.745209 28.757450 68.428703
v 26.741203 28.757938 68.483810
v 26.741590 28.891140 68.482941
v 26.745365 28.890789 68.431030
v 26.745525 28.890774 68.428810
v 26.745684 28.890757 68.426643
v 26.745836 28.890732 68.424553
v 26.745983 28.890701 68.422516
v 26.746128 28.890659 68.420532
v 26.746267 28.890604 68.418617
v 26.746403 28.890533 68.416748
v 26.746534 28.890442 68.414932
v 26.746662 28.890329 68.413170
v 26.746786 28.890192 68.411461
v 26.746906 28.890028 68.409790
v 26.747025 28.889832 68.408173
v 26.747395 28.888933 68.403046
v 26.747725 28.887676 68.398460
v 26.748016 28.886049 68.394402
v 26.748270 28.884039 68.390839
v 26.748487 28.881630 68.387764
v 26.748671 28.878815 68.385162
v 26.748819 28.875576 68.383011
v 26.748936 28.871902 68.381294
v 26.749020 28.867781 68.380005
v 26.749073 28.863199 68.379105
v 26.749098 28.858145 68.378601
v 26.749094 28.852604 68.378456
v 26.749086 28.850536 68.378502
v 26.749073 28.848518 68.378616
v 26.749056 28.846552 68.378792
v 26.749033 28.844637 68.379044
v 26.749004 28.842779 68.379372
v 26.748970 28.840977 68.379776
v 26.748930 28.839231 68.380272
v 26.748884 28.837547 68.380844
v 26.748831 28.835922 68.381508
v 26.748772 28.834362 68.382271
v 26.748707 28.832865 68.383125
v 26.748634 28.831434 68.384087
v 26.748777 28.829702 68.382057
v 26.748901 28.827808 68.380272
v 26.749010 28.825752 68.378723
v 26.749100 28.823538 68.377403
v 26.749176 28.821165 68.376282
v 26.749237 28.818636 68.375366
v 26.749283 28.815952 68.374626
v 26.749317 28.813116 68.374062
v 26.749340 28.810131 68.373650
v 26.749353 28.806997 68.373375
v 26.749355 28.803719 68.373230
v 26.749350 28.800293 68.373199
v 26.749350 28.800179 68.373199
v 26.743074 28.839630 68.460808
v 26.743187 28.839615 68.459274
v 26.743298 28.839594 68.457741
v 26.743410 28.839573 68.456207
v 26.743521 28.839548 68.454666
v 26.743633 28.839523 68.453133
v 26.743744 28.839499 68.451599
v 26.743856 28.839476 68.450058
v 26.743969 28.839453 68.448509
v 26.744081 28.839434 68.446960
v 26.744194 28.839417 68.445396
v 26.744308 28.839403 68.443832
v 26.745821 28.839262 68.423019
v 26.746014 28.839268 68.420380
v 26.746191 28.839323 68.417931
v 26.746355 28.839422 68.415680
v 26.746508 28.839569 68.413605
v 26.746645 28.839758 68.411705
v 26.746773 28.839991 68.409973
v 26.746887 28.840265 68.408394
v 26.746992 28.840580 68.406975
v 26.747086 28.840935 68.405693
v 26.747169 28.841328 68.404556
v 26.747244 28.841757 68.403542
v 26.747311 28.842220 68.402649
v 26.747345 28.842531 68.402176
v 26.747377 28.842909 68.401733
v 26.747410 28.843361 68.401321
v 26.747438 28.843903 68.400948
v 26.747463 28.844545 68.400604
v 26.747488 28.845299 68.400299
v 26.747509 28.846178 68.400040
v 26.747528 28.847195 68.399818
v 26.747543 28.848358 68.399635
v 26.747557 28.849682 68.399506
v 26.747566 28.851179 68.399414
v 26.747574 28.852859 68.399384
v 26.747576 28.856541 68.399483
v 26.747555 28.859652 68.399864
v 26.747509 28.862242 68.400589
v 26.747433 28.864355 68.401703
v 26.747322 28.866045 68.403267
v 26.747177 28.867357 68.405334
v 26.746988 28.868343 68.407944
v 26.746756 28.869047 68.411163
v 26.746475 28.869522 68.415047
v 26.746141 28.869812 68.419640
v 26.745752 28.869968 68.424995
v 26.745304 28.870041 68.431168
v 26.743052 28.870251 68.462151
v 26.742962 28.839643 68.462349
v 26.747829 28.804447 68.394234
v 26.747808 28.807814 68.394646
v 26.747759 28.810589 68.395416
v 26.747679 28.812832 68.396591
v 26.747564 28.814600 68.398224
v 26.747412 28.815952 68.400368
v 26.747219 28.816946 68.403061
v 26.746981 28.817636 68.406357
v 26.746695 28.818083 68.410309
v 26.746357 28.818344 68.414963
v 26.745962 28.818476 68.420380
v 26.745512 28.818537 68.426590
v 26.742901 28.818781 68.462486
v 26.742785 28.778660 68.462753
v 26.743111 28.778690 68.458275
v 26.743435 28.778728 68.453812
v 26.743759 28.778772 68.449356
v 26.744081 28.778818 68.444916
v 26.744404 28.778864 68.440483
v 26.744726 28.778908 68.436050
v 26.745049 28.778948 68.431618
v 26.745371 28.778978 68.427185
v 26.745695 28.779001 68.422745
v 26.746017 28.779011 68.418297
v 26.746342 28.779007 68.413834
v 26.746668 28.778986 68.409355
v 26.746841 28.779343 68.406990
v 26.747000 28.779842 68.404816
v 26.747147 28.780518 68.402840
v 26.747278 28.781404 68.401054
v 26.747395 28.782539 68.399475
v 26.747499 28.783953 68.398087
v 26.747589 28.785685 68.396912
v 26.747665 28.787769 68.395935
v 26.747728 28.790239 68.395164
v 26.747776 28.793131 68.394608
v 26.747808 28.796480 68.394257
v 26.747828 28.800320 68.394119
v 26.747828 28.800434 68.394119
v 26.732637 28.788319 68.602638
v 26.732555 28.785944 68.603668
v 26.732473 28.783514 68.604729
v 26.732389 28.781040 68.605804
v 26.732304 28.778534 68.606895
v 26.732218 28.776009 68.607994
v 26.732132 28.773474 68.609093
v 26.732046 28.770941 68.610184
v 26.731960 28.768421 68.611259
v 26.731878 28.765926 68.612320
v 26.731798 28.763470 68.613342
v 26.731720 28.761061 68.614342
v 26.731644 28.758713 68.615295
v 26.729982 28.758867 68.638161
v 26.734426 28.891577 68.581490
v 26.736088 28.891422 68.558624
v 26.739756 28.757957 68.503708
v 26.738102 28.758112 68.526459
v 26.737291 28.787884 68.538612
v 26.736570 28.813841 68.549385
v 26.736441 28.818617 68.551331
v 26.736315 28.823277 68.553238
v 26.736189 28.827848 68.555115
v 26.736065 28.832361 68.556969
v 26.735941 28.836842 68.558815
v 26.735819 28.841322 68.560661
v 26.735695 28.845827 68.562515
v 26.735569 28.850388 68.564384
v 26.735441 28.855030 68.566292
v 26.735312 28.859783 68.568237
v 26.735178 28.864676 68.570236
v 26.735014 28.859785 68.572342
v 26.734854 28.855038 68.574387
v 26.734697 28.850405 68.576370
v 26.734545 28.845858 68.578316
v 26.734396 28.841372 68.580231
v 26.734245 28.836914 68.582138
v 26.734097 28.832460 68.584038
v 26.733946 28.827980 68.585960
v 26.733793 28.823446 68.587906
v 26.733639 28.818830 68.589890
v 26.733479 28.814104 68.591927
v 26.733313 28.809238 68.594040
v 26.736704 28.808922 68.547394
v 26.758093 28.829691 67.702385
v 26.763311 28.829205 67.630585
v 26.763250 28.808342 67.630722
v 26.758032 28.808826 67.702522
v 26.757929 28.773520 67.702751
v 26.763647 28.772987 67.624092
v 26.763586 28.752125 67.624229
v 26.756348 28.752798 67.723816
v 26.756735 28.886116 67.722939
v 26.763975 28.885443 67.623360
v 26.763914 28.864580 67.623497
v 26.758196 28.865112 67.702156
v 26.754419 28.752977 67.750336
v 26.752922 28.753117 67.770920
v 26.753208 28.851013 67.770279
v 26.752974 28.847523 67.773384
v 26.752728 28.843849 67.776649
v 26.752472 28.840027 67.780037
v 26.752209 28.836090 67.783524
v 26.751940 28.832067 67.787079
v 26.751669 28.827995 67.790680
v 26.751396 28.823902 67.794289
v 26.751125 28.819824 67.797874
v 26.750856 28.815790 67.801422
v 26.750595 28.811836 67.804901
v 26.750340 28.807991 67.808273
v 26.750095 28.804291 67.811516
v 26.747265 28.851681 67.852020
v 26.746979 28.753670 67.852661
v 26.745476 28.753811 67.873360
v 26.745865 28.887241 67.872482
v 26.747160 28.887121 67.854645
v 26.750189 28.836273 67.811302
v 26.750439 28.840191 67.807991
v 26.750702 28.844231 67.804520
v 26.750973 28.848375 67.800926
v 26.751251 28.852596 67.797226
v 26.751537 28.856876 67.793449
v 26.751825 28.861189 67.789635
v 26.752115 28.865515 67.785789
v 26.752405 28.869829 67.781952
v 26.752691 28.874111 67.778145
v 26.752975 28.878336 67.774399
v 26.753252 28.882483 67.770737
v 26.753519 28.886530 67.767181
v 26.754807 28.886410 67.749466
v 26.738955 28.866901 67.966827
v 26.735771 28.867199 68.010620
v 26.735443 28.754744 68.011353
v 26.733931 28.754885 68.032166
v 26.734259 28.867338 68.031425
v 26.731041 28.867638 68.075668
v 26.731104 28.888617 68.075531
v 26.739016 28.887880 67.966690
v 26.729839 28.826092 68.090813
v 26.729828 28.822716 68.090851
v 26.729816 28.819441 68.090904
v 26.729805 28.816265 68.090973
v 26.729792 28.813189 68.091049
v 26.729776 28.810209 68.091156
v 26.729759 28.807329 68.091278
v 26.729742 28.804546 68.091423
v 26.729723 28.801861 68.091591
v 26.729704 28.799271 68.091789
v 26.729681 28.796780 68.092018
v 26.729656 28.794382 68.092270
v 26.729546 28.787186 68.093544
v 26.729401 28.780756 68.095345
v 26.729216 28.775064 68.097687
v 26.728991 28.770088 68.100609
v 26.728725 28.765802 68.104126
v 26.728415 28.762177 68.108276
v 26.728058 28.759190 68.113083
v 26.727652 28.756815 68.118568
v 26.727198 28.755026 68.124771
v 26.726690 28.753796 68.131699
v 26.726130 28.753101 68.139397
v 26.725512 28.752916 68.147881
v 26.724594 28.753551 68.160515
v 26.723829 28.755268 68.171082
v 26.723206 28.758059 68.179771
v 26.722706 28.761913 68.186768
v 26.722319 28.766827 68.192253
v 26.722033 28.772791 68.196404
v 26.721830 28.779797 68.199402
v 26.721703 28.787840 68.201431
v 26.721634 28.796909 68.202682
v 26.721613 28.807001 68.203323
v 26.721622 28.818106 68.203537
v 26.721655 28.830214 68.203514
v 26.721827 28.889135 68.203133
v 26.723347 28.888994 68.182205
v 26.723175 28.830072 68.182594
v 26.723166 28.826904 68.182610
v 26.723158 28.823816 68.182632
v 26.723150 28.820814 68.182640
v 26.723143 28.817896 68.182632
v 26.723137 28.815063 68.182617
v 26.723133 28.812319 68.182579
v 26.723131 28.809660 68.182526
v 26.723131 28.807093 68.182442
v 26.723133 28.804615 68.182327
v 26.723137 28.802231 68.182182
v 26.723145 28.799938 68.181999
v 26.723156 28.797739 68.181778
v 26.723194 28.793924 68.181114
v 26.723249 28.790455 68.180244
v 26.723326 28.787327 68.179100
v 26.723425 28.784536 68.177635
v 26.723553 28.782082 68.175789
v 26.723715 28.779957 68.173500
v 26.723911 28.778162 68.170723
v 26.724152 28.776693 68.167389
v 26.724434 28.775545 68.163445
v 26.724768 28.774717 68.158836
v 26.725155 28.774206 68.153511
v 26.725597 28.774006 68.147400
v 26.726156 28.774206 68.139740
v 26.726627 28.774958 68.133263
v 26.727022 28.776323 68.127876
v 26.727348 28.778362 68.123474
v 26.727610 28.781136 68.119965
v 26.727818 28.784706 68.117233
v 26.727978 28.789135 68.115189
v 26.728096 28.794481 68.113731
v 26.728182 28.800806 68.112755
v 26.728243 28.808172 68.112160
v 26.728287 28.816639 68.111855
v 26.728319 28.826269 68.111732
v 26.728500 28.888514 68.111320
v 26.730022 28.888372 68.090401
v 26.729851 28.829567 68.090782
v 26.719995 28.821018 68.226021
v 26.719976 28.817009 68.226158
v 26.719954 28.813204 68.226341
v 26.719929 28.809629 68.226562
v 26.719902 28.806311 68.226814
v 26.719875 28.803276 68.227074
v 26.719851 28.800549 68.227333
v 26.719828 28.798155 68.227577
v 26.719807 28.796122 68.227791
v 26.719790 28.794474 68.227959
v 26.719778 28.793236 68.228073
v 26.719774 28.792435 68.228119
v 26.719669 28.786776 68.229362
v 26.719509 28.781492 68.231392
v 26.719296 28.776609 68.234177
v 26.719030 28.772150 68.237663
v 26.718718 28.768135 68.241821
v 26.718361 28.764589 68.246605
v 26.717962 28.761534 68.251984
v 26.717525 28.758993 68.257912
v 26.717052 28.756989 68.264351
v 26.716547 28.755545 68.271255
v 26.716011 28.754683 68.278603
v 26.715448 28.754425 68.286331
v 26.714897 28.754776 68.293922
v 26.714373 28.755709 68.301155
v 26.713881 28.757210 68.307991
v 26.713419 28.759260 68.314384
v 26.712997 28.761847 68.320290
v 26.712614 28.764952 68.325653
v 26.712276 28.768559 68.330437
v 26.711985 28.772654 68.334579
v 26.711742 28.777216 68.338051
v 26.711555 28.782232 68.340797
v 26.711426 28.787687 68.342773
v 26.711355 28.793564 68.343933
v 26.711355 28.794598 68.343964
v 26.711351 28.796022 68.344063
v 26.711346 28.797812 68.344208
v 26.711336 28.799938 68.344391
v 26.711329 28.802378 68.344604
v 26.711319 28.805105 68.344826
v 26.711309 28.808090 68.345047
v 26.711302 28.811312 68.345253
v 26.711298 28.814739 68.345436
v 26.711296 28.818352 68.345566
v 26.711300 28.822119 68.345650
v 26.711308 28.826017 68.345665
v 26.711315 28.828356 68.345634
v 26.711325 28.830729 68.345581
v 26.711338 28.833126 68.345505
v 26.711351 28.835543 68.345398
v 26.711367 28.837975 68.345268
v 26.711384 28.840414 68.345108
v 26.711403 28.842857 68.344925
v 26.711426 28.845295 68.344704
v 26.711449 28.847723 68.344460
v 26.711475 28.850136 68.344185
v 26.711504 28.852528 68.343872
v 26.711535 28.854891 68.343529
v 26.711649 28.860476 68.342133
v 26.711819 28.865704 68.339981
v 26.712038 28.870552 68.337120
v 26.712307 28.874992 68.333580
v 26.712620 28.879000 68.329407
v 26.712976 28.882549 68.324623
v 26.713371 28.885614 68.319283
v 26.713804 28.888170 68.313416
v 26.714272 28.890190 68.307060
v 26.714771 28.891651 68.300247
v 26.715298 28.892525 68.293030
v 26.715851 28.892786 68.285431
v 26.716427 28.892416 68.277489
v 26.716967 28.891432 68.270042
v 26.717466 28.889864 68.263107
v 26.717926 28.887739 68.256714
v 26.718346 28.885090 68.250877
v 26.718719 28.881943 68.245621
v 26.719048 28.878326 68.240982
v 26.719330 28.874269 68.236969
v 26.719563 28.869802 68.233612
v 26.719746 28.864954 68.230934
v 26.719877 28.859751 68.228958
v 26.719954 28.854223 68.227715
v 26.719973 28.851807 68.227379
v 26.719988 28.849379 68.227081
v 26.719999 28.846945 68.226830
v 26.720011 28.844505 68.226608
v 26.720018 28.842064 68.226425
v 26.720022 28.839624 68.226280
v 26.720026 28.837191 68.226158
v 26.720026 28.834764 68.226067
v 26.720024 28.832352 68.226006
v 26.720022 28.829950 68.225967
v 26.720016 28.827568 68.225952
v 26.720011 28.825207 68.225960
v 26.718283 28.796373 68.248749
v 26.718294 28.797728 68.248650
v 26.718309 28.799368 68.248497
v 26.718327 28.801275 68.248306
v 26.718348 28.803434 68.248093
v 26.718370 28.805824 68.247864
v 26.718393 28.808426 68.247635
v 26.718416 28.811222 68.247421
v 26.718437 28.814194 68.247223
v 26.718456 28.817322 68.247063
v 26.718473 28.820587 68.246948
v 26.718485 28.823973 68.246887
v 26.718491 28.825972 68.246887
v 26.718494 28.828064 68.246910
v 26.718496 28.830233 68.246956
v 26.718496 28.832466 68.247025
v 26.718494 28.834751 68.247116
v 26.718493 28.837072 68.247231
v 26.718489 28.839418 68.247375
v 26.718481 28.841776 68.247536
v 26.718473 28.844130 68.247719
v 26.718464 28.846468 68.247932
v 26.718452 28.848774 68.248169
v 26.718439 28.851038 68.248428
v 26.718439 28.850809 68.248428
v 26.718382 28.853533 68.249290
v 26.718294 28.856173 68.250603
v 26.718174 28.858702 68.252335
v 26.718023 28.861092 68.254494
v 26.717842 28.863310 68.257057
v 26.717630 28.865332 68.260025
v 26.717392 28.867126 68.263374
v 26.717125 28.868666 68.267105
v 26.716829 28.869921 68.271202
v 26.716509 28.870863 68.275650
v 26.716162 28.871464 68.280441
v 26.715790 28.871695 68.285568
v 26.715403 28.871540 68.290878
v 26.715042 28.871017 68.295837
v 26.714706 28.870153 68.300423
v 26.714397 28.868979 68.304619
v 26.714117 28.867517 68.308434
v 26.713865 28.865797 68.311829
v 26.713644 28.863844 68.314812
v 26.713453 28.861685 68.317360
v 26.713295 28.859350 68.319458
v 26.713169 28.856863 68.321106
v 26.713078 28.854250 68.322281
v 26.713020 28.851542 68.322968
v 26.712990 28.849401 68.323311
v 26.712963 28.847225 68.323608
v 26.712938 28.845020 68.323875
v 26.712915 28.842804 68.324112
v 26.712896 28.840582 68.324318
v 26.712879 28.838369 68.324486
v 26.712862 28.836174 68.324631
v 26.712849 28.834011 68.324745
v 26.712837 28.831888 68.324837
v 26.712828 28.829817 68.324905
v 26.712818 28.827810 68.324944
v 26.712812 28.825876 68.324966
v 26.712805 28.822392 68.324959
v 26.712801 28.819002 68.324905
v 26.712801 28.815735 68.324799
v 26.712803 28.812614 68.324661
v 26.712809 28.809666 68.324493
v 26.712814 28.806915 68.324310
v 26.712822 28.804384 68.324112
v 26.712831 28.802101 68.323921
v 26.712839 28.800091 68.323738
v 26.712847 28.798378 68.323578
v 26.712854 28.796988 68.323441
v 26.712858 28.795946 68.323334
v 26.712904 28.793297 68.322617
v 26.712982 28.790710 68.321457
v 26.713093 28.788218 68.319862
v 26.713234 28.785851 68.317825
v 26.713408 28.783638 68.315361
v 26.713614 28.781614 68.312469
v 26.713852 28.779810 68.309143
v 26.714121 28.778255 68.305397
v 26.714420 28.776983 68.301224
v 26.714752 28.776024 68.296631
v 26.715115 28.775412 68.291626
v 26.715508 28.775175 68.286201
v 26.715900 28.775330 68.280800
v 26.716265 28.775852 68.275810
v 26.716600 28.776714 68.271233
v 26.716906 28.777889 68.267067
v 26.717182 28.779352 68.263313
v 26.717430 28.781073 68.259979
v 26.717646 28.783026 68.257057
v 26.717833 28.785185 68.254562
v 26.717991 28.787521 68.252480
v 26.718117 28.790009 68.250824
v 26.718212 28.792620 68.249596
v 26.718277 28.795326 68.248795
v 26.709398 28.790783 68.370750
v 26.709290 28.782797 68.371979
v 26.709127 28.776188 68.373970
v 26.708916 28.770828 68.376732
v 26.708649 28.766590 68.380249
v 26.708330 28.763344 68.384521
v 26.707958 28.760963 68.389542
v 26.707535 28.759319 68.395317
v 26.707060 28.758284 68.401833
v 26.706530 28.757729 68.409088
v 26.705948 28.757526 68.417076
v 26.705315 28.757547 68.425804
v 26.701309 28.758036 68.480911
v 26.701696 28.891237 68.480034
v 26.705469 28.890886 68.428131
v 26.705631 28.890871 68.425903
v 26.705790 28.890854 68.423744
v 26.705942 28.890829 68.421646
v 26.706089 28.890799 68.419609
v 26.706232 28.890757 68.417633
v 26.706373 28.890701 68.415710
v 26.706509 28.890631 68.413849
v 26.706640 28.890539 68.412033
v 26.706768 28.890427 68.410271
v 26.706892 28.890289 68.408554
v 26.707012 28.890125 68.406891
v 26.707130 28.889929 68.405273
v 26.707500 28.889030 68.400146
v 26.707830 28.887774 68.395561
v 26.708122 28.886147 68.391495
v 26.708376 28.884136 68.387939
v 26.708593 28.881727 68.384865
v 26.708776 28.878912 68.382263
v 26.708925 28.875673 68.380112
v 26.709040 28.872000 68.378395
v 26.709124 28.867878 68.377098
v 26.709179 28.863297 68.376205
v 26.709204 28.858242 68.375702
v 26.709200 28.852701 68.375557
v 26.709190 28.850634 68.375603
v 26.709179 28.848616 68.375717
v 26.709160 28.846649 68.375893
v 26.709137 28.844734 68.376144
v 26.709108 28.842876 68.376472
v 26.709076 28.841074 68.376877
v 26.709036 28.839329 68.377365
v 26.708990 28.837645 68.377945
v 26.708937 28.836020 68.378609
v 26.708878 28.834459 68.379372
v 26.708813 28.832962 68.380226
v 26.708738 28.831532 68.381187
v 26.708883 28.829800 68.379150
v 26.709007 28.827906 68.377373
v 26.709114 28.825850 68.375824
v 26.709206 28.823635 68.374496
v 26.709282 28.821262 68.373383
v 26.709341 28.818733 68.372467
v 26.709389 28.816050 68.371727
v 26.709423 28.813213 68.371162
v 26.709446 28.810228 68.370743
v 26.709457 28.807095 68.370476
v 26.709461 28.803816 68.370331
v 26.709454 28.800390 68.370300
v 26.709454 28.800276 68.370300
v 26.703180 28.839727 68.457909
v 26.703291 28.839712 68.456375
v 26.703403 28.839691 68.454834
v 26.703514 28.839670 68.453300
v 26.703627 28.839645 68.451767
v 26.703737 28.839621 68.450233
v 26.703850 28.839596 68.448700
v 26.703962 28.839573 68.447159
v 26.704075 28.839550 68.445610
v 26.704187 28.839531 68.444054
v 26.704300 28.839514 68.442497
v 26.704414 28.839500 68.440933
v 26.705927 28.839359 68.420120
v 26.706120 28.839365 68.417480
v 26.706297 28.839420 68.415031
v 26.706461 28.839520 68.412781
v 26.706612 28.839666 68.410706
v 26.706751 28.839855 68.408806
v 26.706877 28.840088 68.407066
v 26.706993 28.840363 68.405495
v 26.707096 28.840677 68.404076
v 26.707191 28.841032 68.402794
v 26.707275 28.841425 68.401657
v 26.707350 28.841854 68.400642
v 26.707415 28.842318 68.399750
v 26.707451 28.842628 68.399277
v 26.707483 28.843006 68.398834
v 26.707514 28.843458 68.398422
v 26.707542 28.844000 68.398048
v 26.707569 28.844643 68.397705
v 26.707594 28.845396 68.397400
v 26.707615 28.846275 68.397141
v 26.707634 28.847292 68.396912
v 26.707649 28.848455 68.396736
v 26.707663 28.849779 68.396606
v 26.707672 28.851276 68.396515
v 26.707680 28.852957 68.396477
v 26.707682 28.856638 68.396576
v 26.707661 28.859749 68.396965
v 26.707613 28.862339 68.397690
v 26.707539 28.864452 68.398804
v 26.707428 28.866142 68.400368
v 26.707281 28.867455 68.402428
v 26.707094 28.868441 68.405045
v 26.706861 28.869144 68.408264
v 26.706581 28.869619 68.412148
v 26.706247 28.869909 68.416733
v 26.705858 28.870066 68.422089
v 26.705410 28.870138 68.428268
v 26.703157 28.870348 68.459251
v 26.703068 28.839741 68.459450
v 26.707935 28.804544 68.391327
v 26.707914 28.807911 68.391747
v 26.707865 28.810686 68.392517
v 26.707785 28.812929 68.393692
v 26.707670 28.814697 68.395325
v 26.707518 28.816050 68.397469
v 26.707323 28.817043 68.400162
v 26.707087 28.817734 68.403458
v 26.706799 28.818180 68.407410
v 26.706461 28.818441 68.412064
v 26.706068 28.818573 68.417473
v 26.705616 28.818634 68.423691
v 26.703007 28.818878 68.459587
v 26.702890 28.778757 68.459854
v 26.703217 28.778788 68.455376
v 26.703541 28.778826 68.450912
v 26.703865 28.778870 68.446457
v 26.704187 28.778915 68.442017
v 26.704510 28.778961 68.437584
v 26.704832 28.779005 68.433151
v 26.705154 28.779045 68.428719
v 26.705477 28.779076 68.424286
v 26.705799 28.779099 68.419846
v 26.706123 28.779108 68.415398
v 26.706448 28.779104 68.410934
v 26.706774 28.779083 68.406456
v 26.706947 28.779440 68.404091
v 26.707106 28.779940 68.401917
v 26.707251 28.780615 68.399940
v 26.707382 28.781502 68.398155
v 26.707500 28.782637 68.396568
v 26.707605 28.784050 68.395187
v 26.707695 28.785782 68.394005
v 26.707771 28.787867 68.393028
v 26.707832 28.790337 68.392265
v 26.707880 28.793228 68.391701
v 26.707914 28.796577 68.391357
v 26.707933 28.800417 68.391220
v 26.707933 28.800531 68.391220
v 26.692741 28.788416 68.599731
v 26.692661 28.786041 68.600769
v 26.692579 28.783611 68.601822
v 26.692493 28.781137 68.602905
v 26.692408 28.778631 68.603996
v 26.692322 28.776106 68.605095
v 26.692236 28.773571 68.606194
v 26.692150 28.771038 68.607285
v 26.692066 28.768518 68.608360
v 26.691984 28.766024 68.609413
v 26.691902 28.763567 68.610443
v 26.691824 28.761158 68.611435
v 26.691750 28.758810 68.612389
v 26.690088 28.758965 68.635254
v 26.694530 28.891674 68.578590
v 26.696194 28.891520 68.555725
v 26.699862 28.758055 68.500801
v 26.698208 28.758209 68.523560
v 26.697397 28.787981 68.535713
v 26.696676 28.813938 68.546486
v 26.696547 28.818714 68.548431
v 26.696419 28.823374 68.550339
v 26.696295 28.827946 68.552216
v 26.696171 28.832458 68.554070
v 26.696047 28.836939 68.555916
v 26.695925 28.841419 68.557755
v 26.695801 28.845924 68.559608
v 26.695675 28.850485 68.561485
v 26.695547 28.855127 68.563393
v 26.695417 28.859880 68.565338
v 26.695284 28.864773 68.567337
v 26.695120 28.859882 68.569443
v 26.694960 28.855135 68.571487
v 26.694803 28.850502 68.573471
v 26.694651 28.845955 68.575417
v 26.694500 28.841469 68.577332
v 26.694351 28.837011 68.579239
v 26.694202 28.832558 68.581139
v 26.694052 28.828077 68.583054
v 26.693899 28.823544 68.584999
v 26.693743 28.818928 68.586990
v 26.693584 28.814201 68.589027
v 26.693419 28.809336 68.591133
v 26.696810 28.809019 68.544487
v 26.692741 28.788416 68.599731
v 26.732637 28.788319 68.602638
v 26.692661 28.786041 68.600769
v 26.732555 28.785944 68.603668
v 26.692579 28.783611 68.601822
v 26.732473 28.783514 68.604729
v 26.692493 28.781137 68.602905
v 26.732389 28.781040 68.605804
v 26.692408 28.778631 68.603996
v 26.732304 28.778534 68.606895
v 26.692322 28.776106 68.605095
v 26.732218 28.776009 68.607994
v 26.692236 28.773571 68.606194
v 26.732132 28.773474 68.609093
v 26.692150 28.771038 68.607285
v 26.732046 28.770941 68.610184
v 26.692066 28.768518 68.608360
v 26.731960 28.768421 68.611259
v 26.691984 28.766024 68.609413
v 26.731878 28.765926 68.612320
v 26.691902 28.763567 68.610443
v 26.731798 28.763470 68.613342
v 26.691824 28.761158 68.611435
v 26.731720 28.761061 68.614342
v 26.691750 28.758810 68.612389
v 26.731644 28.758713 68.615295
v 26.690088 28.758965 68.635254
v 26.729982 28.758867 68.638161
v 26.694530 28.891674 68.578590
v 26.734426 28.891577 68.581490
v 26.696194 28.891520 68.555725
v 26.736088 28.891422 68.558624
v 26.699862 28.758055 68.500801
v 26.739756 28.757957 68.503708
v 26.698208 28.758209 68.523560
v 26.738102 28.758112 68.526459
v 26.697397 28.787981 68.535713
v 26.737291 28.787884 68.538612
v 26.696676 28.813938 68.546486
v 26.736570 28.813841 68.549385
v 26.696547 28.818714 68.548431
v 26.736441 28.818617 68.551331
v 26.696419 28.823374 68.550339
v 26.736315 28.823277 68.553238
v 26.696295 28.827946 68.552216
v 26.736189 28.827848 68.555115
v 26.696171 28.832458 68.554070
v 26.736065 28.832361 68.556969
v 26.696047 28.836939 68.555916
v 26.735941 28.836842 68.558815
v 26.695925 28.841419 68.557755
v 26.735819 28.841322 68.560661
v 26.695801 28.845924 68.559608
v 26.735695 28.845827 68.562515
v 26.695675 28.850485 68.561485
v 26.735569 28.850388 68.564384
v 26.695547 28.855127 68.563393
v 26.735441 28.855030 68.566292
v 26.695417 28.859880 68.565338
v 26.735312 28.859783 68.568237
v 26.695284 28.864773 68.567337
v 26.735178 28.864676 68.570236
v 26.695120 28.859882 68.569443
v 26.735014 28.859785 68.572342
v 26.694960 28.855135 68.571487
v 26.734854 28.855038 68.574387
v 26.694803 28.850502 68.573471
v 26.734697 28.850405 68.576370
v 26.694651 28.845955 68.575417
v 26.734545 28.845858 68.578316
v 26.694500 28.841469 68.577332
v 26.734396 28.841372 68.580231
v 26.694351 28.837011 68.579239
v 26.734245 28.836914 68.582138
v 26.694202 28.832558 68.581139
v 26.734097 28.832460 68.584038
v 26.694052 28.828077 68.583054
v 26.733946 28.827980 68.585960
v 26.693899 28.823544 68.584999
v 26.733793 28.823446 68.587906
v 26.693743 28.818928 68.586990
v 26.733639 28.818830 68.589890
v 26.693584 28.814201 68.589027
v 26.733479 28.814104 68.591927
v 26.693419 28.809336 68.591133
v 26.733313 28.809238 68.594040
v 26.696810 28.809019 68.544487
v 26.736704 28.808922 68.547394
v 26.709398 28.790783 68.370750
v 26.749292 28.790686 68.373657
v 26.709290 28.782797 68.371979
v 26.749184 28.782700 68.374878
v 26.709127 28.776188 68.373970
v 26.749023 28.776091 68.376877
v 26.708916 28.770828 68.376732
v 26.748810 28.770731 68.379631
v 26.708649 28.766590 68.380249
v 26.748543 28.766493 68.383148
v 26.708330 28.763344 68.384521
v 26.748224 28.763247 68.387421
v 26.707958 28.760963 68.389542
v 26.747854 28.760866 68.392441
v 26.707535 28.759319 68.395317
v 26.747431 28.759222 68.398216
v 26.707060 28.758284 68.401833
v 26.746954 28.758186 68.404732
v 26.706530 28.757729 68.409088
v 26.746424 28.757631 68.411987
v 26.705948 28.757526 68.417076
v 26.745844 28.757429 68.419983
v 26.705315 28.757547 68.425804
v 26.745209 28.757450 68.428703
v 26.701309 28.758036 68.480911
v 26.741203 28.757938 68.483810
v 26.701696 28.891237 68.480034
v 26.741590 28.891140 68.482941
v 26.705469 28.890886 68.428131
v 26.745365 28.890789 68.431030
v 26.705631 28.890871 68.425903
v 26.745525 28.890774 68.428810
v 26.705790 28.890854 68.423744
v 26.745684 28.890757 68.426643
v 26.705942 28.890829 68.421646
v 26.745836 28.890732 68.424553
v 26.706089 28.890799 68.419609
v 26.745983 28.890701 68.422516
v 26.706232 28.890757 68.417633
v 26.746128 28.890659 68.420532
v 26.706373 28.890701 68.415710
v 26.746267 28.890604 68.418617
v 26.706509 28.890631 68.413849
v 26.746403 28.890533 68.416748
v 26.706640 28.890539 68.412033
v 26.746534 28.890442 68.414932
v 26.706768 28.890427 68.410271
v 26.746662 28.890329 68.413170
v 26.706892 28.890289 68.408554
v 26.746786 28.890192 68.411461
v 26.707012 28.890125 68.406891
v 26.746906 28.890028 68.409790
v 26.707130 28.889929 68.405273
v 26.747025 28.889832 68.408173
v 26.707500 28.889030 68.400146
v 26.747395 28.888933 68.403046
v 26.707830 28.887774 68.395561
v 26.747725 28.887676 68.398460
v 26.708122 28.886147 68.391495
v 26.748016 28.886049 68.394402
v 26.708376 28.884136 68.387939
v 26.748270 28.884039 68.390839
v 26.708593 28.881727 68.384865
v 26.748487 28.881630 68.387764
v 26.708776 28.878912 68.382263
v 26.748671 28.878815 68.385162
v 26.708925 28.875673 68.380112
v 26.748819 28.875576 68.383011
v 26.709040 28.872000 68.378395
v 26.748936 28.871902 68.381294
v 26.709124 28.867878 68.377098
v 26.749020 28.867781 68.380005
v 26.709179 28.863297 68.376205
v 26.749073 28.863199 68.379105
v 26.709204 28.858242 68.375702
v 26.749098 28.858145 68.378601
v 26.709200 28.852701 68.375557
v 26.749094 28.852604 68.378456
v 26.709190 28.850634 68.375603
v 26.749086 28.850536 68.378502
v 26.709179 28.848616 68.375717
v 26.749073 28.848518 68.378616
v 26.709160 28.846649 68.375893
v 26.749056 28.846552 68.378792
v 26.709137 28.844734 68.376144
v 26.749033 28.844637 68.379044
v 26.709108 28.842876 68.376472
v 26.749004 28.842779 68.379372
v 26.709076 28.841074 68.376877
v 26.748970 28.840977 68.379776
v 26.709036 28.839329 68.377365
v 26.748930 28.839231 68.380272
v 26.708990 28.837645 68.377945
v 26.748884 28.837547 68.380844
v 26.708937 28.836020 68.378609
v 26.748831 28.835922 68.381508
v 26.708878 28.834459 68.379372
v 26.748772 28.834362 68.382271
v 26.708813 28.832962 68.380226
v 26.748707 28.832865 68.383125
v 26.708738 28.831532 68.381187
v 26.748634 28.831434 68.384087
v 26.708883 28.829800 68.379150
v 26.748777 28.829702 68.382057
v 26.709007 28.827906 68.377373
v 26.748901 28.827808 68.380272
v 26.709114 28.825850 68.375824
v 26.749010 28.825752 68.378723
v 26.709206 28.823635 68.374496
v 26.749100 28.823538 68.377403
v 26.709282 28.821262 68.373383
v 26.749176 28.821165 68.376282
v 26.709341 28.818733 68.372467
v 26.749237 28.818636 68.375366
v 26.709389 28.816050 68.371727
v 26.749283 28.815952 68.374626
v 26.709423 28.813213 68.371162
v 26.749317 28.813116 68.374062
v 26.709446 28.810228 68.370743
v 26.749340 28.810131 68.373650
v 26.709457 28.807095 68.370476
v 26.749353 28.806997 68.373375
v 26.709461 28.803816 68.370331
v 26.749355 28.803719 68.373230
v 26.709454 28.800390 68.370300
v 26.749350 28.800293 68.373199
v 26.709454 28.800276 68.370300
v 26.749350 28.800179 68.373199
v 26.703180 28.839727 68.457909
v 26.743074 28.839630 68.460808
v 26.703291 28.839712 68.456375
v 26.743187 28.839615 68.459274
v 26.703403 28.839691 68.454834
v 26.743298 28.839594 68.457741
v 26.703514 28.839670 68.453300
v 26.743410 28.839573 68.456207
v 26.703627 28.839645 68.451767
v 26.743521 28.839548 68.454666
v 26.703737 28.839621 68.450233
v 26.743633 28.839523 68.453133
v 26.703850 28.839596 68.448700
v 26.743744 28.839499 68.451599
v 26.703962 28.839573 68.447159
v 26.743856 28.839476 68.450058
v 26.704075 28.839550 68.445610
v 26.743969 28.839453 68.448509
v 26.704187 28.839531 68.444054
v 26.744081 28.839434 68.446960
v 26.704300 28.839514 68.442497
v 26.744194 28.839417 68.445396
v 26.704414 28.839500 68.440933
v 26.744308 28.839403 68.443832
v 26.705927 28.839359 68.420120
v 26.745821 28.839262 68.423019
v 26.706120 28.839365 68.417480
v 26.746014 28.839268 68.420380
v 26.706297 28.839420 68.415031
v 26.746191 28.839323 68.417931
v 26.706461 28.839520 68.412781
v 26.746355 28.839422 68.415680
v 26.706612 28.839666 68.410706
v 26.746508 28.839569 68.413605
v 26.706751 28.839855 68.408806
v 26.746645 28.839758 68.411705
v 26.706877 28.840088 68.407066
v 26.746773 28.839991 68.409973
v 26.706993 28.840363 68.405495
v 26.746887 28.840265 68.408394
v 26.707096 28.840677 68.404076
v 26.746992 28.840580 68.406975
v 26.707191 28.841032 68.402794
v 26.747086 28.840935 68.405693
v 26.707275 28.841425 68.401657
v 26.747169 28.841328 68.404556
v 26.707350 28.841854 68.400642
v 26.747244 28.841757 68.403542
v 26.707415 28.842318 68.399750
v 26.747311 28.842220 68.402649
v 26.707451 28.842628 68.399277
v 26.747345 28.842531 68.402176
v 26.707483 28.843006 68.398834
v 26.747377 28.842909 68.401733
v 26.707514 28.843458 68.398422
v 26.747410 28.843361 68.401321
v 26.707542 28.844000 68.398048
v 26.747438 28.843903 68.400948
v 26.707569 28.844643 68.397705
v 26.747463 28.844545 68.400604
v 26.707594 28.845396 68.397400
v 26.747488 28.845299 68.400299
v 26.707615 28.846275 68.397141
v 26.747509 28.846178 68.400040
v 26.707634 28.847292 68.396912
v 26.747528 28.847195 68.399818
v 26.707649 28.848455 68.396736
v 26.747543 28.848358 68.399635
v 26.707663 28.849779 68.396606
v 26.747557 28.849682 68.399506
v 26.707672 28.851276 68.396515
v 26.747566 28.851179 68.399414
v 26.707680 28.852957 68.396477
v 26.747574 28.852859 68.399384
v 26.707682 28.856638 68.396576
v 26.747576 28.856541 68.399483
v 26.707661 28.859749 68.396965
v 26.747555 28.859652 68.399864
v 26.707613 28.862339 68.397690
v 26.747509 28.862242 68.400589
v 26.707539 28.864452 68.398804
v 26.747433 28.864355 68.401703
v 26.707428 28.866142 68.400368
v 26.747322 28.866045 68.403267
v 26.707281 28.867455 68.402428
v 26.747177 28.867357 68.405334
v 26.707094 28.868441 68.405045
v 26.746988 28.868343 68.407944
v 26.706861 28.869144 68.408264
v 26.746756 28.869047 68.411163
v 26.706581 28.869619 68.412148
v 26.746475 28.869522 68.415047
v 26.706247 28.869909 68.416733
v 26.746141 28.869812 68.419640
v 26.705858 28.870066 68.422089
v 26.745752 28.869968 68.424995
v 26.705410 28.870138 68.428268
v 26.745304 28.870041 68.431168
v 26.703157 28.870348 68.459251
v 26.743052 28.870251 68.462151
v 26.703068 28.839741 68.459450
v 26.742962 28.839643 68.462349
v 26.707935 28.804544 68.391327
v 26.747829 28.804447 68.394234
v 26.707914 28.807911 68.391747
v 26.747808 28.807814 68.394646
v 26.707865 28.810686 68.392517
v 26.747759 28.810589 68.395416
v 26.707785 28.812929 68.393692
v 26.747679 28.812832 68.396591
v 26.707670 28.814697 68.395325
v 26.747564 28.814600 68.398224
v 26.707518 28.816050 68.397469
v 26.747412 28.815952 68.400368
v 26.707323 28.817043 68.400162
v 26.747219 28.816946 68.403061
v 26.707087 28.817734 68.403458
v 26.746981 28.817636 68.406357
v 26.706799 28.818180 68.407410
v 26.746695 28.818083 68.410309
v 26.706461 28.818441 68.412064
v 26.746357 28.818344 68.414963
v 26.706068 28.818573 68.417473
v 26.745962 28.818476 68.420380
v 26.705616 28.818634 68.423691
v 26.745512 28.818537 68.426590
v 26.703007 28.818878 68.459587
v 26.742901 28.818781 68.462486
v 26.702890 28.778757 68.459854
v 26.742785 28.778660 68.462753
v 26.703217 28.778788 68.455376
v 26.743111 28.778690 68.458275
v 26.703541 28.778826 68.450912
v 26.743435 28.778728 68.453812
v 26.703865 28.778870 68.446457
v 26.743759 28.778772 68.449356
v 26.704187 28.778915 68.442017
v 26.744081 28.778818 68.444916
v 26.704510 28.778961 68.437584
v 26.744404 28.778864 68.440483
v 26.704832 28.779005 68.433151
v 26.744726 28.778908 68.436050
v 26.705154 28.779045 68.428719
v 26.745049 28.778948 68.431618
v 26.705477 28.779076 68.424286
v 26.745371 28.778978 68.427185
v 26.705799 28.779099 68.419846
v 26.745695 28.779001 68.422745
v 26.706123 28.779108 68.415398
v 26.746017 28.779011 68.418297
v 26.706448 28.779104 68.410934
v 26.746342 28.779007 68.413834
v 26.706774 28.779083 68.406456
v 26.746668 28.778986 68.409355
v 26.706947 28.779440 68.404091
v 26.746841 28.779343 68.406990
v 26.707106 28.779940 68.401917
v 26.747000 28.779842 68.404816
v 26.707251 28.780615 68.399940
v 26.747147 28.780518 68.402840
v 26.707382 28.781502 68.398155
v 26.747278 28.781404 68.401054
v 26.707500 28.782637 68.396568
v 26.747395 28.782539 68.399475
v 26.707605 28.784050 68.395187
v 26.747499 28.783953 68.398087
v 26.707695 28.785782 68.394005
v 26.747589 28.785685 68.396912
v 26.707771 28.787867 68.393028
v 26.747665 28.787769 68.395935
v 26.707832 28.790337 68.392265
v 26.747728 28.790239 68.395164
v 26.707880 28.793228 68.391701
v 26.747776 28.793131 68.394608
v 26.707914 28.796577 68.391357
v 26.747808 28.796480 68.394257
v 26.707933 28.800417 68.391220
v 26.747828 28.800320 68.394119
v 26.707933 28.800531 68.391220
v 26.747828 28.800434 68.394119
v 26.719995 28.821018 68.226021
v 26.759890 28.820921 68.228928
v 26.719976 28.817009 68.226158
v 26.759871 28.816912 68.229057
v 26.719954 28.813204 68.226341
v 26.759848 28.813107 68.229240
v 26.719929 28.809629 68.226562
v 26.759823 28.809532 68.229462
v 26.719902 28.806311 68.226814
v 26.759796 28.806213 68.229713
v 26.719875 28.803276 68.227074
v 26.759771 28.803179 68.229973
v 26.719851 28.800549 68.227333
v 26.759745 28.800451 68.230232
v 26.719828 28.798155 68.227577
v 26.759722 28.798058 68.230476
v 26.719807 28.796122 68.227791
v 26.759701 28.796024 68.230690
v 26.719790 28.794474 68.227959
v 26.759686 28.794376 68.230858
v 26.719778 28.793236 68.228073
v 26.759674 28.793139 68.230972
v 26.719774 28.792435 68.228119
v 26.759668 28.792337 68.231018
v 26.719669 28.786776 68.229362
v 26.759563 28.786678 68.232262
v 26.719509 28.781492 68.231392
v 26.759403 28.781395 68.234299
v 26.719296 28.776609 68.234177
v 26.759190 28.776512 68.237076
v 26.719030 28.772150 68.237663
v 26.758924 28.772053 68.240562
v 26.718718 28.768135 68.241821
v 26.758612 28.768038 68.244720
v 26.718361 28.764589 68.246605
v 26.758255 28.764492 68.249512
v 26.717962 28.761534 68.251984
v 26.757858 28.761436 68.254883
v 26.717525 28.758993 68.257912
v 26.757420 28.758896 68.260811
v 26.717052 28.756989 68.264351
v 26.756947 28.756891 68.267250
v 26.716547 28.755545 68.271255
v 26.756441 28.755447 68.274162
v 26.716011 28.754683 68.278603
v 26.755905 28.754585 68.281502
v 26.715448 28.754425 68.286331
v 26.755342 28.754328 68.289238
v 26.714897 28.754776 68.293922
v 26.754791 28.754679 68.296822
v 26.714373 28.755709 68.301155
v 26.754269 28.755611 68.304054
v 26.713881 28.757210 68.307991
v 26.753775 28.757113 68.310898
v 26.713419 28.759260 68.314384
v 26.753315 28.759163 68.317291
v 26.712997 28.761847 68.320290
v 26.752892 28.761749 68.323189
v 26.712614 28.764952 68.325653
v 26.752508 28.764854 68.328552
v 26.712276 28.768559 68.330437
v 26.752171 28.768461 68.333336
v 26.711985 28.772654 68.334579
v 26.751879 28.772556 68.337486
v 26.711742 28.777216 68.338051
v 26.751637 28.777119 68.340958
v 26.711555 28.782232 68.340797
v 26.751450 28.782135 68.343704
v 26.711426 28.787687 68.342773
v 26.751320 28.787590 68.345673
v 26.711355 28.793564 68.343933
v 26.751249 28.793467 68.346832
v 26.711355 28.794598 68.343964
v 26.751249 28.794500 68.346863
v 26.711351 28.796022 68.344063
v 26.751245 28.795925 68.346962
v 26.711346 28.797812 68.344208
v 26.751240 28.797714 68.347107
v 26.711336 28.799938 68.344391
v 26.751232 28.799841 68.347298
v 26.711329 28.802378 68.344604
v 26.751223 28.802280 68.347504
v 26.711319 28.805105 68.344826
v 26.751213 28.805008 68.347733
v 26.711309 28.808090 68.345047
v 26.751204 28.807993 68.347946
v 26.711302 28.811312 68.345253
v 26.751196 28.811214 68.348160
v 26.711298 28.814739 68.345436
v 26.751192 28.814642 68.348335
v 26.711296 28.818352 68.345566
v 26.751190 28.818254 68.348473
v 26.711300 28.822119 68.345650
v 26.751194 28.822021 68.348549
v 26.711308 28.826017 68.345665
v 26.751204 28.825920 68.348564
v 26.711315 28.828356 68.345634
v 26.751211 28.828259 68.348534
v 26.711325 28.830729 68.345581
v 26.751221 28.830631 68.348488
v 26.711338 28.833126 68.345505
v 26.751232 28.833029 68.348404
v 26.711351 28.835543 68.345398
v 26.751245 28.835445 68.348305
v 26.711367 28.837975 68.345268
v 26.751261 28.837877 68.348167
v 26.711384 28.840414 68.345108
v 26.751278 28.840317 68.348015
v 26.711403 28.842857 68.344925
v 26.751297 28.842760 68.347824
v 26.711426 28.845295 68.344704
v 26.751320 28.845198 68.347610
v 26.711449 28.847723 68.344460
v 26.751343 28.847626 68.347359
v 26.711475 28.850136 68.344185
v 26.751369 28.850039 68.347084
v 26.711504 28.852528 68.343872
v 26.751398 28.852430 68.346771
v 26.711535 28.854891 68.343529
v 26.751429 28.854794 68.346428
v 26.711649 28.860476 68.342133
v 26.751543 28.860378 68.345032
v 26.711819 28.865704 68.339981
v 26.751713 28.865606 68.342888
v 26.712038 28.870552 68.337120
v 26.751932 28.870455 68.340019
v 26.712307 28.874992 68.333580
v 26.752201 28.874895 68.336487
v 26.712620 28.879000 68.329407
v 26.752514 28.878902 68.332306
v 26.712976 28.882549 68.324623
v 26.752871 28.882452 68.327530
v 26.713371 28.885614 68.319283
v 26.753267 28.885517 68.322182
v 26.713804 28.888170 68.313416
v 26.753700 28.888073 68.316315
v 26.714272 28.890190 68.307060
v 26.754166 28.890093 68.309959
v 26.714771 28.891651 68.300247
v 26.754665 28.891554 68.303146
v 26.715298 28.892525 68.293030
v 26.755192 28.892427 68.295929
v 26.715851 28.892786 68.285431
v 26.755745 28.892689 68.288330
v 26.716427 28.892416 68.277489
v 26.756321 28.892319 68.280388
v 26.716967 28.891432 68.270042
v 26.756861 28.891335 68.272942
v 26.717466 28.889864 68.263107
v 26.757362 28.889767 68.266006
v 26.717926 28.887739 68.256714
v 26.757822 28.887642 68.259613
v 26.718346 28.885090 68.250877
v 26.758240 28.884993 68.253777
v 26.718719 28.881943 68.245621
v 26.758614 28.881845 68.248528
v 26.719048 28.878326 68.240982
v 26.758942 28.878229 68.243881
v 26.719330 28.874269 68.236969
v 26.759224 28.874172 68.239868
v 26.719563 28.869802 68.233612
v 26.759457 28.869705 68.236511
v 26.719746 28.864954 68.230934
v 26.759640 28.864857 68.233833
v 26.719877 28.859751 68.228958
v 26.759771 28.859653 68.231865
v 26.719954 28.854223 68.227715
v 26.759848 28.854126 68.230614
v 26.719973 28.851807 68.227379
v 26.759867 28.851709 68.230278
v 26.719988 28.849379 68.227081
v 26.759882 28.849281 68.229988
v 26.719999 28.846945 68.226830
v 26.759895 28.846848 68.229729
v 26.720011 28.844505 68.226608
v 26.759905 28.844408 68.229515
v 26.720018 28.842064 68.226425
v 26.759912 28.841967 68.229332
v 26.720022 28.839624 68.226280
v 26.759916 28.839527 68.229179
v 26.720026 28.837191 68.226158
v 26.759920 28.837093 68.229057
v 26.720026 28.834764 68.226067
v 26.759920 28.834667 68.228973
v 26.720024 28.832352 68.226006
v 26.759918 28.832254 68.228905
v 26.720022 28.829950 68.225967
v 26.759916 28.829853 68.228867
v 26.720016 28.827568 68.225952
v 26.759911 28.827471 68.228851
v 26.720011 28.825207 68.225960
v 26.759905 28.825109 68.228859
v 26.718283 28.796373 68.248749
v 26.758177 28.796276 68.251656
v 26.718294 28.797728 68.248650
v 26.758188 28.797630 68.251549
v 26.718309 28.799368 68.248497
v 26.758204 28.799271 68.251396
v 26.718327 28.801275 68.248306
v 26.758221 28.801178 68.251213
v 26.718348 28.803434 68.248093
v 26.758242 28.803337 68.250992
v 26.718370 28.805824 68.247864
v 26.758265 28.805727 68.250771
v 26.718393 28.808426 68.247635
v 26.758287 28.808329 68.250534
v 26.718416 28.811222 68.247421
v 26.758310 28.811125 68.250320
v 26.718437 28.814194 68.247223
v 26.758331 28.814096 68.250122
v 26.718456 28.817322 68.247063
v 26.758352 28.817225 68.249962
v 26.718473 28.820587 68.246948
v 26.758368 28.820490 68.249847
v 26.718485 28.823973 68.246887
v 26.758381 28.823875 68.249794
v 26.718491 28.825972 68.246887
v 26.758385 28.825874 68.249786
v 26.718494 28.828064 68.246910
v 26.758389 28.827967 68.249809
v 26.718496 28.830233 68.246956
v 26.758390 28.830135 68.249855
v 26.718496 28.832466 68.247025
v 26.758390 28.832369 68.249924
v 26.718494 28.834751 68.247116
v 26.758390 28.834654 68.250015
v 26.718493 28.837072 68.247231
v 26.758387 28.836975 68.250137
v 26.718489 28.839418 68.247375
v 26.758383 28.839321 68.250275
v 26.718481 28.841776 68.247536
v 26.758377 28.841679 68.250435
v 26.718473 28.844130 68.247719
v 26.758369 28.844032 68.250626
v 26.718464 28.846468 68.247932
v 26.758360 28.846371 68.250832
v 26.718452 28.848774 68.248169
v 26.758348 28.848677 68.251068
v 26.718439 28.851038 68.248428
v 26.758335 28.850941 68.251328
v 26.718439 28.850809 68.248428
v 26.758333 28.850712 68.251328
v 26.718382 28.853533 68.249290
v 26.758278 28.853436 68.252197
v 26.718294 28.856173 68.250603
v 26.758188 28.856075 68.253502
v 26.718174 28.858702 68.252335
v 26.758068 28.858604 68.255234
v 26.718023 28.861092 68.254494
v 26.757917 28.860994 68.257393
v 26.717842 28.863310 68.257057
v 26.757736 28.863213 68.259964
v 26.717630 28.865332 68.260025
v 26.757526 28.865234 68.262924
v 26.717392 28.867126 68.263374
v 26.757286 28.867029 68.266281
v 26.717125 28.868666 68.267105
v 26.757019 28.868568 68.270004
v 26.716829 28.869921 68.271202
v 26.756725 28.869823 68.274101
v 26.716509 28.870863 68.275650
v 26.756403 28.870766 68.278549
v 26.716162 28.871464 68.280441
v 26.756056 28.871367 68.283340
v 26.715790 28.871695 68.285568
v 26.755684 28.871597 68.288467
v 26.715403 28.871540 68.290878
v 26.755297 28.871443 68.293777
v 26.715042 28.871017 68.295837
v 26.754936 28.870920 68.298737
v 26.714706 28.870153 68.300423
v 26.754601 28.870056 68.303322
v 26.714397 28.868979 68.304619
v 26.754292 28.868881 68.307526
v 26.714117 28.867517 68.308434
v 26.754011 28.867420 68.311333
v 26.713865 28.865797 68.311829
v 26.753759 28.865700 68.314728
v 26.713644 28.863844 68.314812
v 26.753538 28.863747 68.317711
v 26.713453 28.861685 68.317360
v 26.753347 28.861588 68.320259
v 26.713295 28.859350 68.319458
v 26.753189 28.859253 68.322357
v 26.713169 28.856863 68.321106
v 26.753063 28.856766 68.324005
v 26.713078 28.854250 68.322281
v 26.752972 28.854153 68.325180
v 26.713020 28.851542 68.322968
v 26.752914 28.851444 68.325874
v 26.712990 28.849401 68.323311
v 26.752886 28.849304 68.326210
v 26.712963 28.847225 68.323608
v 26.752857 28.847128 68.326515
v 26.712938 28.845020 68.323875
v 26.752832 28.844923 68.326782
v 26.712915 28.842804 68.324112
v 26.752811 28.842707 68.327011
v 26.712896 28.840582 68.324318
v 26.752790 28.840485 68.327217
v 26.712879 28.838369 68.324486
v 26.752773 28.838272 68.327385
v 26.712862 28.836174 68.324631
v 26.752756 28.836077 68.327530
v 26.712849 28.834011 68.324745
v 26.752743 28.833914 68.327644
v 26.712837 28.831888 68.324837
v 26.752731 28.831791 68.327736
v 26.712828 28.829817 68.324905
v 26.752722 28.829720 68.327805
v 26.712818 28.827810 68.324944
v 26.752714 28.827713 68.327850
v 26.712812 28.825876 68.324966
v 26.752707 28.825779 68.327873
v 26.712805 28.822392 68.324959
v 26.752699 28.822294 68.327866
v 26.712801 28.819002 68.324905
v 26.752695 28.818905 68.327805
v 26.712801 28.815735 68.324799
v 26.752695 28.815639 68.327698
v 26.712803 28.812614 68.324661
v 26.752697 28.812517 68.327560
v 26.712809 28.809666 68.324493
v 26.752703 28.809568 68.327393
v 26.712814 28.806915 68.324310
v 26.752708 28.806818 68.327209
v 26.712822 28.804384 68.324112
v 26.752718 28.804287 68.327019
v 26.712831 28.802101 68.323921
v 26.752726 28.802004 68.326820
v 26.712839 28.800091 68.323738
v 26.752733 28.799994 68.326637
v 26.712847 28.798378 68.323578
v 26.752741 28.798281 68.326477
v 26.712854 28.796988 68.323441
v 26.752748 28.796890 68.326340
v 26.712858 28.795946 68.323334
v 26.752752 28.795849 68.326233
v 26.712904 28.793297 68.322617
v 26.752798 28.793200 68.325516
v 26.712982 28.790710 68.321457
v 26.752876 28.790613 68.324356
v 26.713093 28.788218 68.319862
v 26.752987 28.788120 68.322762
v 26.713234 28.785851 68.317825
v 26.753128 28.785753 68.320732
v 26.713408 28.783638 68.315361
v 26.753304 28.783541 68.318268
v 26.713614 28.781614 68.312469
v 26.753508 28.781517 68.315369
v 26.713852 28.779810 68.309143
v 26.753746 28.779713 68.312042
v 26.714121 28.778255 68.305397
v 26.754015 28.778158 68.308296
v 26.714420 28.776983 68.301224
v 26.754314 28.776886 68.304123
v 26.714752 28.776024 68.296631
v 26.754646 28.775927 68.299530
v 26.715115 28.775412 68.291626
v 26.755009 28.775314 68.294525
v 26.715508 28.775175 68.286201
v 26.755404 28.775078 68.289101
v 26.715900 28.775330 68.280800
v 26.755796 28.775232 68.283699
v 26.716265 28.775852 68.275810
v 26.756161 28.775755 68.278709
v 26.716600 28.776714 68.271233
v 26.756495 28.776617 68.274132
v 26.716906 28.777889 68.267067
v 26.756802 28.777792 68.269966
v 26.717182 28.779352 68.263313
v 26.757076 28.779255 68.266212
v 26.717430 28.781073 68.259979
v 26.757324 28.780975 68.262878
v 26.717646 28.783026 68.257057
v 26.757542 28.782928 68.259956
v 26.717833 28.785185 68.254562
v 26.757729 28.785088 68.257462
v 26.717991 28.787521 68.252480
v 26.757885 28.787424 68.255379
v 26.718117 28.790009 68.250824
v 26.758011 28.789911 68.253731
v 26.718212 28.792620 68.249596
v 26.758106 28.792522 68.252495
v 26.718277 28.795326 68.248795
v 26.758171 28.795229 68.251694
v 26.729839 28.826092 68.090813
v 26.769733 28.825994 68.093712
v 26.729828 28.822716 68.090851
v 26.769724 28.822618 68.093750
v 26.729816 28.819441 68.090904
v 26.769711 28.819344 68.093803
v 26.729805 28.816265 68.090973
v 26.769699 28.816168 68.093872
v 26.729792 28.813189 68.091049
v 26.769686 28.813091 68.093956
v 26.729776 28.810209 68.091156
v 26.769670 28.810112 68.094055
v 26.729759 28.807329 68.091278
v 26.769655 28.807232 68.094177
v 26.729742 28.804546 68.091423
v 26.769638 28.804449 68.094322
v 26.729723 28.801861 68.091591
v 26.769619 28.801764 68.094498
v 26.729704 28.799271 68.091789
v 26.769598 28.799173 68.094688
v 26.729681 28.796780 68.092018
v 26.769575 28.796682 68.094917
v 26.729656 28.794382 68.092270
v 26.769550 28.794285 68.095177
v 26.729546 28.787186 68.093544
v 26.769440 28.787088 68.096451
v 26.729401 28.780756 68.095345
v 26.769295 28.780659 68.098244
v 26.729216 28.775064 68.097687
v 26.769110 28.774967 68.100586
v 26.728991 28.770088 68.100609
v 26.768885 28.769991 68.103508
v 26.728725 28.765802 68.104126
v 26.768620 28.765705 68.107025
v 26.728415 28.762177 68.108276
v 26.768309 28.762079 68.111176
v 26.728058 28.759190 68.113083
v 26.767952 28.759092 68.115982
v 26.727652 28.756815 68.118568
v 26.767548 28.756718 68.121475
v 26.727198 28.755026 68.124771
v 26.767092 28.754929 68.127670
v 26.726690 28.753796 68.131699
v 26.766584 28.753698 68.134605
v 26.726130 28.753101 68.139397
v 26.766024 28.753004 68.142296
v 26.725512 28.752916 68.147881
v 26.765406 28.752819 68.150787
v 26.724594 28.753551 68.160515
v 26.764488 28.753454 68.163414
v 26.723829 28.755268 68.171082
v 26.763725 28.755171 68.173981
v 26.723206 28.758059 68.179771
v 26.763100 28.757961 68.182678
v 26.722706 28.761913 68.186768
v 26.762600 28.761816 68.189674
v 26.722319 28.766827 68.192253
v 26.762213 28.766729 68.195152
v 26.722033 28.772791 68.196404
v 26.761927 28.772694 68.199303
v 26.721830 28.779797 68.199402
v 26.761724 28.779699 68.202301
v 26.721703 28.787840 68.201431
v 26.761597 28.787743 68.204338
v 26.721634 28.796909 68.202682
v 26.761528 28.796812 68.205582
v 26.721613 28.807001 68.203323
v 26.761507 28.806904 68.206223
v 26.721622 28.818106 68.203537
v 26.761518 28.818008 68.206436
v 26.721655 28.830214 68.203514
v 26.761549 28.830116 68.206413
v 26.721827 28.889135 68.203133
v 26.761721 28.889038 68.206032
v 26.723347 28.888994 68.182205
v 26.763243 28.888897 68.185104
v 26.723175 28.830072 68.182594
v 26.763071 28.829975 68.185493
v 26.723166 28.826904 68.182610
v 26.763062 28.826807 68.185516
v 26.723158 28.823816 68.182632
v 26.763052 28.823719 68.185532
v 26.723150 28.820814 68.182640
v 26.763044 28.820717 68.185539
v 26.723143 28.817896 68.182632
v 26.763037 28.817799 68.185539
v 26.723137 28.815063 68.182617
v 26.763031 28.814966 68.185516
v 26.723133 28.812319 68.182579
v 26.763027 28.812222 68.185478
v 26.723131 28.809660 68.182526
v 26.763025 28.809563 68.185425
v 26.723131 28.807093 68.182442
v 26.763025 28.806995 68.185341
v 26.723133 28.804615 68.182327
v 26.763027 28.804518 68.185226
v 26.723137 28.802231 68.182182
v 26.763033 28.802134 68.185081
v 26.723145 28.799938 68.181999
v 26.763041 28.799841 68.184898
v 26.723156 28.797739 68.181778
v 26.763050 28.797642 68.184677
v 26.723194 28.793924 68.181114
v 26.763090 28.793827 68.184013
v 26.723249 28.790455 68.180244
v 26.763144 28.790358 68.183144
v 26.723326 28.787327 68.179100
v 26.763220 28.787230 68.181999
v 26.723425 28.784536 68.177635
v 26.763319 28.784439 68.180534
v 26.723553 28.782082 68.175789
v 26.763449 28.781984 68.178688
v 26.723715 28.779957 68.173500
v 26.763609 28.779860 68.176407
v 26.723911 28.778162 68.170723
v 26.763807 28.778065 68.173622
v 26.724152 28.776693 68.167389
v 26.764046 28.776596 68.170288
v 26.724434 28.775545 68.163445
v 26.764330 28.775448 68.166351
v 26.724768 28.774717 68.158836
v 26.764662 28.774620 68.161743
v 26.725155 28.774206 68.153511
v 26.765049 28.774109 68.156410
v 26.725597 28.774006 68.147400
v 26.765491 28.773909 68.150307
v 26.726156 28.774206 68.139740
v 26.766050 28.774109 68.142639
v 26.726627 28.774958 68.133263
v 26.766523 28.774860 68.136169
v 26.727022 28.776323 68.127876
v 26.766918 28.776226 68.130783
v 26.727348 28.778362 68.123474
v 26.767242 28.778265 68.126381
v 26.727610 28.781136 68.119965
v 26.767506 28.781038 68.122864
v 26.727818 28.784706 68.117233
v 26.767712 28.784609 68.120132
v 26.727978 28.789135 68.115189
v 26.767872 28.789038 68.118088
v 26.728096 28.794481 68.113731
v 26.767990 28.794384 68.116631
v 26.728182 28.800806 68.112755
v 26.768078 28.800709 68.115654
v 26.728243 28.808172 68.112160
v 26.768139 28.808075 68.115067
v 26.728287 28.816639 68.111855
v 26.768181 28.816542 68.114754
v 26.728319 28.826269 68.111732
v 26.768213 28.826172 68.114632
v 26.728500 28.888514 68.111320
v 26.768394 28.888416 68.114220
v 26.730022 28.888372 68.090401
v 26.769917 28.888275 68.093300
v 26.729851 28.829567 68.090782
v 26.769745 28.829470 68.093689
v 26.738955 28.866901 67.966827
v 26.778849 28.866804 67.969727
v 26.735771 28.867199 68.010620
v 26.775665 28.867102 68.013519
v 26.735443 28.754744 68.011353
v 26.775337 28.754646 68.014252
v 26.733931 28.754885 68.032166
v 26.773825 28.754787 68.035065
v 26.734259 28.867338 68.031425
v 26.774153 28.867241 68.034325
v 26.731041 28.867638 68.075668
v 26.770937 28.867540 68.078575
v 26.731104 28.888617 68.075531
v 26.770998 28.888519 68.078438
v 26.739016 28.887880 67.966690
v 26.778910 28.887783 67.969589
v 26.754419 28.752977 67.750336
v 26.794313 28.752880 67.753235
v 26.752922 28.753117 67.770920
v 26.792816 28.753019 67.773819
v 26.753208 28.851013 67.770279
v 26.793102 28.850916 67.773178
v 26.752974 28.847523 67.773384
v 26.792868 28.847425 67.776283
v 26.752728 28.843849 67.776649
v 26.792622 28.843752 67.779549
v 26.752472 28.840027 67.780037
v 26.792366 28.839930 67.782936
v 26.752209 28.836090 67.783524
v 26.792103 28.835993 67.786430
v 26.751940 28.832067 67.787079
v 26.791834 28.831970 67.789986
v 26.751669 28.827995 67.790680
v 26.791563 28.827898 67.793579
v 26.751396 28.823902 67.794289
v 26.791290 28.823805 67.797188
v 26.751125 28.819824 67.797874
v 26.791019 28.819727 67.800781
v 26.750856 28.815790 67.801422
v 26.790751 28.815693 67.804329
v 26.750595 28.811836 67.804901
v 26.790489 28.811739 67.807800
v 26.750340 28.807991 67.808273
v 26.790236 28.807894 67.811172
v 26.750095 28.804291 67.811516
v 26.789989 28.804193 67.814415
v 26.747265 28.851681 67.852020
v 26.787161 28.851583 67.854919
v 26.746979 28.753670 67.852661
v 26.786875 28.753572 67.855560
v 26.745476 28.753811 67.873360
v 26.785370 28.753714 67.876259
v 26.745865 28.887241 67.872482
v 26.785759 28.887144 67.875381
v 26.747160 28.887121 67.854645
v 26.787056 28.887024 67.857552
v 26.750189 28.836273 67.811302
v 26.790083 28.836176 67.814201
v 26.750439 28.840191 67.807991
v 26.790333 28.840094 67.810890
v 26.750702 28.844231 67.804520
v 26.790596 28.844133 67.807426
v 26.750973 28.848375 67.800926
v 26.790867 28.848278 67.803825
v 26.751251 28.852596 67.797226
v 26.791147 28.852499 67.800125
v 26.751537 28.856876 67.793449
v 26.791431 28.856779 67.796356
v 26.751825 28.861189 67.789635
v 26.791719 28.861092 67.792534
v 26.752115 28.865515 67.785789
v 26.792009 28.865417 67.788689
v 26.752405 28.869829 67.781952
v 26.792299 28.869732 67.784851
v 26.752691 28.874111 67.778145
v 26.792587 28.874014 67.781044
v 26.752975 28.878336 67.774399
v 26.792870 28.878239 67.777298
v 26.753252 28.882483 67.770737
v 26.793146 28.882385 67.773636
v 26.753519 28.886530 67.767181
v 26.793413 28.886433 67.770088
v 26.754807 28.886410 67.749466
v 26.794703 28.886312 67.752365
v 26.758093 28.829691 67.702385
v 26.797987 28.829594 67.705284
v 26.763311 28.829205 67.630585
v 26.803207 28.829107 67.633484
v 26.763250 28.808342 67.630722
v 26.803146 28.808245 67.633621
v 26.758032 28.808826 67.702522
v 26.797926 28.808729 67.705421
v 26.757929 28.773520 67.702751
v 26.797823 28.773422 67.705650
v 26.763647 28.772987 67.624092
v 26.803541 28.772890 67.626991
v 26.763586 28.752125 67.624229
v 26.803480 28.752028 67.627129
v 26.756348 28.752798 67.723816
v 26.796242 28.752701 67.726715
v 26.756735 28.886116 67.722939
v 26.796631 28.886019 67.725838
v 26.763975 28.885443 67.623360
v 26.803869 28.885345 67.626259
v 26.763914 28.864580 67.623497
v 26.803808 28.864483 67.626396
v 26.758196 28.865112 67.702156
v 26.798090 28.865015 67.705055
vn 0.9974 -0.0024 0.0725
vn -0.9974 0.0024 -0.0725
vn -0.9974 0.0024 -0.0726
vn 0.0375 -0.8383 -0.5439
vn 0.0655 -0.3999 -0.9142
vn 0.0655 -0.4006 -0.9139
vn 0.0655 -0.4007 -0.9139
vn 0.0655 -0.4002 -0.9141
vn 0.0655 -0.3991 -0.9146
vn 0.0656 -0.3975 -0.9152
vn 0.0657 -0.3953 -0.9162
vn 0.0657 -0.3925 -0.9174
vn 0.0659 -0.3891 -0.9189
vn 0.0660 -0.3848 -0.9206
vn 0.0662 -0.3797 -0.9227
vn 0.0383 -0.8316 -0.5541
vn -0.0620 -0.5478 0.8343
vn -0.0377 0.8366 0.5465
vn 0.0426 0.8292 -0.5574
vn 0.0588 -0.5590 -0.8271
vn -0.0426 -0.8284 0.5586
vn -0.0681 -0.3775 0.9235
vn -0.0680 -0.3787 0.9230
vn -0.0680 -0.3797 0.9226
vn -0.0680 -0.3805 0.9223
vn -0.0680 -0.3811 0.9220
vn -0.0680 -0.3814 0.9219
vn -0.0680 -0.3812 0.9220
vn -0.0680 -0.3807 0.9222
vn -0.0680 -0.3800 0.9225
vn -0.0680 -0.3791 0.9229
vn -0.0031 -0.9999 0.0098
vn 0.0656 -0.3964 -0.9157
vn 0.0657 -0.3954 -0.9161
vn 0.0657 -0.3947 -0.9165
vn 0.0657 -0.3941 -0.9167
vn 0.0657 -0.3939 -0.9168
vn 0.0657 -0.3942 -0.9167
vn 0.0657 -0.3948 -0.9164
vn 0.0656 -0.3957 -0.9160
vn 0.0656 -0.3968 -0.9156
vn 0.0656 -0.3981 -0.9150
vn 0.0621 0.5455 -0.8358
vn -0.0587 0.5610 0.8257
vn 0.0719 -0.1003 -0.9924
vn 0.0702 -0.2215 -0.9726
vn 0.0663 -0.3756 -0.9244
vn 0.0591 -0.5523 -0.8315
vn 0.0483 -0.7231 -0.6891
vn 0.0355 -0.8552 -0.5171
vn 0.0232 -0.9362 -0.3506
vn 0.0132 -0.9766 -0.2149
vn 0.0060 -0.9932 -0.1163
vn 0.0013 -0.9987 -0.0508
vn -0.0016 -0.9999 -0.0116
vn -0.0028 -1.0000 0.0054
vn -0.0534 -0.7016 0.7106
vn -0.0492 0.7119 0.7006
vn 0.0029 1.0000 -0.0067
vn 0.0030 1.0000 -0.0074
vn 0.0031 1.0000 -0.0094
vn 0.0034 0.9999 -0.0128
vn 0.0037 0.9998 -0.0179
vn 0.0042 0.9997 -0.0246
vn 0.0049 0.9994 -0.0332
vn 0.0056 0.9990 -0.0438
vn 0.0065 0.9984 -0.0564
vn 0.0076 0.9974 -0.0713
vn 0.0089 0.9960 -0.0886
vn 0.0103 0.9941 -0.1083
vn 0.0130 0.9893 -0.1453
vn 0.0182 0.9759 -0.2175
vn 0.0253 0.9482 -0.3168
vn 0.0335 0.9020 -0.4305
vn 0.0423 0.8320 -0.5532
vn 0.0509 0.7362 -0.6748
vn 0.0585 0.6189 -0.7833
vn 0.0644 0.4903 -0.8692
vn 0.0685 0.3629 -0.9293
vn 0.0709 0.2465 -0.9666
vn 0.0721 0.1461 -0.9866
vn 0.0725 0.0627 -0.9954
vn 0.0725 0.0016 -0.9974
vn 0.0724 -0.0385 -0.9966
vn 0.0722 -0.0730 -0.9947
vn 0.0718 -0.1109 -0.9912
vn 0.0713 -0.1524 -0.9857
vn 0.0706 -0.1974 -0.9778
vn 0.0697 -0.2460 -0.9668
vn 0.0685 -0.2978 -0.9522
vn 0.0670 -0.3527 -0.9334
vn 0.0652 -0.4098 -0.9098
vn 0.0629 -0.4686 -0.8811
vn 0.0603 -0.5280 -0.8471
vn 0.0722 0.1372 -0.9879
vn 0.0517 0.7253 -0.6865
vn 0.0570 0.6452 -0.7619
vn 0.0615 0.5588 -0.8270
vn 0.0651 0.4705 -0.8800
vn 0.0679 0.3846 -0.9206
vn 0.0698 0.3041 -0.9501
vn 0.0711 0.2314 -0.9703
vn 0.0719 0.1673 -0.9833
vn 0.0723 0.1121 -0.9911
vn 0.0725 0.0653 -0.9952
vn 0.0726 0.0262 -0.9970
vn 0.0725 0.0009 -0.9974
vn 0.0724 -0.0274 -0.9970
vn 0.0031 1.0000 -0.0093
vn 0.0033 0.9999 -0.0116
vn 0.0034 0.9999 -0.0134
vn 0.0035 0.9999 -0.0147
vn 0.0036 0.9999 -0.0155
vn 0.0036 0.9999 -0.0157
vn 0.0030 1.0000 -0.0073
vn 0.0026 1.0000 -0.0021
vn 0.0016 0.9999 0.0122
vn -0.0000 0.9994 0.0332
vn -0.0017 0.9984 0.0571
vn -0.0037 0.9964 0.0845
vn -0.0060 0.9932 0.1159
vn -0.0086 0.9884 0.1519
vn -0.0117 0.9811 0.1933
vn -0.0151 0.9705 0.2407
vn -0.0191 0.9554 0.2948
vn -0.0236 0.9341 0.3561
vn -0.0287 0.9049 0.4247
vn -0.0346 0.8627 0.5046
vn -0.0415 0.8010 0.5972
vn -0.0486 0.7197 0.6926
vn -0.0551 0.6242 0.7793
vn -0.0606 0.5225 0.8505
vn -0.0647 0.4229 0.9039
vn -0.0676 0.3316 0.9410
vn -0.0696 0.2516 0.9653
vn -0.0708 0.1836 0.9805
vn -0.0716 0.1266 0.9894
vn -0.0721 0.0792 0.9942
vn -0.0724 0.0400 0.9966
vn -0.0725 -0.0023 0.9974
vn -0.0725 -0.0750 0.9945
vn -0.0716 -0.1971 0.9778
vn -0.0682 -0.3710 0.9261
vn -0.0605 -0.5788 0.8132
vn -0.0483 -0.7684 0.6382
vn -0.0345 -0.8949 0.4449
vn -0.0229 -0.9591 0.2823
vn -0.0145 -0.9859 0.1667
vn -0.0091 -0.9958 0.0916
vn -0.0058 -0.9989 0.0459
vn -0.0039 -0.9998 0.0201
vn -0.0031 -1.0000 0.0089
vn 0.0492 -0.7119 -0.7006
vn 0.0534 0.7018 -0.7104
vn -0.0725 -0.0748 0.9946
vn -0.0716 -0.1960 0.9780
vn -0.0683 -0.3690 0.9269
vn -0.0606 -0.5774 0.8142
vn -0.0482 -0.7691 0.6373
vn -0.0342 -0.8972 0.4403
vn -0.0223 -0.9613 0.2746
vn -0.0139 -0.9874 0.1579
vn -0.0085 -0.9965 0.0836
vn -0.0053 -0.9992 0.0398
vn -0.0037 -0.9999 0.0169
vn -0.0030 -1.0000 0.0081
vn 0.0530 0.7072 -0.7050
vn 0.0019 1.0000 0.0080
vn 0.0018 1.0000 0.0094
vn 0.0017 0.9999 0.0102
vn 0.0017 0.9999 0.0105
vn 0.0018 1.0000 0.0081
vn 0.0020 1.0000 0.0062
vn 0.0022 1.0000 0.0038
vn 0.0024 1.0000 0.0008
vn 0.0026 1.0000 -0.0027
vn -0.0028 0.9974 0.0724
vn -0.0111 0.9825 0.1860
vn -0.0175 0.9620 0.2726
vn -0.0256 0.9232 0.3834
vn -0.0352 0.8576 0.5132
vn -0.0453 0.7599 0.6484
vn -0.0545 0.6346 0.7709
vn -0.0618 0.4963 0.8659
vn -0.0667 0.3624 0.9296
vn -0.0697 0.2446 0.9671
vn -0.0714 0.1473 0.9865
vn -0.0722 0.0695 0.9950
vn -0.0725 0.0210 0.9972
vn -0.0725 -0.0101 0.9973
vn 0.0724 -0.0245 -0.9971
vn 0.0724 -0.0410 -0.9965
vn 0.0723 -0.0558 -0.9958
vn 0.0722 -0.0690 -0.9950
vn 0.0721 -0.0806 -0.9941
vn 0.0720 -0.0904 -0.9933
vn 0.0719 -0.0981 -0.9926
vn 0.0719 -0.1031 -0.9921
vn 0.0719 -0.1041 -0.9920
vn 0.0719 -0.0977 -0.9926
vn 0.0721 -0.0733 -0.9947
vn 0.0715 -0.1356 -0.9882
vn 0.0687 -0.2886 -0.9550
vn 0.0645 -0.4292 -0.9009
vn 0.0588 -0.5580 -0.8277
vn 0.0522 -0.6704 -0.7402
vn 0.0449 -0.7639 -0.6437
vn 0.0375 -0.8387 -0.5433
vn 0.0300 -0.8961 -0.4427
vn 0.0228 -0.9385 -0.3445
vn 0.0158 -0.9681 -0.2501
vn 0.0092 -0.9871 -0.1601
vn 0.0030 -0.9972 -0.0747
vn -0.0029 -1.0000 0.0062
vn -0.0087 -0.9962 0.0864
vn -0.0148 -0.9853 0.1702
vn -0.0212 -0.9657 0.2587
vn -0.0279 -0.9356 0.3520
vn -0.0349 -0.8926 0.4496
vn -0.0420 -0.8340 0.5501
vn -0.0492 -0.7575 0.6510
vn -0.0560 -0.6612 0.7481
vn -0.0621 -0.5452 0.8360
vn -0.0671 -0.4123 0.9086
vn -0.0705 -0.2681 0.9608
vn -0.0723 -0.1122 0.9910
vn -0.0726 -0.0489 0.9962
vn -0.0725 -0.0849 0.9938
vn -0.0725 -0.0868 0.9936
vn -0.0725 -0.0839 0.9938
vn -0.0725 -0.0777 0.9943
vn -0.0725 -0.0689 0.9950
vn -0.0725 -0.0578 0.9957
vn -0.0726 -0.0447 0.9964
vn -0.0726 -0.0295 0.9969
vn -0.0725 -0.0122 0.9973
vn -0.0725 0.0044 0.9974
vn -0.0725 0.0171 0.9972
vn -0.0724 0.0275 0.9970
vn -0.0724 0.0380 0.9967
vn -0.0723 0.0488 0.9962
vn -0.0722 0.0598 0.9956
vn -0.0722 0.0712 0.9948
vn -0.0721 0.0830 0.9939
vn -0.0720 0.0954 0.9928
vn -0.0718 0.1083 0.9915
vn -0.0717 0.1219 0.9899
vn -0.0715 0.1363 0.9881
vn -0.0707 0.1939 0.9785
vn -0.0681 0.3132 0.9473
vn -0.0638 0.4465 0.8925
vn -0.0583 0.5683 0.8207
vn -0.0519 0.6750 0.7360
vn -0.0449 0.7646 0.6430
vn -0.0376 0.8372 0.5456
vn -0.0303 0.8939 0.4472
vn -0.0232 0.9365 0.3500
vn -0.0162 0.9667 0.2555
vn -0.0095 0.9863 0.1644
vn -0.0032 0.9970 0.0771
vn 0.0029 1.0000 -0.0059
vn 0.0089 0.9961 -0.0883
vn 0.0151 0.9845 -0.1749
vn 0.0217 0.9636 -0.2666
vn 0.0287 0.9314 -0.3628
vn 0.0358 0.8860 -0.4622
vn 0.0429 0.8255 -0.5627
vn 0.0499 0.7485 -0.6613
vn 0.0564 0.6543 -0.7541
vn 0.0622 0.5442 -0.8366
vn 0.0668 0.4209 -0.9046
vn 0.0701 0.2888 -0.9548
vn 0.0718 0.1792 -0.9812
vn 0.0722 0.1288 -0.9890
vn 0.0723 0.1122 -0.9910
vn 0.0724 0.0966 -0.9927
vn 0.0725 0.0818 -0.9940
vn 0.0725 0.0680 -0.9950
vn 0.0725 0.0551 -0.9958
vn 0.0726 0.0429 -0.9964
vn 0.0726 0.0315 -0.9969
vn 0.0726 0.0209 -0.9971
vn 0.0725 0.0110 -0.9973
vn 0.0725 0.0019 -0.9974
vn 0.0725 -0.0092 -0.9973
vn -0.0723 0.0573 0.9957
vn -0.0721 0.0841 0.9938
vn -0.0720 0.0958 0.9928
vn -0.0719 0.0992 0.9925
vn -0.0719 0.0974 0.9926
vn -0.0720 0.0918 0.9932
vn -0.0721 0.0833 0.9939
vn -0.0722 0.0723 0.9948
vn -0.0723 0.0590 0.9956
vn -0.0723 0.0436 0.9964
vn -0.0724 0.0261 0.9970
vn -0.0725 0.0088 0.9973
vn -0.0725 -0.0048 0.9974
vn -0.0726 -0.0156 0.9972
vn -0.0726 -0.0257 0.9970
vn -0.0726 -0.0355 0.9967
vn -0.0726 -0.0450 0.9963
vn -0.0725 -0.0545 0.9959
vn -0.0725 -0.0642 0.9953
vn -0.0725 -0.0742 0.9946
vn -0.0725 -0.0846 0.9938
vn -0.0724 -0.0957 0.9928
vn -0.0724 -0.1076 0.9916
vn 0.0015 -0.9986 -0.0537
vn 0.0085 -0.9887 -0.1497
vn -0.0681 -0.3746 0.9247
vn -0.0637 -0.5069 0.8596
vn -0.0584 -0.6205 0.7820
vn -0.0524 -0.7155 0.6966
vn -0.0461 -0.7933 0.6070
vn -0.0396 -0.8557 0.5159
vn -0.0331 -0.9045 0.4252
vn -0.0267 -0.9415 0.3359
vn -0.0205 -0.9683 0.2490
vn -0.0144 -0.9862 0.1649
vn -0.0085 -0.9964 0.0841
vn -0.0030 -1.0000 0.0076
vn 0.0024 -0.9978 -0.0669
vn 0.0081 -0.9895 -0.1444
vn 0.0141 -0.9740 -0.2263
vn 0.0204 -0.9496 -0.3128
vn 0.0271 -0.9145 -0.4037
vn 0.0341 -0.8663 -0.4984
vn 0.0414 -0.8020 -0.5959
vn 0.0487 -0.7186 -0.6937
vn 0.0558 -0.6130 -0.7881
vn 0.0623 -0.4836 -0.8731
vn 0.0676 -0.3311 -0.9412
vn 0.0705 -0.2027 -0.9767
vn 0.0714 -0.1473 -0.9865
vn 0.0716 -0.1294 -0.9890
vn 0.0718 -0.1131 -0.9910
vn 0.0719 -0.0982 -0.9926
vn 0.0721 -0.0845 -0.9938
vn 0.0722 -0.0717 -0.9948
vn 0.0722 -0.0597 -0.9956
vn 0.0723 -0.0483 -0.9962
vn 0.0724 -0.0375 -0.9967
vn 0.0724 -0.0271 -0.9970
vn 0.0725 -0.0169 -0.9972
vn 0.0725 -0.0050 -0.9974
vn 0.0725 0.0097 -0.9973
vn 0.0726 0.0247 -0.9971
vn 0.0726 0.0383 -0.9966
vn 0.0726 0.0506 -0.9961
vn 0.0725 0.0616 -0.9955
vn 0.0725 0.0714 -0.9948
vn 0.0725 0.0800 -0.9942
vn 0.0725 0.0874 -0.9935
vn 0.0724 0.0933 -0.9930
vn 0.0724 0.0971 -0.9926
vn 0.0724 0.0976 -0.9926
vn 0.0718 0.1801 -0.9810
vn 0.0691 0.3370 -0.9390
vn 0.0649 0.4763 -0.8769
vn 0.0596 0.5977 -0.7995
vn 0.0535 0.7002 -0.7120
vn 0.0469 0.7842 -0.6188
vn 0.0401 0.8511 -0.5234
vn 0.0334 0.9029 -0.4285
vn 0.0267 0.9415 -0.3359
vn 0.0203 0.9688 -0.2468
vn 0.0142 0.9867 -0.1621
vn 0.0084 0.9966 -0.0820
vn -0.0024 0.9978 0.0663
vn -0.0081 0.9895 0.1441
vn -0.0142 0.9737 0.2276
vn -0.0207 0.9484 0.3163
vn -0.0276 0.9119 0.4095
vn -0.0347 0.8619 0.5059
vn -0.0419 0.7962 0.6035
vn -0.0491 0.7132 0.6992
vn -0.0559 0.6118 0.7890
vn -0.0619 0.4925 0.8681
vn -0.0669 0.3573 0.9316
vn -0.0712 0.1634 0.9840
vn 0.0725 -0.0099 -0.9973
vn 0.0725 -0.0138 -0.9973
vn 0.0725 -0.0185 -0.9972
vn 0.0724 -0.0242 -0.9971
vn 0.0724 -0.0309 -0.9969
vn 0.0724 -0.0387 -0.9966
vn 0.0723 -0.0477 -0.9962
vn 0.0723 -0.0581 -0.9957
vn 0.0722 -0.0700 -0.9949
vn 0.0721 -0.0835 -0.9939
vn 0.0719 -0.0988 -0.9925
vn 0.0715 -0.1410 -0.9874
vn 0.0702 -0.2226 -0.9724
vn 0.0678 -0.3264 -0.9428
vn 0.0638 -0.4456 -0.8930
vn 0.0580 -0.5732 -0.8174
vn 0.0503 -0.6973 -0.7150
vn 0.0411 -0.8047 -0.5923
vn 0.0314 -0.8864 -0.4618
vn 0.0222 -0.9414 -0.3365
vn 0.0140 -0.9742 -0.2253
vn 0.0072 -0.9912 -0.1318
vn 0.0016 -0.9984 -0.0558
vn -0.0035 -0.9999 0.0140
vn -0.0100 -0.9945 0.1047
vn -0.0193 -0.9725 0.2322
vn -0.0309 -0.9186 0.3939
vn -0.0439 -0.8162 0.5761
vn -0.0559 -0.6633 0.7463
vn -0.0646 -0.4857 0.8717
vn -0.0695 -0.3208 0.9446
vn -0.0716 -0.1911 0.9790
vn -0.0724 -0.0998 0.9924
vn -0.0726 -0.0414 0.9965
vn -0.0725 -0.0087 0.9973
vn 0.0533 0.7023 -0.7099
vn 0.0725 -0.0066 -0.9973
vn 0.0725 -0.0060 -0.9974
vn 0.0725 -0.0042 -0.9974
vn 0.0725 -0.0011 -0.9974
vn 0.0725 0.0035 -0.9974
vn 0.0725 0.0096 -0.9973
vn 0.0726 0.0174 -0.9972
vn 0.0726 0.0272 -0.9970
vn 0.0726 0.0390 -0.9966
vn 0.0725 0.0532 -0.9959
vn 0.0725 0.0701 -0.9949
vn 0.0724 0.0899 -0.9933
vn 0.0722 0.1359 -0.9881
vn 0.0714 0.2078 -0.9756
vn 0.0700 0.2941 -0.9532
vn 0.0673 0.4054 -0.9116
vn 0.0625 0.5357 -0.8421
vn 0.0554 0.6704 -0.7399
vn 0.0464 0.7902 -0.6111
vn 0.0365 0.8808 -0.4720
vn 0.0270 0.9399 -0.3403
vn 0.0189 0.9737 -0.2272
vn 0.0123 0.9907 -0.1355
vn 0.0071 0.9979 -0.0637
vn 0.0027 1.0000 -0.0031
vn -0.0027 0.9975 0.0706
vn -0.0107 0.9836 0.1801
vn -0.0219 0.9427 0.3330
vn -0.0358 0.8526 0.5213
vn -0.0499 0.7026 0.7099
vn -0.0608 0.5174 0.8536
vn -0.0673 0.3434 0.9368
vn -0.0704 0.2089 0.9754
vn -0.0717 0.1168 0.9906
vn -0.0723 0.0585 0.9957
vn -0.0724 0.0249 0.9971
vn -0.0725 0.0100 0.9973
vn 0.0725 -0.0075 -0.9973
vn -0.0533 -0.7023 0.7099
vn -0.0283 -0.9331 0.3586
vn 0.0525 -0.6658 -0.7443
vn 0.0526 -0.6650 -0.7450
vn 0.0526 -0.6643 -0.7456
vn 0.0526 -0.6637 -0.7461
vn 0.0527 -0.6632 -0.7466
vn 0.0527 -0.6626 -0.7471
vn 0.0527 -0.6622 -0.7475
vn 0.0528 -0.6617 -0.7479
vn 0.0528 -0.6612 -0.7483
vn 0.0528 -0.6608 -0.7487
vn 0.0529 -0.6603 -0.7491
vn -0.0029 -1.0000 0.0060
vn 0.0226 -0.9391 -0.3430
vn 0.0328 0.9068 -0.4203
vn 0.0023 1.0000 0.0020
vn -0.0536 0.6496 0.7584
vn -0.0532 0.6545 0.7542
vn -0.0530 0.6583 0.7509
vn -0.0528 0.6612 0.7483
vn -0.0527 0.6634 0.7465
vn -0.0526 0.6648 0.7452
vn -0.0525 0.6655 0.7445
vn -0.0525 0.6656 0.7445
vn -0.0525 0.6650 0.7450
vn -0.0526 0.6638 0.7461
vn -0.0528 0.6617 0.7479
vn -0.0274 0.9126 0.4080
vt 0.636364 0.000000
vt 1.000000 0.000000
vt 0.727273 0.000000
vt 0.818182 0.000000
vt 0.909091 0.000000
vt 0.000000 0.000000
vt 0.272727 0.000000
vt 0.090909 0.000000
vt 0.181818 0.000000
vt 0.363636 0.000000
vt 0.454545 0.000000
vt 0.545455 0.000000
vt 0.515152 0.000000
vt 0.575758 0.000000
vt 0.606061 0.000000
vt 0.939394 0.000000
vt 0.969697 0.000000
vt 0.878788 0.000000
vt 0.060606 0.000000
vt 0.848485 0.000000
vt 0.787879 0.000000
vt 0.757576 0.000000
vt 0.696970 0.000000
vt 0.484848 0.000000
vt 0.424242 0.000000
vt 0.030303 0.000000
vt 0.666667 0.000000
vt 0.121212 0.000000
vt 0.151515 0.000000
vt 0.212121 0.000000
vt 0.393939 0.000000
vt 0.333333 0.000000
vt 0.303030 0.000000
vt 0.242424 0.000000
vt 0.714286 0.000000
vt 0.857143 0.000000
vt 0.571429 0.000000
vt 0.428571 0.000000
vt 0.142857 0.000000
vt 0.285714 0.000000
vt 0.480519 0.000000
vt 0.467532 0.000000
vt 0.493506 0.000000
vt 0.961039 0.000000
vt 0.987013 0.000000
vt 0.974026 0.000000
vt 0.441558 0.000000
vt 0.506494 0.000000
vt 0.519481 0.000000
vt 0.948052 0.000000
vt 0.012987 0.000000
vt 0.532468 0.000000
vt 0.025974 0.000000
vt 0.038961 0.000000
vt 0.558442 0.000000
vt 0.935065 0.000000
vt 0.051948 0.000000
vt 0.064935 0.000000
vt 0.584416 0.000000
vt 0.077922 0.000000
vt 0.597403 0.000000
vt 0.922078 0.000000
vt 0.610390 0.000000
vt 0.415584 0.000000
vt 0.103896 0.000000
vt 0.623377 0.000000
vt 0.116883 0.000000
vt 0.649351 0.000000
vt 0.129870 0.000000
vt 0.662338 0.000000
vt 0.402597 0.000000
vt 0.155844 0.000000
vt 0.896104 0.000000
vt 0.675325 0.000000
vt 0.688312 0.000000
vt 0.883117 0.000000
vt 0.168831 0.000000
vt 0.389610 0.000000
vt 0.701299 0.000000
vt 0.870130 0.000000
vt 0.740260 0.000000
vt 0.376623 0.000000
vt 0.844156 0.000000
vt 0.753247 0.000000
vt 0.766234 0.000000
vt 0.831169 0.000000
vt 0.779221 0.000000
vt 0.194805 0.000000
vt 0.792208 0.000000
vt 0.805195 0.000000
vt 0.207792 0.000000
vt 0.350649 0.000000
vt 0.220779 0.000000
vt 0.233766 0.000000
vt 0.337662 0.000000
vt 0.246753 0.000000
vt 0.324675 0.000000
vt 0.259740 0.000000
vt 0.311688 0.000000
vt 0.298701 0.000000
vt 0.364583 0.000000
vt 0.375000 0.000000
vt 0.369792 0.000000
vt 0.359375 0.000000
vt 0.380208 0.000000
vt 0.354167 0.000000
vt 0.385417 0.000000
vt 0.348958 0.000000
vt 0.390625 0.000000
vt 0.343750 0.000000
vt 0.395833 0.000000
vt 0.338542 0.000000
vt 0.401042 0.000000
vt 0.406250 0.000000
vt 0.328125 0.000000
vt 0.411458 0.000000
vt 0.322917 0.000000
vt 0.687500 0.000000
vt 0.416667 0.000000
vt 0.692708 0.000000
vt 0.682292 0.000000
vt 0.697917 0.000000
vt 0.677083 0.000000
vt 0.703125 0.000000
vt 0.671875 0.000000
vt 0.317708 0.000000
vt 0.421875 0.000000
vt 0.708333 0.000000
vt 0.713542 0.000000
vt 0.661458 0.000000
vt 0.718750 0.000000
vt 0.656250 0.000000
vt 0.723958 0.000000
vt 0.651042 0.000000
vt 0.312500 0.000000
vt 0.427083 0.000000
vt 0.729167 0.000000
vt 0.645833 0.000000
vt 0.734375 0.000000
vt 0.640625 0.000000
vt 0.432292 0.000000
vt 0.307292 0.000000
vt 0.739583 0.000000
vt 0.635417 0.000000
vt 0.744792 0.000000
vt 0.630208 0.000000
vt 0.437500 0.000000
vt 0.302083 0.000000
vt 0.750000 0.000000
vt 0.625000 0.000000
vt 0.619792 0.000000
vt 0.442708 0.000000
vt 0.296875 0.000000
vt 0.755208 0.000000
vt 0.614583 0.000000
vt 0.447917 0.000000
vt 0.291667 0.000000
vt 0.760417 0.000000
vt 0.609375 0.000000
vt 0.453125 0.000000
vt 0.286458 0.000000
vt 0.765625 0.000000
vt 0.604167 0.000000
vt 0.458333 0.000000
vt 0.281250 0.000000
vt 0.770833 0.000000
vt 0.598958 0.000000
vt 0.776042 0.000000
vt 0.463542 0.000000
vt 0.276042 0.000000
vt 0.593750 0.000000
vt 0.781250 0.000000
vt 0.468750 0.000000
vt 0.270833 0.000000
vt 0.588542 0.000000
vt 0.786458 0.000000
vt 0.473958 0.000000
vt 0.265625 0.000000
vt 0.583333 0.000000
vt 0.791667 0.000000
vt 0.479167 0.000000
vt 0.260417 0.000000
vt 0.578125 0.000000
vt 0.796875 0.000000
vt 0.484375 0.000000
vt 0.572917 0.000000
vt 0.255208 0.000000
vt 0.802083 0.000000
vt 0.567708 0.000000
vt 0.489583 0.000000
vt 0.250000 0.000000
vt 0.807292 0.000000
vt 0.562500 0.000000
vt 0.494792 0.000000
vt 0.244792 0.000000
vt 0.812500 0.000000
vt 0.557292 0.000000
vt 0.239583 0.000000
vt 0.817708 0.000000
vt 0.552083 0.000000
vt 0.822917 0.000000
vt 0.234375 0.000000
vt 0.005208 0.000000
vt 0.546875 0.000000
vt 0.828125 0.000000
vt 0.229167 0.000000
vt 0.541667 0.000000
vt 0.010417 0.000000
vt 0.833333 0.000000
vt 0.536458 0.000000
vt 0.223958 0.000000
vt 0.015625 0.000000
vt 0.838542 0.000000
vt 0.531250 0.000000
vt 0.218750 0.000000
vt 0.020833 0.000000
vt 0.843750 0.000000
vt 0.526042 0.000000
vt 0.213542 0.000000
vt 0.026042 0.000000
vt 0.848958 0.000000
vt 0.520833 0.000000
vt 0.208333 0.000000
vt 0.854167 0.000000
vt 0.515625 0.000000
vt 0.031250 0.000000
vt 0.203125 0.000000
vt 0.859375 0.000000
vt 0.510417 0.000000
vt 0.036458 0.000000
vt 0.864583 0.000000
vt 0.505208 0.000000
vt 0.197917 0.000000
vt 0.041667 0.000000
vt 0.869792 0.000000
vt 0.500000 0.000000
vt 0.192708 0.000000
vt 0.875000 0.000000
vt 0.046875 0.000000
vt 0.880208 0.000000
vt 0.187500 0.000000
vt 0.994792 0.000000
vt 0.052083 0.000000
vt 0.182292 0.000000
vt 0.057292 0.000000
vt 0.177083 0.000000
vt 0.885417 0.000000
vt 0.989583 0.000000
vt 0.062500 0.000000
vt 0.890625 0.000000
vt 0.984375 0.000000
vt 0.895833 0.000000
vt 0.979167 0.000000
vt 0.171875 0.000000
vt 0.067708 0.000000
vt 0.901042 0.000000
vt 0.973958 0.000000
vt 0.906250 0.000000
vt 0.968750 0.000000
vt 0.166667 0.000000
vt 0.072917 0.000000
vt 0.911458 0.000000
vt 0.963542 0.000000
vt 0.916667 0.000000
vt 0.958333 0.000000
vt 0.921875 0.000000
vt 0.953125 0.000000
vt 0.078125 0.000000
vt 0.927083 0.000000
vt 0.161458 0.000000
vt 0.947917 0.000000
vt 0.932292 0.000000
vt 0.942708 0.000000
vt 0.937500 0.000000
vt 0.083333 0.000000
vt 0.156250 0.000000
vt 0.088542 0.000000
vt 0.151042 0.000000
vt 0.093750 0.000000
vt 0.145833 0.000000
vt 0.098958 0.000000
vt 0.140625 0.000000
vt 0.104167 0.000000
vt 0.135417 0.000000
vt 0.109375 0.000000
vt 0.130208 0.000000
vt 0.114583 0.000000
vt 0.125000 0.000000
vt 0.119792 0.000000
vt 0.078431 0.000000
vt 0.738562 0.000000
vt 0.084967 0.000000
vt 0.091503 0.000000
vt 0.098039 0.000000
vt 0.104575 0.000000
vt 0.111111 0.000000
vt 0.117647 0.000000
vt 0.124183 0.000000
vt 0.130719 0.000000
vt 0.137255 0.000000
vt 0.143791 0.000000
vt 0.150327 0.000000
vt 0.156863 0.000000
vt 0.163399 0.000000
vt 0.169935 0.000000
vt 0.176471 0.000000
vt 0.183007 0.000000
vt 0.189542 0.000000
vt 0.196078 0.000000
vt 0.202614 0.000000
vt 0.209150 0.000000
vt 0.215686 0.000000
vt 0.222222 0.000000
vt 0.732026 0.000000
vt 0.725490 0.000000
vt 0.718954 0.000000
vt 0.228758 0.000000
vt 0.745098 0.000000
vt 0.712418 0.000000
vt 0.705882 0.000000
vt 0.699346 0.000000
vt 0.692810 0.000000
vt 0.235294 0.000000
vt 0.686275 0.000000
vt 0.679739 0.000000
vt 0.673203 0.000000
vt 0.241830 0.000000
vt 0.660131 0.000000
vt 0.248366 0.000000
vt 0.653595 0.000000
vt 0.647059 0.000000
vt 0.254902 0.000000
vt 0.640523 0.000000
vt 0.261438 0.000000
vt 0.633987 0.000000
vt 0.267974 0.000000
vt 0.627451 0.000000
vt 0.620915 0.000000
vt 0.274510 0.000000
vt 0.614379 0.000000
vt 0.607843 0.000000
vt 0.281046 0.000000
vt 0.601307 0.000000
vt 0.594771 0.000000
vt 0.588235 0.000000
vt 0.287582 0.000000
vt 0.581699 0.000000
vt 0.575163 0.000000
vt 0.568627 0.000000
vt 0.562092 0.000000
vt 0.555556 0.000000
vt 0.294118 0.000000
vt 0.549020 0.000000
vt 0.542484 0.000000
vt 0.535948 0.000000
vt 0.529412 0.000000
vt 0.522876 0.000000
vt 0.516340 0.000000
vt 0.300654 0.000000
vt 0.509804 0.000000
vt 0.418301 0.000000
vt 0.424837 0.000000
vt 0.431373 0.000000
vt 0.437909 0.000000
vt 0.503268 0.000000
vt 0.830065 0.000000
vt 0.444444 0.000000
vt 0.450980 0.000000
vt 0.457516 0.000000
vt 0.464052 0.000000
vt 0.470588 0.000000
vt 0.496732 0.000000
vt 0.477124 0.000000
vt 0.483660 0.000000
vt 0.490196 0.000000
vt 0.307190 0.000000
vt 0.313726 0.000000
vt 0.320261 0.000000
vt 0.326797 0.000000
vt 0.339869 0.000000
vt 0.346405 0.000000
vt 0.352941 0.000000
vt 0.359477 0.000000
vt 0.366013 0.000000
vt 0.823529 0.000000
vt 0.816993 0.000000
vt 0.810458 0.000000
vt 0.803922 0.000000
vt 0.372549 0.000000
vt 0.836601 0.000000
vt 0.797386 0.000000
vt 0.790850 0.000000
vt 0.784314 0.000000
vt 0.379085 0.000000
vt 0.777778 0.000000
vt 0.771242 0.000000
vt 0.385621 0.000000
vt 0.764706 0.000000
vt 0.758170 0.000000
vt 0.392157 0.000000
vt 0.751634 0.000000
vt 0.398693 0.000000
vt 0.405229 0.000000
vt 0.993464 0.000000
vt 0.411765 0.000000
vt 0.986928 0.000000
vt 0.980392 0.000000
vt 0.973856 0.000000
vt 0.006536 0.000000
vt 0.967320 0.000000
vt 0.960784 0.000000
vt 0.954248 0.000000
vt 0.947712 0.000000
vt 0.013072 0.000000
vt 0.941176 0.000000
vt 0.934641 0.000000
vt 0.928105 0.000000
vt 0.921569 0.000000
vt 0.915033 0.000000
vt 0.908497 0.000000
vt 0.901961 0.000000
vt 0.895425 0.000000
vt 0.888889 0.000000
vt 0.882353 0.000000
vt 0.875817 0.000000
vt 0.869281 0.000000
vt 0.862745 0.000000
vt 0.856209 0.000000
vt 0.849673 0.000000
vt 0.843137 0.000000
vt 0.019608 0.000000
vt 0.026144 0.000000
vt 0.032680 0.000000
vt 0.039216 0.000000
vt 0.045752 0.000000
vt 0.052288 0.000000
vt 0.058824 0.000000
vt 0.065359 0.000000
vt 0.071895 0.000000
vt 0.302326 0.000000
vt 0.348837 0.000000
vt 0.325581 0.000000
vt 0.697674 0.000000
vt 0.372093 0.000000
vt 0.720930 0.000000
vt 0.674419 0.000000
vt 0.651163 0.000000
vt 0.744186 0.000000
vt 0.627907 0.000000
vt 0.767442 0.000000
vt 0.604651 0.000000
vt 0.790698 0.000000
vt 0.581395 0.000000
vt 0.813953 0.000000
vt 0.558140 0.000000
vt 0.837209 0.000000
vt 0.534884 0.000000
vt 0.860465 0.000000
vt 0.511628 0.000000
vt 0.883721 0.000000
vt 0.488372 0.000000
vt 0.906977 0.000000
vt 0.465116 0.000000
vt 0.930233 0.000000
vt 0.441860 0.000000
vt 0.953488 0.000000
vt 0.976744 0.000000
vt 0.418605 0.000000
vt 0.023256 0.000000
vt 0.395349 0.000000
vt 0.046512 0.000000
vt 0.069767 0.000000
vt 0.093023 0.000000
vt 0.116279 0.000000
vt 0.139535 0.000000
vt 0.162791 0.000000
vt 0.186047 0.000000
vt 0.209302 0.000000
vt 0.232558 0.000000
vt 0.255814 0.000000
vt 0.279070 0.000000
vt 0.000000 1.000000
vt 0.052632 1.000000
vt 0.052632 0.000000
vt 0.105263 1.000000
vt 0.105263 0.000000
vt 0.157895 1.000000
vt 0.157895 0.000000
vt 0.210526 1.000000
vt 0.210526 0.000000
vt 0.263158 1.000000
vt 0.263158 0.000000
vt 0.315789 1.000000
vt 0.315789 0.000000
vt 0.368421 1.000000
vt 0.368421 0.000000
vt 0.421053 1.000000
vt 0.421053 0.000000
vt 0.473684 1.000000
vt 0.473684 0.000000
vt 0.526316 1.000000
vt 0.526316 0.000000
vt 0.578947 1.000000
vt 0.578947 0.000000
vt 0.631579 1.000000
vt 0.631579 0.000000
vt 0.684211 1.000000
vt 0.684211 0.000000
vt 0.736842 1.000000
vt 0.736842 0.000000
vt 0.789474 1.000000
vt 0.789474 0.000000
vt 0.842105 1.000000
vt 0.842105 0.000000
vt 0.894737 1.000000
vt 0.894737 0.000000
vt 0.947368 1.000000
vt 0.947368 0.000000
vt 1.000000 1.000000
vt 0.040000 1.000000
vt 0.040000 0.000000
vt 0.080000 1.000000
vt 0.080000 0.000000
vt 0.120000 1.000000
vt 0.120000 0.000000
vt 0.160000 1.000000
vt 0.160000 0.000000
vt 0.200000 1.000000
vt 0.200000 0.000000
vt 0.240000 1.000000
vt 0.240000 0.000000
vt 0.280000 1.000000
vt 0.280000 0.000000
vt 0.320000 1.000000
vt 0.320000 0.000000
vt 0.360000 1.000000
vt 0.360000 0.000000
vt 0.400000 1.000000
vt 0.400000 0.000000
vt 0.440000 1.000000
vt 0.440000 0.000000
vt 0.480000 1.000000
vt 0.480000 0.000000
vt 0.520000 1.000000
vt 0.520000 0.000000
vt 0.560000 1.000000
vt 0.560000 0.000000
vt 0.600000 1.000000
vt 0.600000 0.000000
vt 0.640000 1.000000
vt 0.640000 0.000000
vt 0.680000 1.000000
vt 0.680000 0.000000
vt 0.720000 1.000000
vt 0.720000 0.000000
vt 0.760000 1.000000
vt 0.760000 0.000000
vt 0.800000 1.000000
vt 0.800000 0.000000
vt 0.840000 1.000000
vt 0.840000 0.000000
vt 0.880000 1.000000
vt 0.880000 0.000000
vt 0.920000 1.000000
vt 0.920000 0.000000
vt 0.960000 1.000000
vt 0.960000 0.000000
vt 0.015625 1.000000
vt 0.031250 1.000000
vt 0.046875 1.000000
vt 0.062500 1.000000
vt 0.078125 1.000000
vt 0.093750 1.000000
vt 0.109375 1.000000
vt 0.125000 1.000000
vt 0.140625 1.000000
vt 0.156250 1.000000
vt 0.171875 1.000000
vt 0.187500 1.000000
vt 0.203125 1.000000
vt 0.218750 1.000000
vt 0.234375 1.000000
vt 0.250000 1.000000
vt 0.265625 1.000000
vt 0.281250 1.000000
vt 0.296875 1.000000
vt 0.312500 1.000000
vt 0.328125 1.000000
vt 0.343750 1.000000
vt 0.359375 1.000000
vt 0.375000 1.000000
vt 0.390625 1.000000
vt 0.406250 1.000000
vt 0.421875 1.000000
vt 0.437500 1.000000
vt 0.453125 1.000000
vt 0.468750 1.000000
vt 0.484375 1.000000
vt 0.500000 1.000000
vt 0.515625 1.000000
vt 0.531250 1.000000
vt 0.546875 1.000000
vt 0.562500 1.000000
vt 0.578125 1.000000
vt 0.593750 1.000000
vt 0.609375 1.000000
vt 0.625000 1.000000
vt 0.640625 1.000000
vt 0.656250 1.000000
vt 0.671875 1.000000
vt 0.687500 1.000000
vt 0.703125 1.000000
vt 0.718750 1.000000
vt 0.734375 1.000000
vt 0.750000 1.000000
vt 0.765625 1.000000
vt 0.781250 1.000000
vt 0.796875 1.000000
vt 0.812500 1.000000
vt 0.828125 1.000000
vt 0.843750 1.000000
vt 0.859375 1.000000
vt 0.875000 1.000000
vt 0.890625 1.000000
vt 0.906250 1.000000
vt 0.921875 1.000000
vt 0.937500 1.000000
vt 0.953125 1.000000
vt 0.968750 1.000000
vt 0.984375 1.000000
vt 0.019608 1.000000
vt 0.039216 1.000000
vt 0.058824 1.000000
vt 0.078431 1.000000
vt 0.098039 1.000000
vt 0.117647 1.000000
vt 0.137255 1.000000
vt 0.156863 1.000000
vt 0.176471 1.000000
vt 0.196078 1.000000
vt 0.215686 1.000000
vt 0.235294 1.000000
vt 0.254902 1.000000
vt 0.274510 1.000000
vt 0.294118 1.000000
vt 0.313726 1.000000
vt 0.333333 1.000000
vt 0.352941 1.000000
vt 0.372549 1.000000
vt 0.392157 1.000000
vt 0.411765 1.000000
vt 0.431373 1.000000
vt 0.450980 1.000000
vt 0.470588 1.000000
vt 0.490196 1.000000
vt 0.509804 1.000000
vt 0.529412 1.000000
vt 0.549020 1.000000
vt 0.568627 1.000000
vt 0.588235 1.000000
vt 0.607843 1.000000
vt 0.627451 1.000000
vt 0.647059 1.000000
vt 0.666667 1.000000
vt 0.686275 1.000000
vt 0.705882 1.000000
vt 0.725490 1.000000
vt 0.745098 1.000000
vt 0.764706 1.000000
vt 0.784314 1.000000
vt 0.803922 1.000000
vt 0.823529 1.000000
vt 0.843137 1.000000
vt 0.862745 1.000000
vt 0.882353 1.000000
vt 0.901961 1.000000
vt 0.921569 1.000000
vt 0.941176 1.000000
vt 0.960784 1.000000
vt 0.980392 1.000000
vt 0.025641 1.000000
vt 0.025641 0.000000
vt 0.051282 1.000000
vt 0.051282 0.000000
vt 0.076923 1.000000
vt 0.076923 0.000000
vt 0.102564 1.000000
vt 0.102564 0.000000
vt 0.128205 1.000000
vt 0.128205 0.000000
vt 0.153846 1.000000
vt 0.153846 0.000000
vt 0.179487 1.000000
vt 0.179487 0.000000
vt 0.205128 1.000000
vt 0.205128 0.000000
vt 0.230769 1.000000
vt 0.230769 0.000000
vt 0.256410 1.000000
vt 0.256410 0.000000
vt 0.282051 1.000000
vt 0.282051 0.000000
vt 0.307692 1.000000
vt 0.307692 0.000000
vt 0.358974 1.000000
vt 0.358974 0.000000
vt 0.384615 1.000000
vt 0.384615 0.000000
vt 0.410256 1.000000
vt 0.410256 0.000000
vt 0.435897 1.000000
vt 0.435897 0.000000
vt 0.461538 1.000000
vt 0.461538 0.000000
vt 0.487179 1.000000
vt 0.487179 0.000000
vt 0.512821 1.000000
vt 0.512821 0.000000
vt 0.538462 1.000000
vt 0.538462 0.000000
vt 0.564103 1.000000
vt 0.564103 0.000000
vt 0.589744 1.000000
vt 0.589744 0.000000
vt 0.615385 1.000000
vt 0.615385 0.000000
vt 0.641026 1.000000
vt 0.641026 0.000000
vt 0.692308 1.000000
vt 0.692308 0.000000
vt 0.717949 1.000000
vt 0.717949 0.000000
vt 0.743590 1.000000
vt 0.743590 0.000000
vt 0.769231 1.000000
vt 0.769231 0.000000
vt 0.794872 1.000000
vt 0.794872 0.000000
vt 0.820513 1.000000
vt 0.820513 0.000000
vt 0.846154 1.000000
vt 0.846154 0.000000
vt 0.871795 1.000000
vt 0.871795 0.000000
vt 0.897436 1.000000
vt 0.897436 0.000000
vt 0.923077 1.000000
vt 0.923077 0.000000
vt 0.948718 1.000000
vt 0.948718 0.000000
vt 0.974359 1.000000
vt 0.974359 0.000000
vt 0.010417 1.000000
vt 0.020833 1.000000
vt 0.041667 1.000000
vt 0.052083 1.000000
vt 0.072917 1.000000
vt 0.083333 1.000000
vt 0.104167 1.000000
vt 0.114583 1.000000
vt 0.135417 1.000000
vt 0.145833 1.000000
vt 0.166667 1.000000
vt 0.177083 1.000000
vt 0.197917 1.000000
vt 0.208333 1.000000
vt 0.229167 1.000000
vt 0.239583 1.000000
vt 0.260417 1.000000
vt 0.270833 1.000000
vt 0.291667 1.000000
vt 0.302083 1.000000
vt 0.322917 1.000000
vt 0.354167 1.000000
vt 0.364583 1.000000
vt 0.385417 1.000000
vt 0.395833 1.000000
vt 0.416667 1.000000
vt 0.427083 1.000000
vt 0.447917 1.000000
vt 0.458333 1.000000
vt 0.479167 1.000000
vt 0.489583 1.000000
vt 0.510417 1.000000
vt 0.520833 1.000000
vt 0.541667 1.000000
vt 0.552083 1.000000
vt 0.572917 1.000000
vt 0.583333 1.000000
vt 0.604167 1.000000
vt 0.614583 1.000000
vt 0.635417 1.000000
vt 0.645833 1.000000
vt 0.677083 1.000000
vt 0.697917 1.000000
vt 0.708333 1.000000
vt 0.729167 1.000000
vt 0.739583 1.000000
vt 0.760417 1.000000
vt 0.770833 1.000000
vt 0.791667 1.000000
vt 0.802083 1.000000
vt 0.822917 1.000000
vt 0.833333 1.000000
vt 0.854167 1.000000
vt 0.864583 1.000000
vt 0.885417 1.000000
vt 0.895833 1.000000
vt 0.916667 1.000000
vt 0.927083 1.000000
vt 0.947917 1.000000
vt 0.958333 1.000000
vt 0.979167 1.000000
vt 0.989583 1.000000
vt 0.010309 1.000000
vt 0.010309 0.000000
vt 0.020619 1.000000
vt 0.020619 0.000000
vt 0.030928 1.000000
vt 0.030928 0.000000
vt 0.041237 1.000000
vt 0.041237 0.000000
vt 0.051546 1.000000
vt 0.051546 0.000000
vt 0.061856 1.000000
vt 0.061856 0.000000
vt 0.072165 1.000000
vt 0.072165 0.000000
vt 0.082474 1.000000
vt 0.082474 0.000000
vt 0.092784 1.000000
vt 0.092784 0.000000
vt 0.103093 1.000000
vt 0.103093 0.000000
vt 0.113402 1.000000
vt 0.113402 0.000000
vt 0.123711 1.000000
vt 0.123711 0.000000
vt 0.134021 1.000000
vt 0.134021 0.000000
vt 0.144330 1.000000
vt 0.144330 0.000000
vt 0.154639 1.000000
vt 0.154639 0.000000
vt 0.164948 1.000000
vt 0.164948 0.000000
vt 0.175258 1.000000
vt 0.175258 0.000000
vt 0.185567 1.000000
vt 0.185567 0.000000
vt 0.195876 1.000000
vt 0.195876 0.000000
vt 0.206186 1.000000
vt 0.206186 0.000000
vt 0.216495 1.000000
vt 0.216495 0.000000
vt 0.226804 1.000000
vt 0.226804 0.000000
vt 0.237113 1.000000
vt 0.237113 0.000000
vt 0.247423 1.000000
vt 0.247423 0.000000
vt 0.257732 1.000000
vt 0.257732 0.000000
vt 0.268041 1.000000
vt 0.268041 0.000000
vt 0.278351 1.000000
vt 0.278351 0.000000
vt 0.288660 1.000000
vt 0.288660 0.000000
vt 0.298969 1.000000
vt 0.298969 0.000000
vt 0.309278 1.000000
vt 0.309278 0.000000
vt 0.319588 1.000000
vt 0.319588 0.000000
vt 0.329897 1.000000
vt 0.329897 0.000000
vt 0.340206 1.000000
vt 0.340206 0.000000
vt 0.350515 1.000000
vt 0.350515 0.000000
vt 0.360825 1.000000
vt 0.360825 0.000000
vt 0.371134 1.000000
vt 0.371134 0.000000
vt 0.381443 1.000000
vt 0.381443 0.000000
vt 0.391753 1.000000
vt 0.391753 0.000000
vt 0.402062 1.000000
vt 0.402062 0.000000
vt 0.412371 1.000000
vt 0.412371 0.000000
vt 0.422680 1.000000
vt 0.422680 0.000000
vt 0.432990 1.000000
vt 0.432990 0.000000
vt 0.443299 1.000000
vt 0.443299 0.000000
vt 0.453608 1.000000
vt 0.453608 0.000000
vt 0.463918 1.000000
vt 0.463918 0.000000
vt 0.474227 1.000000
vt 0.474227 0.000000
vt 0.484536 1.000000
vt 0.484536 0.000000
vt 0.494845 1.000000
vt 0.494845 0.000000
vt 0.505155 1.000000
vt 0.505155 0.000000
vt 0.515464 1.000000
vt 0.515464 0.000000
vt 0.525773 1.000000
vt 0.525773 0.000000
vt 0.536082 1.000000
vt 0.536082 0.000000
vt 0.546392 1.000000
vt 0.546392 0.000000
vt 0.556701 1.000000
vt 0.556701 0.000000
vt 0.567010 1.000000
vt 0.567010 0.000000
vt 0.577320 1.000000
vt 0.577320 0.000000
vt 0.587629 1.000000
vt 0.587629 0.000000
vt 0.597938 1.000000
vt 0.597938 0.000000
vt 0.608247 1.000000
vt 0.608247 0.000000
vt 0.618557 1.000000
vt 0.618557 0.000000
vt 0.628866 1.000000
vt 0.628866 0.000000
vt 0.639175 1.000000
vt 0.639175 0.000000
vt 0.649485 1.000000
vt 0.649485 0.000000
vt 0.659794 1.000000
vt 0.659794 0.000000
vt 0.670103 1.000000
vt 0.670103 0.000000
vt 0.680412 1.000000
vt 0.680412 0.000000
vt 0.690722 1.000000
vt 0.690722 0.000000
vt 0.701031 1.000000
vt 0.701031 0.000000
vt 0.711340 1.000000
vt 0.711340 0.000000
vt 0.721649 1.000000
vt 0.721649 0.000000
vt 0.731959 1.000000
vt 0.731959 0.000000
vt 0.742268 1.000000
vt 0.742268 0.000000
vt 0.752577 1.000000
vt 0.752577 0.000000
vt 0.762887 1.000000
vt 0.762887 0.000000
vt 0.773196 1.000000
vt 0.773196 0.000000
vt 0.783505 1.000000
vt 0.783505 0.000000
vt 0.793814 1.000000
vt 0.793814 0.000000
vt 0.804124 1.000000
vt 0.804124 0.000000
vt 0.814433 1.000000
vt 0.814433 0.000000
vt 0.824742 1.000000
vt 0.824742 0.000000
vt 0.835052 1.000000
vt 0.835052 0.000000
vt 0.845361 1.000000
vt 0.845361 0.000000
vt 0.855670 1.000000
vt 0.855670 0.000000
vt 0.865979 1.000000
vt 0.865979 0.000000
vt 0.876289 1.000000
vt 0.876289 0.000000
vt 0.886598 1.000000
vt 0.886598 0.000000
vt 0.896907 1.000000
vt 0.896907 0.000000
vt 0.907216 1.000000
vt 0.907216 0.000000
vt 0.917526 1.000000
vt 0.917526 0.000000
vt 0.927835 1.000000
vt 0.927835 0.000000
vt 0.938144 1.000000
vt 0.938144 0.000000
vt 0.948454 1.000000
vt 0.948454 0.000000
vt 0.958763 1.000000
vt 0.958763 0.000000
vt 0.969072 1.000000
vt 0.969072 0.000000
vt 0.979381 1.000000
vt 0.979381 0.000000
vt 0.989691 1.000000
vt 0.989691 0.000000
vt 0.012821 1.000000
vt 0.012821 0.000000
vt 0.038462 1.000000
vt 0.038462 0.000000
vt 0.064103 1.000000
vt 0.064103 0.000000
vt 0.089744 1.000000
vt 0.089744 0.000000
vt 0.115385 1.000000
vt 0.115385 0.000000
vt 0.141026 1.000000
vt 0.141026 0.000000
vt 0.192308 1.000000
vt 0.192308 0.000000
vt 0.217949 1.000000
vt 0.217949 0.000000
vt 0.243590 1.000000
vt 0.243590 0.000000
vt 0.269231 1.000000
vt 0.269231 0.000000
vt 0.294872 1.000000
vt 0.294872 0.000000
vt 0.320513 1.000000
vt 0.320513 0.000000
vt 0.346154 1.000000
vt 0.346154 0.000000
vt 0.371795 1.000000
vt 0.371795 0.000000
vt 0.397436 1.000000
vt 0.397436 0.000000
vt 0.423077 1.000000
vt 0.423077 0.000000
vt 0.448718 1.000000
vt 0.448718 0.000000
vt 0.474359 1.000000
vt 0.474359 0.000000
vt 0.525641 1.000000
vt 0.525641 0.000000
vt 0.551282 1.000000
vt 0.551282 0.000000
vt 0.576923 1.000000
vt 0.576923 0.000000
vt 0.602564 1.000000
vt 0.602564 0.000000
vt 0.628205 1.000000
vt 0.628205 0.000000
vt 0.653846 1.000000
vt 0.653846 0.000000
vt 0.679487 1.000000
vt 0.679487 0.000000
vt 0.705128 1.000000
vt 0.705128 0.000000
vt 0.730769 1.000000
vt 0.730769 0.000000
vt 0.756410 1.000000
vt 0.756410 0.000000
vt 0.782051 1.000000
vt 0.782051 0.000000
vt 0.807692 1.000000
vt 0.807692 0.000000
vt 0.858974 1.000000
vt 0.858974 0.000000
vt 0.884615 1.000000
vt 0.884615 0.000000
vt 0.910256 1.000000
vt 0.910256 0.000000
vt 0.935897 1.000000
vt 0.935897 0.000000
vt 0.961538 1.000000
vt 0.961538 0.000000
vt 0.987179 1.000000
vt 0.987179 0.000000
vt 0.029412 1.000000
vt 0.029412 0.000000
vt 0.088235 1.000000
vt 0.088235 0.000000
vt 0.147059 1.000000
vt 0.147059 0.000000
vt 0.205882 1.000000
vt 0.205882 0.000000
vt 0.264706 1.000000
vt 0.264706 0.000000
vt 0.323529 1.000000
vt 0.323529 0.000000
vt 0.382353 1.000000
vt 0.382353 0.000000
vt 0.441176 1.000000
vt 0.441176 0.000000
vt 0.558824 1.000000
vt 0.558824 0.000000
vt 0.617647 1.000000
vt 0.617647 0.000000
vt 0.676471 1.000000
vt 0.676471 0.000000
vt 0.735294 1.000000
vt 0.735294 0.000000
vt 0.794118 1.000000
vt 0.794118 0.000000
vt 0.852941 1.000000
vt 0.852941 0.000000
vt 0.911765 1.000000
vt 0.911765 0.000000
vt 0.970588 1.000000
vt 0.970588 0.000000
s 0
usemtl Material.005
f 8/1/1 12/2/1 9/3/1
f 12/2/1 10/4/1 9/3/1
f 12/2/1 11/5/1 10/4/1
f 8/1/1 1/6/1 12/2/1
f 8/1/1 4/7/1 1/6/1
f 4/7/1 2/8/1 1/6/1
f 4/7/1 3/9/1 2/8/1
f 8/1/1 5/10/1 4/7/1
f 8/1/1 6/11/1 5/10/1
f 8/1/1 7/12/1 6/11/1
f 30/13/1 32/14/1 31/12/1
f 30/13/1 28/11/1 32/14/1
f 28/11/1 33/15/1 32/14/1
f 44/16/1 46/2/1 45/17/1
f 44/16/1 13/6/1 46/2/1
f 43/5/1 13/6/1 44/16/1
f 42/18/1 15/19/1 43/5/1
f 15/19/1 13/6/1 43/5/1
f 41/20/1 15/19/1 42/18/1
f 40/4/1 15/19/1 41/20/1
f 39/21/1 15/19/1 40/4/1
f 38/22/1 15/19/1 39/21/1
f 37/3/1 15/19/1 38/22/1
f 36/23/1 15/19/1 37/3/1
f 30/13/1 29/24/1 28/11/1
f 27/25/1 33/15/1 28/11/1
f 36/23/1 16/8/1 15/19/1
f 14/26/1 13/6/1 15/19/1
f 35/27/1 16/8/1 36/23/1
f 35/27/1 17/28/1 16/8/1
f 34/1/1 17/28/1 35/27/1
f 34/1/1 18/29/1 17/28/1
f 34/1/1 19/9/1 18/29/1
f 33/15/1 19/9/1 34/1/1
f 33/15/1 20/30/1 19/9/1
f 27/25/1 26/31/1 33/15/1
f 26/31/1 25/10/1 33/15/1
f 25/10/1 24/32/1 33/15/1
f 24/32/1 23/33/1 33/15/1
f 23/33/1 22/7/1 33/15/1
f 22/7/1 21/34/1 33/15/1
f 21/34/1 20/30/1 33/15/1
f 52/35/1 54/2/1 53/36/1
f 52/35/1 47/6/1 54/2/1
f 51/37/1 47/6/1 52/35/1
f 50/38/1 48/39/1 51/37/1
f 48/39/2 47/6/2 51/37/2
f 50/38/1 49/40/1 48/39/1
f 90/11/1 92/41/1 91/42/1
f 90/11/1 93/43/1 92/41/1
f 129/44/1 131/45/1 130/46/1
f 129/44/1 132/2/1 131/45/1
f 129/44/1 55/6/1 132/2/1
f 89/47/1 93/43/1 90/11/1
f 89/47/1 94/48/1 93/43/1
f 89/47/1 95/49/1 94/48/1
f 128/50/1 55/6/1 129/44/1
f 128/50/1 56/51/1 55/6/1
f 89/47/1 96/52/1 95/49/1
f 128/50/1 57/53/1 56/51/1
f 89/47/1 97/12/1 96/52/1
f 128/50/1 58/54/1 57/53/1
f 88/38/1 97/12/1 89/47/1
f 88/38/1 98/55/1 97/12/1
f 127/56/1 58/54/1 128/50/1
f 127/56/1 59/57/1 58/54/1
f 88/38/1 99/37/1 98/55/1
f 127/56/1 60/58/1 59/57/1
f 88/38/1 100/59/1 99/37/1
f 127/56/1 61/60/1 60/58/1
f 88/38/1 101/61/1 100/59/1
f 126/62/1 61/60/1 127/56/1
f 126/62/1 62/8/1 61/60/1
f 88/38/1 102/63/1 101/61/1
f 87/64/1 102/63/1 88/38/1
f 126/62/1 63/65/1 62/8/1
f 87/64/1 103/66/1 102/63/1
f 126/62/1 64/67/1 63/65/1
f 87/64/1 104/1/1 103/66/1
f 125/5/1 64/67/1 126/62/1
f 87/64/1 105/68/1 104/1/1
f 125/5/1 65/69/1 64/67/1
f 87/64/1 106/70/1 105/68/1
f 125/5/1 66/39/1 65/69/1
f 86/71/1 106/70/1 87/64/1
f 125/5/1 67/72/1 66/39/1
f 124/73/1 67/72/1 125/5/1
f 86/71/1 107/74/1 106/70/1
f 86/71/1 108/75/1 107/74/1
f 123/76/1 67/72/1 124/73/1
f 123/76/1 68/77/1 67/72/1
f 85/78/1 108/75/1 86/71/1
f 85/78/1 109/79/1 108/75/1
f 122/80/1 68/77/1 123/76/1
f 85/78/1 110/35/1 109/79/1
f 85/78/1 111/3/1 110/35/1
f 121/36/1 68/77/1 122/80/1
f 121/36/1 69/9/1 68/77/1
f 85/78/1 112/81/1 111/3/1
f 84/82/1 112/81/1 85/78/1
f 120/83/1 69/9/1 121/36/1
f 84/82/1 113/84/1 112/81/1
f 84/82/1 114/85/1 113/84/1
f 119/86/1 69/9/1 120/83/1
f 84/82/1 115/87/1 114/85/1
f 119/86/1 70/88/1 69/9/1
f 118/4/1 70/88/1 119/86/1
f 84/82/1 116/89/1 115/87/1
f 117/90/1 70/88/1 118/4/1
f 84/82/1 117/90/1 116/89/1
f 84/82/1 70/88/1 117/90/1
f 83/10/1 70/88/1 84/82/1
f 83/10/1 71/91/1 70/88/1
f 82/92/1 71/91/1 83/10/1
f 82/92/1 72/93/1 71/91/1
f 82/92/1 73/94/1 72/93/1
f 81/95/1 73/94/1 82/92/1
f 81/95/1 74/96/1 73/94/1
f 80/97/1 74/96/1 81/95/1
f 80/97/1 75/98/1 74/96/1
f 80/97/1 76/7/1 75/98/1
f 79/99/1 76/7/1 80/97/1
f 79/99/1 77/40/1 76/7/1
f 78/100/1 77/40/1 79/99/1
f 203/101/1 205/102/1 204/103/1
f 202/104/1 205/102/1 203/101/1
f 202/104/1 206/105/1 205/102/1
f 201/106/1 206/105/1 202/104/1
f 201/106/1 207/107/1 206/105/1
f 200/108/1 207/107/1 201/106/1
f 200/108/1 208/109/1 207/107/1
f 199/110/1 208/109/1 200/108/1
f 199/110/1 209/111/1 208/109/1
f 198/112/1 209/111/1 199/110/1
f 198/112/1 210/113/1 209/111/1
f 197/32/1 210/113/1 198/112/1
f 197/32/1 211/114/1 210/113/1
f 196/115/1 211/114/1 197/32/1
f 196/115/1 212/116/1 211/114/1
f 195/117/1 212/116/1 196/115/1
f 195/117/1 265/118/1 212/116/1
f 265/118/1 213/119/1 212/116/1
f 195/117/1 266/120/1 265/118/1
f 264/121/1 213/119/1 265/118/1
f 195/117/1 267/122/1 266/120/1
f 263/123/1 213/119/1 264/121/1
f 195/117/1 268/124/1 267/122/1
f 262/125/1 213/119/1 263/123/1
f 194/126/1 268/124/1 195/117/1
f 262/125/1 214/127/1 213/119/1
f 194/126/1 269/128/1 268/124/1
f 261/27/1 214/127/1 262/125/1
f 194/126/1 270/129/1 269/128/1
f 260/130/1 214/127/1 261/27/1
f 194/126/1 271/131/1 270/129/1
f 259/132/1 214/127/1 260/130/1
f 194/126/1 272/133/1 271/131/1
f 258/134/1 214/127/1 259/132/1
f 193/135/1 272/133/1 194/126/1
f 258/134/1 215/136/1 214/127/1
f 193/135/1 273/137/1 272/133/1
f 257/138/1 215/136/1 258/134/1
f 193/135/1 274/139/1 273/137/1
f 256/140/1 215/136/1 257/138/1
f 256/140/1 216/141/1 215/136/1
f 192/142/1 274/139/1 193/135/1
f 192/142/1 275/143/1 274/139/1
f 255/144/1 216/141/1 256/140/1
f 192/142/1 276/145/1 275/143/1
f 254/146/1 216/141/1 255/144/1
f 254/146/1 217/147/1 216/141/1
f 191/148/1 276/145/1 192/142/1
f 191/148/1 277/149/1 276/145/1
f 253/150/1 252/151/1 254/146/1
f 252/151/1 217/147/1 254/146/1
f 252/151/1 218/152/1 217/147/1
f 190/153/1 277/149/1 191/148/1
f 190/153/1 278/154/1 277/149/1
f 251/155/1 218/152/1 252/151/1
f 251/155/1 219/156/1 218/152/1
f 189/157/1 278/154/1 190/153/1
f 189/157/1 279/158/1 278/154/1
f 250/159/1 219/156/1 251/155/1
f 250/159/1 220/160/1 219/156/1
f 188/161/1 279/158/1 189/157/1
f 188/161/1 280/162/1 279/158/1
f 249/163/1 220/160/1 250/159/1
f 249/163/1 221/164/1 220/160/1
f 187/165/1 280/162/1 188/161/1
f 187/165/1 281/166/1 280/162/1
f 248/167/1 221/164/1 249/163/1
f 187/165/1 282/168/1 281/166/1
f 248/167/1 222/169/1 221/164/1
f 186/170/1 282/168/1 187/165/1
f 247/171/1 222/169/1 248/167/1
f 186/170/1 283/172/1 282/168/1
f 247/171/1 223/173/1 222/169/1
f 185/174/1 283/172/1 186/170/1
f 246/175/1 223/173/1 247/171/1
f 185/174/1 284/176/1 283/172/1
f 246/175/1 224/177/1 223/173/1
f 184/178/1 284/176/1 185/174/1
f 245/179/1 224/177/1 246/175/1
f 184/178/1 285/180/1 284/176/1
f 245/179/1 225/181/1 224/177/1
f 183/182/1 285/180/1 184/178/1
f 244/183/1 225/181/1 245/179/1
f 183/182/1 286/184/1 285/180/1
f 244/183/1 226/185/1 225/181/1
f 243/186/1 226/185/1 244/183/1
f 182/187/1 286/184/1 183/182/1
f 182/187/1 287/188/1 286/184/1
f 242/189/1 226/185/1 243/186/1
f 242/189/1 227/190/1 226/185/1
f 181/191/1 287/188/1 182/187/1
f 181/191/1 288/192/1 287/188/1
f 241/193/1 227/190/1 242/189/1
f 241/193/1 228/194/1 227/190/1
f 180/195/1 288/192/1 181/191/1
f 180/195/1 289/196/1 288/192/1
f 240/197/1 228/194/1 241/193/1
f 179/198/1 289/196/1 180/195/1
f 179/198/1 290/199/1 289/196/1
f 240/197/1 133/6/1 228/194/1
f 239/200/1 133/6/1 240/197/1
f 179/198/1 291/201/1 290/199/1
f 178/202/1 291/201/1 179/198/1
f 239/200/1 134/203/1 133/6/1
f 238/204/1 134/203/1 239/200/1
f 178/202/1 292/205/1 291/201/1
f 177/206/1 292/205/1 178/202/1
f 237/207/1 134/203/1 238/204/1
f 237/207/1 135/208/1 134/203/1
f 177/206/1 293/209/1 292/205/1
f 236/210/1 135/208/1 237/207/1
f 176/211/1 293/209/1 177/206/1
f 236/210/1 136/212/1 135/208/1
f 176/211/1 294/213/1 293/209/1
f 235/214/1 136/212/1 236/210/1
f 175/215/1 294/213/1 176/211/1
f 235/214/1 137/216/1 136/212/1
f 175/215/1 295/217/1 294/213/1
f 234/218/1 137/216/1 235/214/1
f 174/219/1 295/217/1 175/215/1
f 234/218/1 138/220/1 137/216/1
f 174/219/1 296/221/1 295/217/1
f 233/222/1 138/220/1 234/218/1
f 173/223/1 296/221/1 174/219/1
f 173/223/1 297/224/1 296/221/1
f 232/225/1 138/220/1 233/222/1
f 232/225/1 139/226/1 138/220/1
f 172/227/1 297/224/1 173/223/1
f 172/227/1 298/228/1 297/224/1
f 231/229/1 139/226/1 232/225/1
f 231/229/1 140/230/1 139/226/1
f 172/227/1 299/231/1 298/228/1
f 230/232/1 140/230/1 231/229/1
f 171/233/1 299/231/1 172/227/1
f 230/232/1 141/234/1 140/230/1
f 171/233/1 300/235/1 299/231/1
f 229/236/1 141/234/1 230/232/1
f 170/237/1 300/235/1 171/233/1
f 170/237/1 301/238/1 300/235/1
f 325/2/1 141/234/1 229/236/1
f 325/2/1 142/239/1 141/234/1
f 170/237/1 302/240/1 301/238/1
f 169/241/1 302/240/1 170/237/1
f 324/242/1 142/239/1 325/2/1
f 324/242/1 143/243/1 142/239/1
f 168/244/1 302/240/1 169/241/1
f 324/242/1 144/245/1 143/243/1
f 167/246/1 302/240/1 168/244/1
f 167/246/1 303/247/1 302/240/1
f 323/248/1 144/245/1 324/242/1
f 323/248/1 145/249/1 144/245/1
f 167/246/1 304/250/1 303/247/1
f 322/251/1 145/249/1 323/248/1
f 167/246/1 305/252/1 304/250/1
f 321/253/1 145/249/1 322/251/1
f 166/254/1 305/252/1 167/246/1
f 321/253/1 146/255/1 145/249/1
f 166/254/1 306/256/1 305/252/1
f 320/257/1 146/255/1 321/253/1
f 166/254/1 307/258/1 306/256/1
f 319/259/1 146/255/1 320/257/1
f 165/260/1 307/258/1 166/254/1
f 319/259/1 147/261/1 146/255/1
f 165/260/1 308/262/1 307/258/1
f 318/263/1 147/261/1 319/259/1
f 165/260/1 309/264/1 308/262/1
f 317/265/1 147/261/1 318/263/1
f 165/260/1 310/266/1 309/264/1
f 316/267/1 147/261/1 317/265/1
f 316/267/1 148/268/1 147/261/1
f 165/260/1 311/269/1 310/266/1
f 164/270/1 311/269/1 165/260/1
f 315/271/1 148/268/1 316/267/1
f 164/270/1 312/272/1 311/269/1
f 314/273/1 148/268/1 315/271/1
f 164/270/1 313/274/1 312/272/1
f 313/274/1 148/268/1 314/273/1
f 164/270/1 148/268/1 313/274/1
f 164/270/1 149/275/1 148/268/1
f 163/276/1 149/275/1 164/270/1
f 163/276/1 150/277/1 149/275/1
f 162/278/1 150/277/1 163/276/1
f 162/278/1 151/279/1 150/277/1
f 161/280/1 151/279/1 162/278/1
f 161/280/1 152/281/1 151/279/1
f 160/282/1 152/281/1 161/280/1
f 160/282/1 153/283/1 152/281/1
f 159/284/1 153/283/1 160/282/1
f 159/284/1 154/285/1 153/283/1
f 158/286/1 154/285/1 159/284/1
f 158/286/1 155/287/1 154/285/1
f 157/288/1 155/287/1 158/286/1
f 157/288/1 156/289/1 155/287/1
f 338/290/1 439/291/1 339/292/1
f 439/291/1 340/293/1 339/292/1
f 439/291/1 341/294/1 340/293/1
f 439/291/1 342/295/1 341/294/1
f 439/291/1 343/296/1 342/295/1
f 439/291/1 344/297/1 343/296/1
f 439/291/1 345/298/1 344/297/1
f 439/291/1 346/299/1 345/298/1
f 439/291/1 347/300/1 346/299/1
f 439/291/1 348/301/1 347/300/1
f 439/291/1 349/302/1 348/301/1
f 439/291/1 350/303/1 349/302/1
f 439/291/1 351/304/1 350/303/1
f 439/291/1 352/305/1 351/304/1
f 439/291/1 353/306/1 352/305/1
f 439/291/1 354/307/1 353/306/1
f 439/291/1 355/308/1 354/307/1
f 439/291/1 356/309/1 355/308/1
f 439/291/1 357/310/1 356/309/1
f 439/291/1 358/311/1 357/310/1
f 439/291/1 359/312/1 358/311/1
f 439/291/1 360/313/1 359/312/1
f 439/291/1 438/314/1 360/313/1
f 438/314/1 437/315/1 360/313/1
f 437/315/1 436/316/1 360/313/1
f 436/316/1 361/317/1 360/313/1
f 338/290/1 440/318/1 439/291/1
f 435/319/1 361/317/1 436/316/1
f 434/320/1 361/317/1 435/319/1
f 433/321/1 361/317/1 434/320/1
f 432/322/1 361/317/1 433/321/1
f 432/322/1 362/323/1 361/317/1
f 431/324/1 362/323/1 432/322/1
f 430/325/1 362/323/1 431/324/1
f 429/326/1 362/323/1 430/325/1
f 429/326/1 363/327/1 362/323/1
f 428/27/1 363/327/1 429/326/1
f 427/328/1 363/327/1 428/27/1
f 427/328/1 364/329/1 363/327/1
f 426/330/1 364/329/1 427/328/1
f 425/331/1 364/329/1 426/330/1
f 425/331/1 365/332/1 364/329/1
f 424/333/1 365/332/1 425/331/1
f 424/333/1 366/334/1 365/332/1
f 423/335/1 366/334/1 424/333/1
f 423/335/1 367/336/1 366/334/1
f 422/337/1 367/336/1 423/335/1
f 421/338/1 367/336/1 422/337/1
f 421/338/1 368/339/1 367/336/1
f 420/340/1 368/339/1 421/338/1
f 419/341/1 368/339/1 420/340/1
f 419/341/1 369/342/1 368/339/1
f 418/343/1 369/342/1 419/341/1
f 417/344/1 369/342/1 418/343/1
f 416/345/1 369/342/1 417/344/1
f 416/345/1 370/346/1 369/342/1
f 415/347/1 370/346/1 416/345/1
f 414/348/1 370/346/1 415/347/1
f 413/349/1 370/346/1 414/348/1
f 412/350/1 370/346/1 413/349/1
f 411/351/1 370/346/1 412/350/1
f 411/351/1 371/352/1 370/346/1
f 410/353/1 371/352/1 411/351/1
f 409/354/1 371/352/1 410/353/1
f 408/355/1 371/352/1 409/354/1
f 407/356/1 371/352/1 408/355/1
f 406/357/1 371/352/1 407/356/1
f 405/358/1 371/352/1 406/357/1
f 405/358/1 372/359/1 371/352/1
f 404/360/1 372/359/1 405/358/1
f 338/290/1 390/361/1 440/318/1
f 338/290/1 391/362/1 390/361/1
f 338/290/1 392/363/1 391/362/1
f 338/290/1 393/364/1 392/363/1
f 403/365/1 372/359/1 404/360/1
f 338/290/1 453/366/1 393/364/1
f 453/366/1 394/367/1 393/364/1
f 453/366/1 395/368/1 394/367/1
f 453/366/1 396/369/1 395/368/1
f 453/366/1 397/370/1 396/369/1
f 453/366/1 398/371/1 397/370/1
f 402/372/1 372/359/1 403/365/1
f 453/366/1 399/373/1 398/371/1
f 453/366/1 400/374/1 399/373/1
f 453/366/1 401/375/1 400/374/1
f 453/366/1 402/372/1 401/375/1
f 453/366/1 372/359/1 402/372/1
f 453/366/1 373/376/1 372/359/1
f 453/366/1 374/377/1 373/376/1
f 453/366/1 375/378/1 374/377/1
f 453/366/1 376/379/1 375/378/1
f 453/366/1 377/32/1 376/379/1
f 453/366/1 378/380/1 377/32/1
f 453/366/1 379/381/1 378/380/1
f 453/366/1 380/382/1 379/381/1
f 453/366/1 381/383/1 380/382/1
f 453/366/1 382/384/1 381/383/1
f 453/366/1 452/385/1 382/384/1
f 452/385/1 451/386/1 382/384/1
f 451/386/1 450/387/1 382/384/1
f 450/387/1 449/388/1 382/384/1
f 449/388/1 383/389/1 382/384/1
f 338/290/1 454/390/1 453/366/1
f 448/391/1 383/389/1 449/388/1
f 447/392/1 383/389/1 448/391/1
f 446/393/1 383/389/1 447/392/1
f 446/393/1 384/394/1 383/389/1
f 445/395/1 384/394/1 446/393/1
f 444/396/1 384/394/1 445/395/1
f 444/396/1 385/397/1 384/394/1
f 443/398/1 385/397/1 444/396/1
f 442/399/1 385/397/1 443/398/1
f 442/399/1 386/400/1 385/397/1
f 441/401/1 386/400/1 442/399/1
f 441/401/1 387/402/1 386/400/1
f 479/2/1 387/402/1 441/401/1
f 479/2/1 388/403/1 387/402/1
f 478/404/1 388/403/1 479/2/1
f 478/404/1 389/405/1 388/403/1
f 477/406/1 389/405/1 478/404/1
f 477/406/1 326/6/1 389/405/1
f 476/407/1 326/6/1 477/406/1
f 475/408/1 326/6/1 476/407/1
f 475/408/1 327/409/1 326/6/1
f 474/410/1 327/409/1 475/408/1
f 473/411/1 327/409/1 474/410/1
f 472/412/1 327/409/1 473/411/1
f 471/413/1 327/409/1 472/412/1
f 471/413/1 328/414/1 327/409/1
f 470/415/1 328/414/1 471/413/1
f 469/416/1 328/414/1 470/415/1
f 468/417/1 328/414/1 469/416/1
f 467/418/1 328/414/1 468/417/1
f 466/419/1 328/414/1 467/418/1
f 465/420/1 328/414/1 466/419/1
f 464/421/1 328/414/1 465/420/1
f 463/422/1 328/414/1 464/421/1
f 462/423/1 328/414/1 463/422/1
f 461/424/1 328/414/1 462/423/1
f 460/425/1 328/414/1 461/424/1
f 459/426/1 328/414/1 460/425/1
f 458/427/1 328/414/1 459/426/1
f 457/428/1 328/414/1 458/427/1
f 456/429/1 328/414/1 457/428/1
f 455/430/1 328/414/1 456/429/1
f 454/390/1 328/414/1 455/430/1
f 338/290/1 328/414/1 454/390/1
f 338/290/1 329/431/1 328/414/1
f 338/290/1 330/432/1 329/431/1
f 338/290/1 331/433/1 330/432/1
f 338/290/1 332/434/1 331/433/1
f 338/290/1 333/435/1 332/434/1
f 338/290/1 334/436/1 333/435/1
f 338/290/1 335/437/1 334/436/1
f 338/290/1 336/438/1 335/437/1
f 337/439/1 336/438/1 338/290/1
f 493/440/1 495/441/1 494/442/1
f 493/440/1 510/443/1 495/441/1
f 510/443/1 496/444/1 495/441/1
f 493/440/1 511/445/1 510/443/1
f 509/446/1 496/444/1 510/443/1
f 508/447/1 496/444/1 509/446/1
f 493/440/1 512/448/1 511/445/1
f 507/449/1 496/444/1 508/447/1
f 493/440/1 513/450/1 512/448/1
f 506/451/1 496/444/1 507/449/1
f 493/440/1 514/452/1 513/450/1
f 505/453/1 496/444/1 506/451/1
f 493/440/1 515/454/1 514/452/1
f 504/455/1 496/444/1 505/453/1
f 493/440/1 516/456/1 515/454/1
f 503/457/1 496/444/1 504/455/1
f 493/440/1 517/458/1 516/456/1
f 502/459/1 496/444/1 503/457/1
f 493/440/1 518/460/1 517/458/1
f 501/461/1 496/444/1 502/459/1
f 493/440/1 519/462/1 518/460/1
f 500/463/1 496/444/1 501/461/1
f 493/440/1 520/464/1 519/462/1
f 499/465/1 496/444/1 500/463/1
f 493/440/1 521/466/1 520/464/1
f 523/2/1 496/444/1 499/465/1
f 493/440/1 522/467/1 521/466/1
f 493/440/1 480/6/1 522/467/1
f 480/6/1 523/2/1 522/467/1
f 480/6/1 498/468/1 523/2/1
f 498/468/1 496/444/1 523/2/1
f 493/440/1 481/469/1 480/6/1
f 497/470/1 496/444/1 498/468/1
f 493/440/1 482/471/1 481/469/1
f 493/440/1 483/472/1 482/471/1
f 493/440/1 484/473/1 483/472/1
f 493/440/1 485/474/1 484/473/1
f 493/440/1 486/475/1 485/474/1
f 493/440/1 487/476/1 486/475/1
f 493/440/1 488/477/1 487/476/1
f 493/440/1 489/478/1 488/477/1
f 493/440/1 490/479/1 489/478/1
f 493/440/1 491/480/1 490/479/1
f 493/440/1 492/481/1 491/480/1
f 531/1/2 532/3/2 535/2/2
f 535/2/2 532/3/2 533/4/2
f 535/2/2 533/4/2 534/5/2
f 531/1/2 535/2/2 524/6/2
f 531/1/2 524/6/2 527/7/2
f 527/7/2 524/6/2 525/8/2
f 527/7/2 525/8/2 526/9/2
f 531/1/2 527/7/2 528/10/2
f 531/1/2 528/10/2 529/11/2
f 531/1/2 529/11/2 530/12/2
f 553/13/2 554/12/2 555/14/2
f 553/13/2 555/14/2 551/11/2
f 551/11/2 555/14/2 556/15/2
f 567/16/2 568/17/2 569/2/2
f 567/16/2 569/2/2 536/6/2
f 566/5/2 567/16/2 536/6/2
f 565/18/2 566/5/2 538/19/2
f 538/19/2 566/5/2 536/6/2
f 564/20/2 565/18/2 538/19/2
f 563/4/2 564/20/2 538/19/2
f 562/21/2 563/4/2 538/19/2
f 561/22/2 562/21/2 538/19/2
f 560/3/2 561/22/2 538/19/2
f 559/23/2 560/3/2 538/19/2
f 553/13/2 551/11/2 552/24/2
f 550/25/2 551/11/2 556/15/2
f 559/23/2 538/19/2 539/8/2
f 537/26/2 538/19/2 536/6/2
f 558/27/2 559/23/2 539/8/2
f 558/27/2 539/8/2 540/28/2
f 557/1/2 558/27/2 540/28/2
f 557/1/2 540/28/2 541/29/2
f 557/1/2 541/29/2 542/9/2
f 556/15/2 557/1/2 542/9/2
f 556/15/2 542/9/2 543/30/2
f 550/25/2 556/15/2 549/31/2
f 549/31/2 556/15/2 548/10/2
f 548/10/2 556/15/2 547/32/2
f 547/32/2 556/15/2 546/33/2
f 546/33/2 556/15/2 545/7/2
f 545/7/2 556/15/2 544/34/2
f 544/34/2 556/15/2 543/30/2
f 575/35/2 576/36/2 577/2/2
f 575/35/2 577/2/2 570/6/2
f 574/37/1 575/35/1 570/6/1
f 573/38/2 574/37/2 571/39/2
f 571/39/1 574/37/1 570/6/1
f 573/38/2 571/39/2 572/40/2
f 613/11/2 614/42/2 615/41/2
f 613/11/2 615/41/2 616/43/2
f 652/44/2 653/46/2 654/45/2
f 652/44/2 654/45/2 655/2/2
f 652/44/2 655/2/2 578/6/2
f 612/47/2 613/11/2 616/43/2
f 612/47/2 616/43/2 617/48/2
f 612/47/2 617/48/2 618/49/2
f 651/50/2 652/44/2 578/6/2
f 651/50/2 578/6/2 579/51/2
f 612/47/2 618/49/2 619/52/2
f 651/50/2 579/51/2 580/53/2
f 612/47/2 619/52/2 620/12/2
f 651/50/2 580/53/2 581/54/2
f 611/38/2 612/47/2 620/12/2
f 611/38/2 620/12/2 621/55/2
f 650/56/2 651/50/2 581/54/2
f 650/56/2 581/54/2 582/57/2
f 611/38/2 621/55/2 622/37/2
f 650/56/2 582/57/2 583/58/2
f 611/38/2 622/37/2 623/59/2
f 650/56/2 583/58/2 584/60/2
f 611/38/2 623/59/2 624/61/2
f 649/62/2 650/56/2 584/60/2
f 649/62/2 584/60/2 585/8/2
f 611/38/2 624/61/2 625/63/2
f 610/64/2 611/38/2 625/63/2
f 649/62/2 585/8/2 586/65/2
f 610/64/2 625/63/2 626/66/2
f 649/62/2 586/65/2 587/67/2
f 610/64/2 626/66/2 627/1/2
f 648/5/2 649/62/2 587/67/2
f 610/64/2 627/1/2 628/68/2
f 648/5/2 587/67/2 588/69/2
f 610/64/2 628/68/2 629/70/2
f 648/5/2 588/69/2 589/39/2
f 609/71/2 610/64/2 629/70/2
f 648/5/2 589/39/2 590/72/2
f 647/73/2 648/5/2 590/72/2
f 609/71/2 629/70/2 630/74/2
f 609/71/2 630/74/2 631/75/2
f 646/76/2 647/73/2 590/72/2
f 646/76/2 590/72/2 591/77/2
f 608/78/2 609/71/2 631/75/2
f 608/78/2 631/75/2 632/79/2
f 645/80/2 646/76/2 591/77/2
f 608/78/2 632/79/2 633/35/2
f 608/78/2 633/35/2 634/3/2
f 644/36/2 645/80/2 591/77/2
f 644/36/2 591/77/2 592/9/2
f 608/78/2 634/3/2 635/81/2
f 607/82/2 608/78/2 635/81/2
f 643/83/2 644/36/2 592/9/2
f 607/82/2 635/81/2 636/84/2
f 607/82/2 636/84/2 637/85/2
f 642/86/2 643/83/2 592/9/2
f 607/82/2 637/85/2 638/87/2
f 642/86/2 592/9/2 593/88/2
f 641/4/2 642/86/2 593/88/2
f 607/82/2 638/87/2 639/89/2
f 640/90/2 641/4/2 593/88/2
f 607/82/2 639/89/2 640/90/2
f 607/82/2 640/90/2 593/88/2
f 606/10/2 607/82/2 593/88/2
f 606/10/2 593/88/2 594/91/2
f 605/92/2 606/10/2 594/91/2
f 605/92/2 594/91/2 595/93/2
f 605/92/2 595/93/2 596/94/2
f 604/95/2 605/92/2 596/94/2
f 604/95/2 596/94/2 597/96/2
f 603/97/2 604/95/2 597/96/2
f 603/97/2 597/96/2 598/98/2
f 603/97/2 598/98/2 599/7/2
f 602/99/2 603/97/2 599/7/2
f 602/99/2 599/7/2 600/40/2
f 601/100/2 602/99/2 600/40/2
f 726/101/2 727/103/2 728/102/2
f 725/104/2 726/101/2 728/102/2
f 725/104/2 728/102/2 729/105/2
f 724/106/2 725/104/2 729/105/2
f 724/106/2 729/105/2 730/107/2
f 723/108/2 724/106/2 730/107/2
f 723/108/2 730/107/2 731/109/2
f 722/110/2 723/108/2 731/109/2
f 722/110/2 731/109/2 732/111/2
f 721/112/2 722/110/2 732/111/2
f 721/112/2 732/111/2 733/113/2
f 720/32/2 721/112/2 733/113/2
f 720/32/2 733/113/2 734/114/2
f 719/115/2 720/32/2 734/114/2
f 719/115/2 734/114/2 735/116/2
f 718/117/2 719/115/2 735/116/2
f 718/117/2 735/116/2 788/118/2
f 788/118/2 735/116/2 736/119/2
f 718/117/2 788/118/2 789/120/2
f 787/121/2 788/118/2 736/119/2
f 718/117/2 789/120/2 790/122/2
f 786/123/2 787/121/2 736/119/2
f 718/117/2 790/122/2 791/124/2
f 785/125/2 786/123/2 736/119/2
f 717/126/2 718/117/2 791/124/2
f 785/125/2 736/119/2 737/127/2
f 717/126/2 791/124/2 792/128/2
f 784/27/2 785/125/2 737/127/2
f 717/126/2 792/128/2 793/129/2
f 783/130/2 784/27/2 737/127/2
f 717/126/2 793/129/2 794/131/2
f 782/132/2 783/130/2 737/127/2
f 717/126/2 794/131/2 795/133/2
f 781/134/2 782/132/2 737/127/2
f 716/135/2 717/126/2 795/133/2
f 781/134/2 737/127/2 738/136/2
f 716/135/2 795/133/2 796/137/2
f 780/138/2 781/134/2 738/136/2
f 716/135/2 796/137/2 797/139/2
f 779/140/2 780/138/2 738/136/2
f 779/140/2 738/136/2 739/141/2
f 715/142/2 716/135/2 797/139/2
f 715/142/2 797/139/2 798/143/2
f 778/144/2 779/140/2 739/141/2
f 715/142/2 798/143/2 799/145/2
f 777/146/2 778/144/2 739/141/2
f 777/146/2 739/141/2 740/147/2
f 714/148/2 715/142/2 799/145/2
f 714/148/2 799/145/2 800/149/2
f 776/150/3 777/146/3 775/151/3
f 775/151/2 777/146/2 740/147/2
f 775/151/2 740/147/2 741/152/2
f 713/153/2 714/148/2 800/149/2
f 713/153/2 800/149/2 801/154/2
f 774/155/2 775/151/2 741/152/2
f 774/155/2 741/152/2 742/156/2
f 712/157/2 713/153/2 801/154/2
f 712/157/2 801/154/2 802/158/2
f 773/159/2 774/155/2 742/156/2
f 773/159/2 742/156/2 743/160/2
f 711/161/2 712/157/2 802/158/2
f 711/161/2 802/158/2 803/162/2
f 772/163/2 773/159/2 743/160/2
f 772/163/2 743/160/2 744/164/2
f 710/165/2 711/161/2 803/162/2
f 710/165/2 803/162/2 804/166/2
f 771/167/2 772/163/2 744/164/2
f 710/165/2 804/166/2 805/168/2
f 771/167/2 744/164/2 745/169/2
f 709/170/2 710/165/2 805/168/2
f 770/171/2 771/167/2 745/169/2
f 709/170/2 805/168/2 806/172/2
f 770/171/2 745/169/2 746/173/2
f 708/174/2 709/170/2 806/172/2
f 769/175/2 770/171/2 746/173/2
f 708/174/2 806/172/2 807/176/2
f 769/175/2 746/173/2 747/177/2
f 707/178/2 708/174/2 807/176/2
f 768/179/2 769/175/2 747/177/2
f 707/178/2 807/176/2 808/180/2
f 768/179/2 747/177/2 748/181/2
f 706/182/2 707/178/2 808/180/2
f 767/183/2 768/179/2 748/181/2
f 706/182/2 808/180/2 809/184/2
f 767/183/2 748/181/2 749/185/2
f 766/186/2 767/183/2 749/185/2
f 705/187/2 706/182/2 809/184/2
f 705/187/2 809/184/2 810/188/2
f 765/189/2 766/186/2 749/185/2
f 765/189/2 749/185/2 750/190/2
f 704/191/2 705/187/2 810/188/2
f 704/191/2 810/188/2 811/192/2
f 764/193/2 765/189/2 750/190/2
f 764/193/2 750/190/2 751/194/2
f 703/195/2 704/191/2 811/192/2
f 703/195/2 811/192/2 812/196/2
f 763/197/2 764/193/2 751/194/2
f 702/198/2 703/195/2 812/196/2
f 702/198/2 812/196/2 813/199/2
f 763/197/2 751/194/2 656/6/2
f 762/200/2 763/197/2 656/6/2
f 702/198/2 813/199/2 814/201/2
f 701/202/2 702/198/2 814/201/2
f 762/200/2 656/6/2 657/203/2
f 761/204/2 762/200/2 657/203/2
f 701/202/2 814/201/2 815/205/2
f 700/206/2 701/202/2 815/205/2
f 760/207/2 761/204/2 657/203/2
f 760/207/2 657/203/2 658/208/2
f 700/206/2 815/205/2 816/209/2
f 759/210/2 760/207/2 658/208/2
f 699/211/2 700/206/2 816/209/2
f 759/210/2 658/208/2 659/212/2
f 699/211/2 816/209/2 817/213/2
f 758/214/2 759/210/2 659/212/2
f 698/215/2 699/211/2 817/213/2
f 758/214/2 659/212/2 660/216/2
f 698/215/2 817/213/2 818/217/2
f 757/218/2 758/214/2 660/216/2
f 697/219/2 698/215/2 818/217/2
f 757/218/2 660/216/2 661/220/2
f 697/219/2 818/217/2 819/221/2
f 756/222/2 757/218/2 661/220/2
f 696/223/2 697/219/2 819/221/2
f 696/223/2 819/221/2 820/224/2
f 755/225/2 756/222/2 661/220/2
f 755/225/2 661/220/2 662/226/2
f 695/227/2 696/223/2 820/224/2
f 695/227/2 820/224/2 821/228/2
f 754/229/2 755/225/2 662/226/2
f 754/229/2 662/226/2 663/230/2
f 695/227/2 821/228/2 822/231/2
f 753/232/2 754/229/2 663/230/2
f 694/233/2 695/227/2 822/231/2
f 753/232/2 663/230/2 664/234/2
f 694/233/2 822/231/2 823/235/2
f 752/236/2 753/232/2 664/234/2
f 693/237/2 694/233/2 823/235/2
f 693/237/2 823/235/2 824/238/2
f 848/2/2 752/236/2 664/234/2
f 848/2/2 664/234/2 665/239/2
f 693/237/2 824/238/2 825/240/2
f 692/241/2 693/237/2 825/240/2
f 847/242/2 848/2/2 665/239/2
f 847/242/2 665/239/2 666/243/2
f 691/244/2 692/241/2 825/240/2
f 847/242/2 666/243/2 667/245/2
f 690/246/2 691/244/2 825/240/2
f 690/246/2 825/240/2 826/247/2
f 846/248/2 847/242/2 667/245/2
f 846/248/2 667/245/2 668/249/2
f 690/246/2 826/247/2 827/250/2
f 845/251/2 846/248/2 668/249/2
f 690/246/2 827/250/2 828/252/2
f 844/253/2 845/251/2 668/249/2
f 689/254/2 690/246/2 828/252/2
f 844/253/2 668/249/2 669/255/2
f 689/254/2 828/252/2 829/256/2
f 843/257/2 844/253/2 669/255/2
f 689/254/2 829/256/2 830/258/2
f 842/259/2 843/257/2 669/255/2
f 688/260/2 689/254/2 830/258/2
f 842/259/2 669/255/2 670/261/2
f 688/260/2 830/258/2 831/262/2
f 841/263/2 842/259/2 670/261/2
f 688/260/2 831/262/2 832/264/2
f 840/265/2 841/263/2 670/261/2
f 688/260/2 832/264/2 833/266/2
f 839/267/2 840/265/2 670/261/2
f 839/267/2 670/261/2 671/268/2
f 688/260/2 833/266/2 834/269/2
f 687/270/2 688/260/2 834/269/2
f 838/271/2 839/267/2 671/268/2
f 687/270/2 834/269/2 835/272/2
f 837/273/2 838/271/2 671/268/2
f 687/270/2 835/272/2 836/274/2
f 836/274/2 837/273/2 671/268/2
f 687/270/2 836/274/2 671/268/2
f 687/270/2 671/268/2 672/275/2
f 686/276/2 687/270/2 672/275/2
f 686/276/2 672/275/2 673/277/2
f 685/278/2 686/276/2 673/277/2
f 685/278/2 673/277/2 674/279/2
f 684/280/2 685/278/2 674/279/2
f 684/280/2 674/279/2 675/281/2
f 683/282/2 684/280/2 675/281/2
f 683/282/2 675/281/2 676/283/2
f 682/284/2 683/282/2 676/283/2
f 682/284/2 676/283/2 677/285/2
f 681/286/2 682/284/2 677/285/2
f 681/286/2 677/285/2 678/287/2
f 680/288/2 681/286/2 678/287/2
f 680/288/2 678/287/2 679/289/2
f 861/290/2 862/292/2 962/291/2
f 962/291/2 862/292/2 863/293/2
f 962/291/2 863/293/2 864/294/2
f 962/291/2 864/294/2 865/295/2
f 962/291/2 865/295/2 866/296/2
f 962/291/2 866/296/2 867/297/2
f 962/291/2 867/297/2 868/298/2
f 962/291/2 868/298/2 869/299/2
f 962/291/2 869/299/2 870/300/2
f 962/291/2 870/300/2 871/301/2
f 962/291/2 871/301/2 872/302/2
f 962/291/2 872/302/2 873/303/2
f 962/291/2 873/303/2 874/304/2
f 962/291/2 874/304/2 875/305/2
f 962/291/2 875/305/2 876/306/2
f 962/291/2 876/306/2 877/307/2
f 962/291/2 877/307/2 878/308/2
f 962/291/2 878/308/2 879/309/2
f 962/291/2 879/309/2 880/310/2
f 962/291/2 880/310/2 881/311/2
f 962/291/2 881/311/2 882/312/2
f 962/291/2 882/312/2 883/313/2
f 962/291/2 883/313/2 961/314/2
f 961/314/2 883/313/2 960/315/2
f 960/315/2 883/313/2 959/316/2
f 959/316/2 883/313/2 884/317/2
f 861/290/2 962/291/2 963/318/2
f 958/319/2 959/316/2 884/317/2
f 957/320/2 958/319/2 884/317/2
f 956/321/2 957/320/2 884/317/2
f 955/322/2 956/321/2 884/317/2
f 955/322/2 884/317/2 885/323/2
f 954/324/2 955/322/2 885/323/2
f 953/325/2 954/324/2 885/323/2
f 952/326/2 953/325/2 885/323/2
f 952/326/2 885/323/2 886/327/2
f 951/27/2 952/326/2 886/327/2
f 950/328/2 951/27/2 886/327/2
f 950/328/2 886/327/2 887/329/2
f 949/330/2 950/328/2 887/329/2
f 948/331/2 949/330/2 887/329/2
f 948/331/2 887/329/2 888/332/2
f 947/333/2 948/331/2 888/332/2
f 947/333/2 888/332/2 889/334/2
f 946/335/2 947/333/2 889/334/2
f 946/335/2 889/334/2 890/336/2
f 945/337/2 946/335/2 890/336/2
f 944/338/2 945/337/2 890/336/2
f 944/338/2 890/336/2 891/339/2
f 943/340/2 944/338/2 891/339/2
f 942/341/2 943/340/2 891/339/2
f 942/341/2 891/339/2 892/342/2
f 941/343/2 942/341/2 892/342/2
f 940/344/2 941/343/2 892/342/2
f 939/345/2 940/344/2 892/342/2
f 939/345/2 892/342/2 893/346/2
f 938/347/2 939/345/2 893/346/2
f 937/348/2 938/347/2 893/346/2
f 936/349/2 937/348/2 893/346/2
f 935/350/2 936/349/2 893/346/2
f 934/351/2 935/350/2 893/346/2
f 934/351/2 893/346/2 894/352/2
f 933/353/2 934/351/2 894/352/2
f 932/354/2 933/353/2 894/352/2
f 931/355/2 932/354/2 894/352/2
f 930/356/2 931/355/2 894/352/2
f 929/357/2 930/356/2 894/352/2
f 928/358/2 929/357/2 894/352/2
f 928/358/2 894/352/2 895/359/2
f 927/360/2 928/358/2 895/359/2
f 861/290/2 963/318/2 913/361/2
f 861/290/2 913/361/2 914/362/2
f 861/290/2 914/362/2 915/363/2
f 861/290/2 915/363/2 916/364/2
f 926/365/2 927/360/2 895/359/2
f 861/290/2 916/364/2 976/366/2
f 976/366/2 916/364/2 917/367/2
f 976/366/2 917/367/2 918/368/2
f 976/366/2 918/368/2 919/369/2
f 976/366/2 919/369/2 920/370/2
f 976/366/2 920/370/2 921/371/2
f 925/372/2 926/365/2 895/359/2
f 976/366/2 921/371/2 922/373/2
f 976/366/2 922/373/2 923/374/2
f 976/366/2 923/374/2 924/375/2
f 976/366/2 924/375/2 925/372/2
f 976/366/2 925/372/2 895/359/2
f 976/366/2 895/359/2 896/376/2
f 976/366/2 896/376/2 897/377/2
f 976/366/2 897/377/2 898/378/2
f 976/366/2 898/378/2 899/379/2
f 976/366/2 899/379/2 900/32/2
f 976/366/2 900/32/2 901/380/2
f 976/366/2 901/380/2 902/381/2
f 976/366/2 902/381/2 903/382/2
f 976/366/2 903/382/2 904/383/2
f 976/366/2 904/383/2 905/384/2
f 976/366/2 905/384/2 975/385/2
f 975/385/2 905/384/2 974/386/2
f 974/386/2 905/384/2 973/387/2
f 973/387/2 905/384/2 972/388/2
f 972/388/2 905/384/2 906/389/2
f 861/290/2 976/366/2 977/390/2
f 971/391/2 972/388/2 906/389/2
f 970/392/2 971/391/2 906/389/2
f 969/393/2 970/392/2 906/389/2
f 969/393/2 906/389/2 907/394/2
f 968/395/2 969/393/2 907/394/2
f 967/396/2 968/395/2 907/394/2
f 967/396/2 907/394/2 908/397/2
f 966/398/2 967/396/2 908/397/2
f 965/399/2 966/398/2 908/397/2
f 965/399/2 908/397/2 909/400/2
f 964/401/2 965/399/2 909/400/2
f 964/401/2 909/400/2 910/402/2
f 1002/2/2 964/401/2 910/402/2
f 1002/2/2 910/402/2 911/403/2
f 1001/404/2 1002/2/2 911/403/2
f 1001/404/2 911/403/2 912/405/2
f 1000/406/2 1001/404/2 912/405/2
f 1000/406/2 912/405/2 849/6/2
f 999/407/2 1000/406/2 849/6/2
f 998/408/2 999/407/2 849/6/2
f 998/408/2 849/6/2 850/409/2
f 997/410/2 998/408/2 850/409/2
f 996/411/2 997/410/2 850/409/2
f 995/412/2 996/411/2 850/409/2
f 994/413/2 995/412/2 850/409/2
f 994/413/2 850/409/2 851/414/2
f 993/415/2 994/413/2 851/414/2
f 992/416/2 993/415/2 851/414/2
f 991/417/2 992/416/2 851/414/2
f 990/418/2 991/417/2 851/414/2
f 989/419/2 990/418/2 851/414/2
f 988/420/2 989/419/2 851/414/2
f 987/421/2 988/420/2 851/414/2
f 986/422/2 987/421/2 851/414/2
f 985/423/2 986/422/2 851/414/2
f 984/424/2 985/423/2 851/414/2
f 983/425/2 984/424/2 851/414/2
f 982/426/2 983/425/2 851/414/2
f 981/427/2 982/426/2 851/414/2
f 980/428/2 981/427/2 851/414/2
f 979/429/2 980/428/2 851/414/2
f 978/430/2 979/429/2 851/414/2
f 977/390/2 978/430/2 851/414/2
f 861/290/2 977/390/2 851/414/2
f 861/290/2 851/414/2 852/431/2
f 861/290/2 852/431/2 853/432/2
f 861/290/2 853/432/2 854/433/2
f 861/290/2 854/433/2 855/434/2
f 861/290/2 855/434/2 856/435/2
f 861/290/2 856/435/2 857/436/2
f 861/290/2 857/436/2 858/437/2
f 861/290/2 858/437/2 859/438/2
f 860/439/2 861/290/2 859/438/2
f 1016/440/2 1017/442/2 1018/441/2
f 1016/440/2 1018/441/2 1033/443/2
f 1033/443/2 1018/441/2 1019/444/2
f 1016/440/2 1033/443/2 1034/445/2
f 1032/446/2 1033/443/2 1019/444/2
f 1031/447/2 1032/446/2 1019/444/2
f 1016/440/2 1034/445/2 1035/448/2
f 1030/449/2 1031/447/2 1019/444/2
f 1016/440/2 1035/448/2 1036/450/2
f 1029/451/2 1030/449/2 1019/444/2
f 1016/440/2 1036/450/2 1037/452/2
f 1028/453/2 1029/451/2 1019/444/2
f 1016/440/2 1037/452/2 1038/454/2
f 1027/455/2 1028/453/2 1019/444/2
f 1016/440/2 1038/454/2 1039/456/2
f 1026/457/2 1027/455/2 1019/444/2
f 1016/440/2 1039/456/2 1040/458/2
f 1025/459/2 1026/457/2 1019/444/2
f 1016/440/2 1040/458/2 1041/460/2
f 1024/461/2 1025/459/2 1019/444/2
f 1016/440/2 1041/460/2 1042/462/2
f 1023/463/2 1024/461/2 1019/444/2
f 1016/440/2 1042/462/2 1043/464/2
f 1022/465/2 1023/463/2 1019/444/2
f 1016/440/2 1043/464/2 1044/466/2
f 1046/2/2 1022/465/2 1019/444/2
f 1016/440/2 1044/466/2 1045/467/2
f 1016/440/2 1045/467/2 1003/6/2
f 1003/6/2 1045/467/2 1046/2/2
f 1003/6/2 1046/2/2 1021/468/2
f 1021/468/2 1046/2/2 1019/444/2
f 1016/440/2 1003/6/2 1004/469/2
f 1020/470/2 1021/468/2 1019/444/2
f 1016/440/2 1004/469/2 1005/471/2
f 1016/440/2 1005/471/2 1006/472/2
f 1016/440/2 1006/472/2 1007/473/2
f 1016/440/2 1007/473/2 1008/474/2
f 1016/440/2 1008/474/2 1009/475/2
f 1016/440/2 1009/475/2 1010/476/2
f 1016/440/2 1010/476/2 1011/477/2
f 1016/440/2 1011/477/2 1012/478/2
f 1016/440/2 1012/478/2 1013/479/2
f 1016/440/2 1013/479/2 1014/480/2
f 1016/440/2 1014/480/2 1015/481/2
s 1
f 1048/482/4 1050/483/5 1049/484/5 1047/6/4
f 1050/483/5 1052/485/6 1051/486/6 1049/484/5
f 1052/485/6 1054/487/7 1053/488/7 1051/486/6
f 1054/487/7 1056/489/8 1055/490/8 1053/488/7
f 1056/489/8 1058/491/9 1057/492/9 1055/490/8
f 1058/491/9 1060/493/10 1059/494/10 1057/492/9
f 1060/493/10 1062/495/11 1061/496/11 1059/494/10
f 1062/495/11 1064/497/12 1063/498/12 1061/496/11
f 1064/497/12 1066/499/13 1065/500/13 1063/498/12
f 1066/499/13 1068/501/14 1067/502/14 1065/500/13
f 1068/501/14 1070/503/15 1069/504/15 1067/502/14
f 1070/503/15 1072/505/16 1071/506/16 1069/504/15
f 1072/505/16 1074/507/17 1073/508/17 1071/506/16
f 1074/507/17 1076/509/18 1075/510/18 1073/508/17
f 1076/509/18 1078/511/19 1077/512/19 1075/510/18
f 1078/511/19 1080/513/20 1079/514/20 1077/512/19
f 1080/513/20 1082/515/21 1081/516/21 1079/514/20
f 1082/515/21 1084/517/21 1083/518/21 1081/516/21
f 1084/517/21 1048/519/4 1047/2/4 1083/518/21
f 1086/482/22 1088/520/23 1087/521/23 1085/6/22
f 1088/520/23 1090/522/24 1089/523/24 1087/521/23
f 1090/522/24 1092/524/25 1091/525/25 1089/523/24
f 1092/524/25 1094/526/26 1093/527/26 1091/525/25
f 1094/526/26 1096/528/27 1095/529/27 1093/527/26
f 1096/528/27 1098/530/27 1097/531/27 1095/529/27
f 1098/530/27 1100/532/28 1099/533/28 1097/531/27
f 1100/532/28 1102/534/29 1101/535/29 1099/533/28
f 1102/534/29 1104/536/30 1103/537/30 1101/535/29
f 1104/536/30 1106/538/31 1105/539/31 1103/537/30
f 1106/538/31 1108/540/32 1107/541/32 1105/539/31
f 1108/540/32 1110/542/33 1109/543/33 1107/541/32
f 1110/542/33 1112/544/34 1111/545/34 1109/543/33
f 1112/544/34 1114/546/35 1113/547/35 1111/545/34
f 1114/546/35 1116/548/36 1115/549/36 1113/547/35
f 1116/548/36 1118/550/37 1117/551/37 1115/549/36
f 1118/550/37 1120/552/37 1119/553/37 1117/551/37
f 1120/552/37 1122/554/38 1121/555/38 1119/553/37
f 1122/554/38 1124/556/39 1123/557/39 1121/555/38
f 1124/556/39 1126/558/40 1125/559/40 1123/557/39
f 1126/558/40 1128/560/41 1127/561/41 1125/559/40
f 1128/560/41 1130/562/42 1129/563/42 1127/561/41
f 1130/562/42 1132/564/43 1131/565/43 1129/563/42
f 1132/564/43 1134/566/44 1133/567/44 1131/565/43
f 1134/566/44 1086/519/22 1085/2/22 1133/567/44
f 1136/482/45 1138/568/46 1137/212/46 1135/6/45
f 1138/568/46 1140/569/47 1139/226/47 1137/212/46
f 1140/569/47 1142/570/48 1141/239/48 1139/226/47
f 1142/570/48 1144/571/49 1143/249/49 1141/239/48
f 1144/571/49 1146/572/50 1145/268/50 1143/249/49
f 1146/572/50 1148/573/51 1147/279/51 1145/268/50
f 1148/573/51 1150/574/52 1149/285/52 1147/279/51
f 1150/574/52 1152/575/53 1151/288/53 1149/285/52
f 1152/575/53 1154/576/54 1153/282/54 1151/288/53
f 1154/576/54 1156/577/55 1155/276/55 1153/282/54
f 1156/577/55 1158/578/56 1157/254/56 1155/276/55
f 1158/578/56 1160/579/57 1159/241/57 1157/254/56
f 1160/579/57 1162/580/58 1161/227/58 1159/241/57
f 1162/580/58 1164/581/59 1163/215/59 1161/227/58
f 1164/581/59 1166/582/60 1165/202/60 1163/215/59
f 1166/582/60 1168/583/61 1167/191/61 1165/202/60
f 1168/583/61 1170/584/62 1169/178/62 1167/191/61
f 1170/584/62 1172/585/63 1171/165/63 1169/178/62
f 1172/585/63 1174/586/64 1173/153/64 1171/165/63
f 1174/586/64 1176/587/65 1175/135/65 1173/153/64
f 1176/587/65 1178/588/66 1177/115/66 1175/135/65
f 1178/588/66 1180/589/67 1179/110/67 1177/115/66
f 1180/589/67 1182/590/68 1181/104/68 1179/110/67
f 1182/590/68 1184/591/69 1183/102/69 1181/104/68
f 1184/591/69 1186/592/70 1185/109/70 1183/102/69
f 1186/592/70 1188/593/71 1187/114/71 1185/109/70
f 1188/593/71 1190/594/72 1189/127/72 1187/114/71
f 1190/594/72 1192/595/73 1191/147/73 1189/127/72
f 1192/595/73 1194/596/74 1193/160/74 1191/147/73
f 1194/596/74 1196/597/75 1195/173/75 1193/160/74
f 1196/597/75 1198/598/76 1197/185/76 1195/173/75
f 1198/598/76 1200/599/77 1199/236/77 1197/185/76
f 1200/599/77 1202/600/78 1201/225/78 1199/236/77
f 1202/600/78 1204/601/79 1203/214/79 1201/225/78
f 1204/601/79 1206/602/80 1205/204/80 1203/214/79
f 1206/602/80 1208/603/81 1207/193/81 1205/204/80
f 1208/603/81 1210/604/82 1209/183/82 1207/193/81
f 1210/604/82 1212/605/83 1211/171/83 1209/183/82
f 1212/605/83 1214/606/84 1213/159/84 1211/171/83
f 1214/606/84 1216/607/85 1215/150/85 1213/159/84
f 1216/607/85 1218/608/86 1217/140/86 1215/150/85
f 1218/608/86 1220/609/87 1219/132/87 1217/140/86
f 1220/609/87 1222/610/88 1221/125/88 1219/132/87
f 1222/610/88 1224/611/89 1223/118/89 1221/125/88
f 1224/611/89 1226/612/90 1225/124/90 1223/118/89
f 1226/612/90 1228/613/91 1227/131/91 1225/124/90
f 1228/613/91 1230/614/92 1229/139/92 1227/131/91
f 1230/614/92 1232/615/93 1231/149/93 1229/139/92
f 1232/615/93 1234/616/94 1233/162/94 1231/149/93
f 1234/616/94 1236/617/95 1235/172/95 1233/162/94
f 1236/617/95 1238/618/96 1237/184/96 1235/172/95
f 1238/618/96 1240/619/97 1239/196/97 1237/184/96
f 1240/619/97 1242/620/98 1241/205/98 1239/196/97
f 1242/620/98 1244/621/99 1243/217/99 1241/205/98
f 1244/621/99 1246/622/100 1245/228/100 1243/217/99
f 1246/622/100 1248/623/101 1247/238/101 1245/228/100
f 1248/623/101 1250/624/102 1249/250/102 1247/238/101
f 1250/624/102 1252/625/103 1251/258/103 1249/250/102
f 1252/625/103 1254/626/104 1253/266/104 1251/258/103
f 1254/626/104 1256/627/105 1255/274/105 1253/266/104
f 1256/627/105 1258/628/106 1257/267/106 1255/274/105
f 1258/628/106 1260/629/107 1259/259/107 1257/267/106
f 1260/629/107 1262/630/108 1261/251/108 1259/259/107
f 1262/630/108 1136/519/45 1135/2/45 1261/251/108
f 1264/482/109 1266/631/110 1265/431/110 1263/6/109
f 1266/631/110 1268/632/111 1267/434/111 1265/431/110
f 1268/632/111 1270/633/112 1269/437/112 1267/434/111
f 1270/633/112 1272/634/113 1271/290/113 1269/437/112
f 1272/634/113 1274/635/114 1273/294/114 1271/290/113
f 1274/635/114 1276/636/113 1275/297/113 1273/294/114
f 1276/636/113 1278/637/112 1277/300/112 1275/297/113
f 1278/637/112 1280/638/111 1279/303/111 1277/300/112
f 1280/638/111 1282/639/110 1281/306/110 1279/303/111
f 1282/639/110 1284/640/109 1283/309/109 1281/306/110
f 1284/640/109 1286/641/115 1285/312/115 1283/309/109
f 1286/641/115 1288/642/116 1287/323/116 1285/312/115
f 1288/642/116 1290/643/117 1289/332/117 1287/323/116
f 1290/643/117 1292/644/118 1291/339/118 1289/332/117
f 1292/644/118 1294/645/119 1293/352/119 1291/339/118
f 1294/645/119 1296/646/120 1295/377/120 1293/352/119
f 1296/646/120 1298/647/121 1297/32/121 1295/377/120
f 1298/647/121 1300/648/122 1299/382/122 1297/32/121
f 1300/648/122 1302/649/123 1301/389/123 1299/382/122
f 1302/649/123 1304/650/124 1303/400/124 1301/389/123
f 1304/650/124 1306/651/125 1305/405/125 1303/400/124
f 1306/651/125 1308/652/126 1307/363/126 1305/405/125
f 1308/652/126 1310/653/127 1309/368/127 1307/363/126
f 1310/653/127 1312/654/128 1311/371/128 1309/368/127
f 1312/654/128 1314/655/129 1313/375/129 1311/371/128
f 1314/655/129 1316/656/130 1315/360/130 1313/375/129
f 1316/656/130 1318/657/131 1317/356/131 1315/360/130
f 1318/657/131 1320/658/132 1319/353/132 1317/356/131
f 1320/658/132 1322/659/133 1321/349/133 1319/353/132
f 1322/659/133 1324/660/134 1323/345/134 1321/349/133
f 1324/660/134 1326/661/135 1325/341/135 1323/345/134
f 1326/661/135 1328/662/136 1327/337/136 1325/341/135
f 1328/662/136 1330/663/137 1329/331/137 1327/337/136
f 1330/663/137 1332/664/138 1331/27/138 1329/331/137
f 1332/664/138 1334/665/139 1333/324/139 1331/27/138
f 1334/665/139 1336/666/140 1335/320/140 1333/324/139
f 1336/666/140 1338/667/141 1337/315/141 1335/320/140
f 1338/667/141 1340/668/142 1339/318/142 1337/315/141
f 1340/668/142 1342/669/143 1341/398/143 1339/318/142
f 1342/669/143 1344/670/144 1343/393/144 1341/398/143
f 1344/670/144 1346/671/145 1345/388/145 1343/393/144
f 1346/671/145 1348/672/146 1347/385/146 1345/388/145
f 1348/672/146 1350/673/147 1349/430/147 1347/385/146
f 1350/673/147 1352/674/148 1351/427/148 1349/430/147
f 1352/674/148 1354/675/149 1353/424/149 1351/427/148
f 1354/675/149 1356/676/150 1355/421/150 1353/424/149
f 1356/676/150 1358/677/151 1357/418/151 1355/421/150
f 1358/677/151 1360/678/152 1359/415/152 1357/418/151
f 1360/678/152 1362/679/153 1361/411/153 1359/415/152
f 1362/679/153 1364/680/154 1363/407/154 1361/411/153
f 1364/680/154 1264/519/109 1263/2/109 1363/407/154
f 1366/482/155 1368/681/156 1367/682/156 1365/6/155
f 1368/681/156 1370/683/157 1369/684/157 1367/682/156
f 1370/683/157 1372/685/158 1371/686/158 1369/684/157
f 1372/685/158 1374/687/159 1373/688/159 1371/686/158
f 1374/687/159 1376/689/160 1375/690/160 1373/688/159
f 1376/689/160 1378/691/161 1377/692/161 1375/690/160
f 1378/691/161 1380/693/162 1379/694/162 1377/692/161
f 1380/693/162 1382/695/163 1381/696/163 1379/694/162
f 1382/695/163 1384/697/164 1383/698/164 1381/696/163
f 1384/697/164 1386/699/165 1385/700/165 1383/698/164
f 1386/699/165 1388/701/166 1387/702/166 1385/700/165
f 1388/701/166 1390/703/153 1389/704/153 1387/702/166
f 1390/703/153 1392/647/167 1391/32/167 1389/704/153
f 1392/647/167 1394/705/168 1393/706/168 1391/32/167
f 1394/705/168 1396/707/169 1395/708/169 1393/706/168
f 1396/707/169 1398/709/170 1397/710/170 1395/708/169
f 1398/709/170 1400/711/171 1399/712/171 1397/710/170
f 1400/711/171 1402/713/170 1401/714/170 1399/712/171
f 1402/713/170 1404/715/169 1403/716/169 1401/714/170
f 1404/715/169 1406/717/172 1405/718/172 1403/716/169
f 1406/717/172 1408/719/173 1407/720/173 1405/718/172
f 1408/719/173 1410/721/174 1409/722/174 1407/720/173
f 1410/721/174 1412/723/175 1411/724/175 1409/722/174
f 1412/723/175 1414/725/176 1413/726/176 1411/724/175
f 1414/725/176 1416/727/177 1415/728/177 1413/726/176
f 1416/727/177 1418/664/178 1417/27/178 1415/728/177
f 1418/664/178 1420/729/179 1419/730/179 1417/27/178
f 1420/729/179 1422/731/180 1421/732/180 1419/730/179
f 1422/731/180 1424/733/181 1423/734/181 1421/732/180
f 1424/733/181 1426/735/182 1425/736/182 1423/734/181
f 1426/735/182 1428/737/183 1427/738/183 1425/736/182
f 1428/737/183 1430/739/184 1429/740/184 1427/738/183
f 1430/739/184 1432/741/185 1431/742/185 1429/740/184
f 1432/741/185 1434/743/186 1433/744/186 1431/742/185
f 1434/743/186 1436/745/187 1435/746/187 1433/744/186
f 1436/745/187 1438/747/188 1437/748/188 1435/746/187
f 1438/747/188 1440/749/189 1439/750/189 1437/748/188
f 1440/749/189 1442/751/190 1441/752/190 1439/750/189
f 1442/751/190 1366/519/155 1365/2/155 1441/752/190
f 1444/482/191 1446/753/192 1445/208/192 1443/6/191
f 1446/753/192 1448/754/193 1447/216/193 1445/208/192
f 1448/754/193 1450/569/194 1449/226/194 1447/216/193
f 1450/569/194 1452/755/195 1451/234/195 1449/226/194
f 1452/755/195 1454/756/196 1453/243/196 1451/234/195
f 1454/756/196 1456/571/197 1455/249/197 1453/243/196
f 1456/571/197 1458/757/198 1457/261/198 1455/249/197
f 1458/757/198 1460/758/199 1459/275/199 1457/261/198
f 1460/758/199 1462/573/200 1461/279/200 1459/275/199
f 1462/573/200 1464/759/201 1463/283/201 1461/279/200
f 1464/759/201 1466/760/202 1465/287/202 1463/283/201
f 1466/760/202 1468/575/203 1467/288/203 1465/287/202
f 1468/575/203 1470/761/204 1469/284/204 1467/288/203
f 1470/761/204 1472/762/205 1471/280/205 1469/284/204
f 1472/762/205 1474/577/206 1473/276/206 1471/280/205
f 1474/577/206 1476/763/207 1475/260/207 1473/276/206
f 1476/763/207 1478/764/208 1477/246/208 1475/260/207
f 1478/764/208 1480/579/209 1479/241/209 1477/246/208
f 1480/579/209 1482/765/210 1481/233/210 1479/241/209
f 1482/765/210 1484/766/211 1483/223/211 1481/233/210
f 1484/766/211 1486/581/212 1485/215/212 1483/223/211
f 1486/581/212 1488/767/213 1487/206/213 1485/215/212
f 1488/767/213 1490/768/214 1489/198/214 1487/206/213
f 1490/768/214 1492/583/215 1491/191/215 1489/198/214
f 1492/583/215 1494/769/216 1493/182/216 1491/191/215
f 1494/769/216 1496/770/217 1495/174/217 1493/182/216
f 1496/770/217 1498/585/218 1497/165/218 1495/174/217
f 1498/585/218 1500/771/219 1499/157/219 1497/165/218
f 1500/771/219 1502/772/220 1501/148/220 1499/157/219
f 1502/772/220 1504/587/221 1503/135/221 1501/148/220
f 1504/587/221 1506/773/222 1505/117/222 1503/135/221
f 1506/773/222 1508/647/223 1507/32/223 1505/117/222
f 1508/647/223 1510/589/224 1509/110/224 1507/32/223
f 1510/589/224 1512/774/225 1511/106/225 1509/110/224
f 1512/774/225 1514/775/226 1513/101/226 1511/106/225
f 1514/775/226 1516/591/227 1515/102/227 1513/101/226
f 1516/591/227 1518/776/141 1517/107/141 1515/102/227
f 1518/776/141 1520/777/228 1519/111/228 1517/107/141
f 1520/777/228 1522/593/229 1521/114/229 1519/111/228
f 1522/593/229 1524/778/230 1523/119/230 1521/114/229
f 1524/778/230 1526/779/231 1525/136/231 1523/119/230
f 1526/779/231 1528/595/232 1527/147/232 1525/136/231
f 1528/595/232 1530/780/233 1529/156/233 1527/147/232
f 1530/780/233 1532/781/234 1531/164/234 1529/156/233
f 1532/781/234 1534/597/235 1533/173/235 1531/164/234
f 1534/597/235 1536/782/236 1535/181/236 1533/173/235
f 1536/782/236 1538/783/237 1537/190/237 1535/181/236
f 1538/783/237 1540/599/238 1539/236/238 1537/190/237
f 1540/599/238 1542/784/239 1541/229/239 1539/236/238
f 1542/784/239 1544/785/240 1543/222/240 1541/229/239
f 1544/785/240 1546/601/241 1545/214/241 1543/222/240
f 1546/601/241 1548/786/242 1547/207/242 1545/214/241
f 1548/786/242 1550/787/243 1549/200/243 1547/207/242
f 1550/787/243 1552/603/244 1551/193/244 1549/200/243
f 1552/603/244 1554/788/245 1553/186/245 1551/193/244
f 1554/788/245 1556/789/246 1555/179/246 1553/186/245
f 1556/789/246 1558/605/247 1557/171/247 1555/179/246
f 1558/605/247 1560/790/248 1559/163/248 1557/171/247
f 1560/790/248 1562/791/249 1561/155/249 1559/163/248
f 1562/791/249 1564/607/250 1563/150/250 1561/155/249
f 1564/607/250 1566/792/251 1565/144/251 1563/150/250
f 1566/792/251 1568/793/252 1567/138/252 1565/144/251
f 1568/793/252 1570/609/253 1569/132/253 1567/138/252
f 1570/609/253 1572/664/254 1571/27/254 1569/132/253
f 1572/664/254 1574/794/255 1573/123/255 1571/27/254
f 1574/794/255 1576/611/256 1575/118/256 1573/123/255
f 1576/611/256 1578/795/257 1577/122/257 1575/118/256
f 1578/795/257 1580/796/258 1579/128/258 1577/122/257
f 1580/796/258 1582/613/259 1581/131/259 1579/128/258
f 1582/613/259 1584/797/260 1583/137/260 1581/131/259
f 1584/797/260 1586/798/261 1585/143/261 1583/137/260
f 1586/798/261 1588/615/262 1587/149/262 1585/143/261
f 1588/615/262 1590/799/263 1589/158/263 1587/149/262
f 1590/799/263 1592/800/264 1591/166/264 1589/158/263
f 1592/800/264 1594/617/265 1593/172/265 1591/166/264
f 1594/617/265 1596/801/266 1595/180/266 1593/172/265
f 1596/801/266 1598/802/267 1597/188/267 1595/180/266
f 1598/802/267 1600/619/268 1599/196/268 1597/188/267
f 1600/619/268 1602/803/269 1601/201/269 1599/196/268
f 1602/803/269 1604/804/270 1603/209/270 1601/201/269
f 1604/804/270 1606/621/271 1605/217/271 1603/209/270
f 1606/621/271 1608/805/272 1607/224/272 1605/217/271
f 1608/805/272 1610/806/273 1609/231/273 1607/224/272
f 1610/806/273 1612/623/274 1611/238/274 1609/231/273
f 1612/623/274 1614/807/275 1613/247/275 1611/238/274
f 1614/807/275 1616/808/276 1615/252/276 1613/247/275
f 1616/808/276 1618/625/277 1617/258/277 1615/252/276
f 1618/625/277 1620/809/278 1619/264/278 1617/258/277
f 1620/809/278 1622/810/279 1621/269/279 1619/264/278
f 1622/810/279 1624/627/280 1623/274/280 1621/269/279
f 1624/627/280 1626/811/281 1625/271/281 1623/274/280
f 1626/811/281 1628/812/282 1627/265/282 1625/271/281
f 1628/812/282 1630/629/283 1629/259/283 1627/265/282
f 1630/629/283 1632/813/284 1631/253/284 1629/259/283
f 1632/813/284 1634/814/285 1633/248/285 1631/253/284
f 1634/814/285 1444/519/191 1443/2/191 1633/248/285
f 1636/482/286 1638/815/287 1637/816/287 1635/6/286
f 1638/815/287 1640/817/288 1639/818/288 1637/816/287
f 1640/817/288 1642/819/289 1641/820/289 1639/818/288
f 1642/819/289 1644/821/290 1643/822/290 1641/820/289
f 1644/821/290 1646/823/291 1645/824/291 1643/822/290
f 1646/823/291 1648/825/292 1647/826/292 1645/824/291
f 1648/825/292 1650/827/293 1649/828/293 1647/826/292
f 1650/827/293 1652/829/294 1651/830/294 1649/828/293
f 1652/829/294 1654/831/295 1653/832/295 1651/830/294
f 1654/831/295 1656/833/296 1655/834/296 1653/832/295
f 1656/833/296 1658/835/297 1657/836/297 1655/834/296
f 1658/835/297 1660/837/298 1659/838/298 1657/836/297
f 1660/837/298 1662/839/299 1661/840/299 1659/838/298
f 1662/839/299 1664/841/300 1663/842/300 1661/840/299
f 1664/841/300 1666/843/301 1665/844/301 1663/842/300
f 1666/843/301 1668/845/302 1667/846/302 1665/844/301
f 1668/845/302 1670/847/303 1669/848/303 1667/846/302
f 1670/847/303 1672/849/304 1671/850/304 1669/848/303
f 1672/849/304 1674/851/305 1673/852/305 1671/850/304
f 1674/851/305 1676/853/306 1675/854/306 1673/852/305
f 1676/853/306 1678/855/307 1677/856/307 1675/854/306
f 1678/855/307 1680/857/308 1679/858/308 1677/856/307
f 1680/857/308 1682/859/309 1681/860/309 1679/858/308
f 1682/859/309 1684/861/310 1683/862/310 1681/860/309
f 1684/861/310 1686/863/311 1685/864/311 1683/862/310
f 1686/863/311 1688/865/312 1687/866/312 1685/864/311
f 1688/865/312 1690/867/313 1689/868/313 1687/866/312
f 1690/867/313 1692/869/314 1691/870/314 1689/868/313
f 1692/869/314 1694/871/315 1693/872/315 1691/870/314
f 1694/871/315 1696/873/316 1695/874/316 1693/872/315
f 1696/873/316 1698/875/317 1697/876/317 1695/874/316
f 1698/875/317 1700/877/318 1699/878/318 1697/876/317
f 1700/877/318 1702/879/319 1701/880/319 1699/878/318
f 1702/879/319 1704/881/320 1703/882/320 1701/880/319
f 1704/881/320 1706/883/321 1705/884/321 1703/882/320
f 1706/883/321 1708/885/322 1707/886/322 1705/884/321
f 1708/885/322 1710/887/323 1709/888/323 1707/886/322
f 1710/887/323 1712/889/324 1711/890/324 1709/888/323
f 1712/889/324 1714/891/325 1713/892/325 1711/890/324
f 1714/891/325 1716/893/326 1715/894/326 1713/892/325
f 1716/893/326 1718/895/327 1717/896/327 1715/894/326
f 1718/895/327 1720/897/328 1719/898/328 1717/896/327
f 1720/897/328 1722/899/329 1721/900/329 1719/898/328
f 1722/899/329 1724/901/330 1723/902/330 1721/900/329
f 1724/901/330 1726/903/331 1725/904/331 1723/902/330
f 1726/903/331 1728/905/332 1727/906/332 1725/904/331
f 1728/905/332 1730/907/333 1729/908/333 1727/906/332
f 1730/907/333 1732/909/334 1731/910/334 1729/908/333
f 1732/909/334 1734/911/335 1733/912/335 1731/910/334
f 1734/911/335 1736/913/336 1735/914/336 1733/912/335
f 1736/913/336 1738/915/337 1737/916/337 1735/914/336
f 1738/915/337 1740/917/338 1739/918/338 1737/916/337
f 1740/917/338 1742/919/339 1741/920/339 1739/918/338
f 1742/919/339 1744/921/340 1743/922/340 1741/920/339
f 1744/921/340 1746/923/341 1745/924/341 1743/922/340
f 1746/923/341 1748/925/342 1747/926/342 1745/924/341
f 1748/925/342 1750/927/343 1749/928/343 1747/926/342
f 1750/927/343 1752/929/344 1751/930/344 1749/928/343
f 1752/929/344 1754/931/345 1753/932/345 1751/930/344
f 1754/931/345 1756/933/346 1755/934/346 1753/932/345
f 1756/933/346 1758/935/347 1757/936/347 1755/934/346
f 1758/935/347 1760/937/348 1759/938/348 1757/936/347
f 1760/937/348 1762/939/349 1761/940/349 1759/938/348
f 1762/939/349 1764/941/350 1763/942/350 1761/940/349
f 1764/941/350 1766/943/351 1765/944/351 1763/942/350
f 1766/943/351 1768/945/352 1767/946/352 1765/944/351
f 1768/945/352 1770/947/353 1769/948/353 1767/946/352
f 1770/947/353 1772/949/354 1771/950/354 1769/948/353
f 1772/949/354 1774/951/355 1773/952/355 1771/950/354
f 1774/951/355 1776/953/356 1775/954/356 1773/952/355
f 1776/953/356 1778/955/357 1777/956/357 1775/954/356
f 1778/955/357 1780/957/358 1779/958/358 1777/956/357
f 1780/957/358 1782/959/359 1781/960/359 1779/958/358
f 1782/959/359 1784/961/360 1783/962/360 1781/960/359
f 1784/961/360 1786/963/361 1785/964/361 1783/962/360
f 1786/963/361 1788/965/362 1787/966/362 1785/964/361
f 1788/965/362 1790/967/363 1789/968/363 1787/966/362
f 1790/967/363 1792/969/364 1791/970/364 1789/968/363
f 1792/969/364 1794/971/365 1793/972/365 1791/970/364
f 1794/971/365 1796/973/366 1795/974/366 1793/972/365
f 1796/973/366 1798/975/367 1797/976/367 1795/974/366
f 1798/975/367 1800/977/368 1799/978/368 1797/976/367
f 1800/977/368 1802/979/369 1801/980/369 1799/978/368
f 1802/979/369 1804/981/115 1803/982/115 1801/980/369
f 1804/981/115 1806/983/370 1805/984/370 1803/982/115
f 1806/983/370 1808/985/371 1807/986/371 1805/984/370
f 1808/985/371 1810/987/372 1809/988/372 1807/986/371
f 1810/987/372 1812/989/373 1811/990/373 1809/988/372
f 1812/989/373 1814/991/374 1813/992/374 1811/990/373
f 1814/991/374 1816/993/375 1815/994/375 1813/992/374
f 1816/993/375 1818/995/376 1817/996/376 1815/994/375
f 1818/995/376 1820/997/377 1819/998/377 1817/996/376
f 1820/997/377 1822/999/378 1821/1000/378 1819/998/377
f 1822/999/378 1824/1001/379 1823/1002/379 1821/1000/378
f 1824/1001/379 1826/1003/380 1825/1004/380 1823/1002/379
f 1826/1003/380 1828/1005/381 1827/1006/381 1825/1004/380
f 1828/1005/381 1636/519/286 1635/2/286 1827/1006/381
f 1830/482/382 1832/1007/383 1831/1008/383 1829/6/382
f 1832/1007/383 1834/681/384 1833/682/384 1831/1008/383
f 1834/681/384 1836/1009/385 1835/1010/385 1833/682/384
f 1836/1009/385 1838/683/386 1837/684/386 1835/1010/385
f 1838/683/386 1840/1011/387 1839/1012/387 1837/684/386
f 1840/1011/387 1842/685/388 1841/686/388 1839/1012/387
f 1842/685/388 1844/1013/389 1843/1014/389 1841/686/388
f 1844/1013/389 1846/687/390 1845/688/390 1843/1014/389
f 1846/687/390 1848/1015/391 1847/1016/391 1845/688/390
f 1848/1015/391 1850/689/392 1849/690/392 1847/1016/391
f 1850/689/392 1852/1017/393 1851/1018/393 1849/690/392
f 1852/1017/393 1854/691/394 1853/692/394 1851/1018/393
f 1854/691/394 1856/763/395 1855/260/395 1853/692/394
f 1856/763/395 1858/693/396 1857/694/396 1855/260/395
f 1858/693/396 1860/1019/397 1859/1020/397 1857/694/396
f 1860/1019/397 1862/695/398 1861/696/398 1859/1020/397
f 1862/695/398 1864/1021/399 1863/1022/399 1861/696/398
f 1864/1021/399 1866/697/400 1865/698/400 1863/1022/399
f 1866/697/400 1868/1023/401 1867/1024/401 1865/698/400
f 1868/1023/401 1870/699/402 1869/700/402 1867/1024/401
f 1870/699/402 1872/1025/403 1871/1026/403 1869/700/402
f 1872/1025/403 1874/701/404 1873/702/404 1871/1026/403
f 1874/701/404 1876/1027/405 1875/1028/405 1873/702/404
f 1876/1027/405 1878/703/406 1877/704/406 1875/1028/405
f 1878/703/406 1880/1029/407 1879/1030/407 1877/704/406
f 1880/1029/407 1882/647/408 1881/32/408 1879/1030/407
f 1882/647/408 1884/1031/409 1883/1032/409 1881/32/408
f 1884/1031/409 1886/705/410 1885/706/410 1883/1032/409
f 1886/705/410 1888/1033/411 1887/1034/411 1885/706/410
f 1888/1033/411 1890/707/412 1889/708/412 1887/1034/411
f 1890/707/412 1892/1035/413 1891/1036/413 1889/708/412
f 1892/1035/413 1894/709/414 1893/710/414 1891/1036/413
f 1894/709/414 1896/1037/415 1895/1038/415 1893/710/414
f 1896/1037/415 1898/711/416 1897/712/416 1895/1038/415
f 1898/711/416 1900/1039/237 1899/1040/237 1897/712/416
f 1900/1039/237 1902/713/58 1901/714/58 1899/1040/237
f 1902/713/58 1904/1041/417 1903/1042/417 1901/714/58
f 1904/1041/417 1906/715/418 1905/716/418 1903/1042/417
f 1906/715/418 1908/599/419 1907/236/419 1905/716/418
f 1908/599/419 1910/717/420 1909/718/420 1907/236/419
f 1910/717/420 1912/1043/421 1911/1044/421 1909/718/420
f 1912/1043/421 1914/719/422 1913/720/422 1911/1044/421
f 1914/719/422 1916/1045/423 1915/1046/423 1913/720/422
f 1916/1045/423 1918/721/424 1917/722/424 1915/1046/423
f 1918/721/424 1920/1047/425 1919/1048/425 1917/722/424
f 1920/1047/425 1922/723/426 1921/724/426 1919/1048/425
f 1922/723/426 1924/1049/427 1923/1050/427 1921/724/426
f 1924/1049/427 1926/725/428 1925/726/428 1923/1050/427
f 1926/725/428 1928/1051/429 1927/1052/429 1925/726/428
f 1928/1051/429 1930/727/430 1929/728/430 1927/1052/429
f 1930/727/430 1932/1053/431 1931/1054/431 1929/728/430
f 1932/1053/431 1934/664/432 1933/27/432 1931/1054/431
f 1934/664/432 1936/1055/433 1935/1056/433 1933/27/432
f 1936/1055/433 1938/729/434 1937/730/434 1935/1056/433
f 1938/729/434 1940/1057/435 1939/1058/435 1937/730/434
f 1940/1057/435 1942/731/436 1941/732/436 1939/1058/435
f 1942/731/436 1944/1059/437 1943/1060/437 1941/732/436
f 1944/1059/437 1946/733/438 1945/734/438 1943/1060/437
f 1946/733/438 1948/1061/439 1947/1062/439 1945/734/438
f 1948/1061/439 1950/735/440 1949/736/440 1947/1062/439
f 1950/735/440 1952/1063/441 1951/1064/441 1949/736/440
f 1952/1063/441 1954/737/442 1953/738/442 1951/1064/441
f 1954/737/442 1956/1065/443 1955/1066/443 1953/738/442
f 1956/1065/443 1958/739/444 1957/740/444 1955/1066/443
f 1958/739/444 1960/804/445 1959/209/445 1957/740/444
f 1960/804/445 1962/741/446 1961/742/446 1959/209/445
f 1962/741/446 1964/1067/447 1963/1068/447 1961/742/446
f 1964/1067/447 1966/743/448 1965/744/448 1963/1068/447
f 1966/743/448 1968/1069/449 1967/1070/449 1965/744/448
f 1968/1069/449 1970/745/450 1969/746/450 1967/1070/449
f 1970/745/450 1972/1071/451 1971/1072/451 1969/746/450
f 1972/1071/451 1974/747/452 1973/748/452 1971/1072/451
f 1974/747/452 1976/1073/453 1975/1074/453 1973/748/452
f 1976/1073/453 1978/749/454 1977/750/454 1975/1074/453
f 1978/749/454 1980/1075/58 1979/1076/58 1977/750/454
f 1980/1075/58 1982/751/417 1981/752/417 1979/1076/58
f 1982/751/417 1984/1077/455 1983/1078/455 1981/752/417
f 1984/1077/455 1830/519/382 1829/2/382 1983/1078/455
f 1986/482/153 1988/575/153 1987/288/153 1985/6/153
f 1988/575/153 1990/583/153 1989/191/153 1987/288/153
f 1990/583/153 1992/591/456 1991/102/456 1989/191/153
f 1992/591/456 1994/599/456 1993/236/456 1991/102/456
f 1994/599/456 1996/607/456 1995/150/456 1993/236/456
f 1996/607/456 1998/615/58 1997/149/58 1995/150/456
f 1998/615/58 2000/623/417 1999/238/417 1997/149/58
f 2000/623/417 1986/519/153 1985/2/153 1999/238/417
f 2002/482/153 2004/1079/456 2003/1080/456 2001/6/153
f 2004/1079/456 2006/633/457 2005/437/457 2003/1080/456
f 2006/633/457 2008/1081/458 2007/1082/458 2005/437/457
f 2008/1081/458 2010/636/459 2009/297/459 2007/1082/458
f 2010/636/459 2012/1083/460 2011/1084/460 2009/297/459
f 2012/1083/460 2014/639/461 2013/306/461 2011/1084/460
f 2014/639/461 2016/1085/462 2015/1086/462 2013/306/461
f 2016/1085/462 2018/642/463 2017/323/463 2015/1086/462
f 2018/642/463 2020/1087/464 2019/1088/464 2017/323/463
f 2020/1087/464 2022/645/465 2021/352/465 2019/1088/464
f 2022/645/465 2024/1089/466 2023/1090/466 2021/352/465
f 2024/1089/466 2026/648/467 2025/382/467 2023/1090/466
f 2026/648/467 2028/1091/468 2027/1092/468 2025/382/467
f 2028/1091/468 2030/651/469 2029/405/469 2027/1092/468
f 2030/651/469 2032/1093/470 2031/1094/470 2029/405/469
f 2032/1093/470 2034/654/153 2033/371/153 2031/1094/470
f 2034/654/153 2036/599/456 2035/236/456 2033/371/153
f 2036/599/456 2038/657/58 2037/356/58 2035/236/456
f 2038/657/58 2040/1095/471 2039/1096/471 2037/356/58
f 2040/1095/471 2042/660/472 2041/345/472 2039/1096/471
f 2042/660/472 2044/1097/473 2043/1098/473 2041/345/472
f 2044/1097/473 2046/663/474 2045/331/474 2043/1098/473
f 2046/663/474 2048/1099/475 2047/1100/475 2045/331/474
f 2048/1099/475 2050/666/476 2049/320/476 2047/1100/475
f 2050/666/476 2052/1101/477 2051/1102/477 2049/320/476
f 2052/1101/477 2054/669/478 2053/398/478 2051/1102/477
f 2054/669/478 2056/1103/479 2055/1104/479 2053/398/478
f 2056/1103/479 2058/672/480 2057/385/480 2055/1104/479
f 2058/672/480 2060/1105/481 2059/1106/481 2057/385/480
f 2060/1105/481 2062/675/482 2061/424/482 2059/1106/481
f 2062/675/482 2064/1107/483 2063/1108/483 2061/424/482
f 2064/1107/483 2066/678/484 2065/415/484 2063/1108/483
f 2066/678/484 2068/1109/417 2067/1110/417 2065/415/484
f 2068/1109/417 2002/519/153 2001/2/153 2067/1110/417
f 2070/482/417 2072/758/417 2071/275/417 2069/6/417
f 2072/758/417 2074/763/153 2073/260/153 2071/275/417
f 2074/763/153 2076/583/153 2075/191/153 2073/260/153
f 2076/583/153 2078/647/417 2077/32/417 2075/191/153
f 2078/647/417 2080/778/417 2079/119/417 2077/32/417
f 2080/778/417 2082/599/153 2081/236/153 2079/119/417
f 2082/599/153 2084/789/456 2083/179/456 2081/236/153
f 2084/789/456 2086/664/58 2085/27/58 2083/179/456
f 2086/664/58 2088/615/417 2087/149/417 2085/27/58
f 2088/615/417 2090/804/153 2089/209/153 2087/149/417
f 2090/804/153 2092/809/153 2091/264/153 2089/209/153
f 2092/809/153 2070/519/417 2069/2/417 2091/264/153
