# Blender 4.5.0
# www.blender.org
mtllib back1.mtl
o Back1
v 0.072858 0.071017 0.693194
v 0.065299 0.071112 0.681337
v 0.065352 0.105119 0.681575
v 0.065283 0.106344 0.681472
v 0.065111 0.107526 0.681207
v 0.064833 0.108654 0.680776
v 0.064448 0.109716 0.680178
v 0.063954 0.110699 0.679408
v 0.063350 0.111593 0.678463
v 0.062631 0.112384 0.677340
v 0.061798 0.113061 0.676036
v 0.060848 0.113612 0.674548
v 0.059778 0.114026 0.672872
v 0.058587 0.114289 0.671006
v 0.057273 0.114391 0.668945
v 0.056249 0.114354 0.667338
v 0.055170 0.114213 0.665644
v 0.054037 0.113963 0.663866
v 0.052852 0.113598 0.662006
v 0.051616 0.113112 0.660066
v 0.050332 0.112501 0.658049
v 0.049001 0.111758 0.655957
v 0.047623 0.110878 0.653793
v 0.046202 0.109855 0.651559
v 0.044738 0.108684 0.649258
v 0.043233 0.107359 0.646891
v 0.041689 0.105875 0.644462
v 0.041634 0.071409 0.644221
v 0.034116 0.071503 0.632428
v 0.034256 0.160152 0.633049
v 0.041774 0.160058 0.644841
v 0.041713 0.121465 0.644571
v 0.042524 0.122107 0.645845
v 0.043331 0.122718 0.647114
v 0.044134 0.123298 0.648376
v 0.044932 0.123847 0.649631
v 0.045726 0.124365 0.650878
v 0.046515 0.124853 0.652118
v 0.047299 0.125311 0.653350
v 0.048078 0.125738 0.654573
v 0.048850 0.126136 0.655786
v 0.049617 0.126505 0.656990
v 0.050377 0.126844 0.658185
v 0.051131 0.127155 0.659368
v 0.051295 0.127229 0.659626
v 0.053679 0.128078 0.663370
v 0.055804 0.129202 0.666707
v 0.057678 0.130601 0.669654
v 0.059313 0.132280 0.672226
v 0.060719 0.134241 0.674439
v 0.061905 0.136486 0.676309
v 0.062881 0.139020 0.677853
v 0.063659 0.141843 0.679085
v 0.064248 0.144960 0.680023
v 0.064657 0.148373 0.680681
v 0.064898 0.152085 0.681076
v 0.064981 0.156098 0.681223
v 0.064987 0.159919 0.681250
v 0.072423 0.159826 0.692913
v 0.072417 0.156005 0.692887
v 0.072374 0.152985 0.692805
v 0.072251 0.150007 0.692600
v 0.072049 0.147081 0.692269
v 0.071766 0.144215 0.691811
v 0.071399 0.141420 0.691223
v 0.070947 0.138704 0.690502
v 0.070409 0.136076 0.689646
v 0.069783 0.133547 0.688653
v 0.069067 0.131124 0.687520
v 0.068261 0.128819 0.686245
v 0.067362 0.126639 0.684825
v 0.066369 0.124594 0.683258
v 0.066532 0.124420 0.683512
v 0.066691 0.124245 0.683762
v 0.066848 0.124069 0.684007
v 0.067003 0.123890 0.684249
v 0.067156 0.123708 0.684488
v 0.067307 0.123522 0.684725
v 0.067458 0.123331 0.684961
v 0.067609 0.123135 0.685196
v 0.067759 0.122933 0.685431
v 0.067910 0.122723 0.685666
v 0.068061 0.122505 0.685903
v 0.068214 0.122278 0.686142
v 0.068927 0.121231 0.687255
v 0.069588 0.120097 0.688287
v 0.070195 0.118881 0.689234
v 0.070747 0.117591 0.690093
v 0.071240 0.116229 0.690861
v 0.071674 0.114803 0.691535
v 0.072047 0.113317 0.692112
v 0.072355 0.111776 0.692589
v 0.072598 0.110187 0.692963
v 0.072773 0.108554 0.693230
v 0.072878 0.106882 0.693388
v 0.072912 0.105177 0.693433
v 0.027224 0.078009 0.621648
v 0.025388 0.076812 0.618762
v 0.023601 0.075733 0.615955
v 0.021865 0.074770 0.613227
v 0.020178 0.073920 0.610578
v 0.018541 0.073180 0.608007
v 0.016954 0.072549 0.605515
v 0.015417 0.072025 0.603101
v 0.013930 0.071603 0.600766
v 0.012492 0.071284 0.598510
v 0.011104 0.071063 0.596332
v 0.009766 0.070938 0.594233
v 0.008478 0.070908 0.592212
v 0.005727 0.071157 0.587899
v 0.003113 0.071822 0.583802
v 0.000651 0.072884 0.579944
v -0.001646 0.074324 0.576347
v -0.003763 0.076122 0.573036
v -0.005685 0.078260 0.570031
v -0.007397 0.080718 0.567356
v -0.008886 0.083478 0.565034
v -0.010136 0.086520 0.563087
v -0.011133 0.089826 0.561537
v -0.011863 0.093376 0.560409
v -0.012311 0.097152 0.559723
v -0.012341 0.097683 0.559678
v -0.012389 0.098500 0.559607
v -0.012451 0.099587 0.559515
v -0.012522 0.100925 0.559408
v -0.012600 0.102500 0.559294
v -0.012679 0.104293 0.559177
v -0.012757 0.106289 0.559065
v -0.012828 0.108469 0.558962
v -0.012890 0.110819 0.558877
v -0.012938 0.113320 0.558813
v -0.012967 0.115957 0.558779
v -0.012975 0.118712 0.558779
v -0.012968 0.120225 0.558796
v -0.012953 0.121777 0.558828
v -0.012928 0.123360 0.558874
v -0.012894 0.124966 0.558935
v -0.012850 0.126587 0.559011
v -0.012796 0.128215 0.559103
v -0.012732 0.129841 0.559211
v -0.012657 0.131456 0.559336
v -0.012571 0.133054 0.559477
v -0.012475 0.134625 0.559636
v -0.012367 0.136162 0.559812
v -0.012247 0.137656 0.560007
v -0.011779 0.141382 0.560758
v -0.011032 0.144876 0.561945
v -0.010021 0.148120 0.563546
v -0.008759 0.151096 0.565538
v -0.007261 0.153786 0.567899
v -0.005541 0.156171 0.570608
v -0.003613 0.158233 0.573642
v -0.001490 0.159955 0.576980
v 0.000813 0.161318 0.580599
v 0.003283 0.162304 0.584476
v 0.005904 0.162894 0.588591
v 0.008664 0.163071 0.592921
v 0.009943 0.163009 0.594927
v 0.011273 0.162851 0.597012
v 0.012653 0.162595 0.599176
v 0.014085 0.162239 0.601420
v 0.015567 0.161781 0.603742
v 0.017099 0.161217 0.606143
v 0.018682 0.160547 0.608623
v 0.020315 0.159766 0.611181
v 0.021998 0.158874 0.613817
v 0.023731 0.157867 0.616530
v 0.025514 0.156743 0.619321
v 0.027346 0.155500 0.622190
v 0.024819 0.142387 0.618167
v 0.023156 0.143499 0.615563
v 0.021552 0.144502 0.613052
v 0.020007 0.145397 0.610632
v 0.018519 0.146188 0.608303
v 0.017090 0.146878 0.606063
v 0.015717 0.147469 0.603912
v 0.014400 0.147964 0.601850
v 0.013139 0.148365 0.599874
v 0.011934 0.148675 0.597984
v 0.010783 0.148897 0.596180
v 0.009686 0.149033 0.594460
v 0.008642 0.149086 0.592824
v 0.006700 0.148985 0.589777
v 0.004902 0.148640 0.586954
v 0.003248 0.148070 0.584357
v 0.001740 0.147291 0.581989
v 0.000381 0.146320 0.579853
v -0.000829 0.145174 0.577950
v -0.001887 0.143870 0.576284
v -0.002793 0.142425 0.574857
v -0.003544 0.140857 0.573672
v -0.004139 0.139181 0.572731
v -0.004577 0.137415 0.572037
v -0.004855 0.135576 0.571592
v -0.004947 0.134171 0.571441
v -0.005033 0.132745 0.571299
v -0.005114 0.131306 0.571166
v -0.005188 0.129857 0.571043
v -0.005255 0.128405 0.570931
v -0.005315 0.126956 0.570831
v -0.005368 0.125514 0.570742
v -0.005412 0.124086 0.570667
v -0.005447 0.122676 0.570604
v -0.005474 0.121292 0.570557
v -0.005491 0.119937 0.570524
v -0.005498 0.118618 0.570507
v -0.005492 0.116280 0.570505
v -0.005468 0.114015 0.570533
v -0.005430 0.111837 0.570583
v -0.005379 0.109763 0.570652
v -0.005321 0.107807 0.570736
v -0.005256 0.105986 0.570829
v -0.005188 0.104315 0.570927
v -0.005121 0.102808 0.571026
v -0.005057 0.101482 0.571121
v -0.004999 0.100352 0.571207
v -0.004950 0.099433 0.571279
v -0.004913 0.098741 0.571334
v -0.004611 0.096927 0.571800
v -0.004152 0.095171 0.572512
v -0.003538 0.093491 0.573466
v -0.002774 0.091907 0.574659
v -0.001860 0.090436 0.576086
v -0.000799 0.089098 0.577743
v 0.000406 0.087911 0.579627
v 0.001752 0.086894 0.581734
v 0.003237 0.086065 0.584059
v 0.004858 0.085442 0.586600
v 0.006613 0.085045 0.589351
v 0.008500 0.084893 0.592310
v 0.009555 0.084921 0.593964
v 0.010664 0.085034 0.595705
v 0.011828 0.085232 0.597531
v 0.013046 0.085518 0.599444
v 0.014319 0.085893 0.601442
v 0.015646 0.086360 0.603525
v 0.017027 0.086920 0.605694
v 0.018462 0.087576 0.607948
v 0.019951 0.088328 0.610286
v 0.021493 0.089179 0.612709
v 0.023089 0.090131 0.615217
v 0.024739 0.091185 0.617809
v -0.053444 0.092395 0.495183
v -0.053812 0.090812 0.494599
v -0.054189 0.089192 0.494000
v -0.054573 0.087544 0.493390
v -0.054963 0.085873 0.492772
v -0.055354 0.084189 0.492151
v -0.055745 0.082499 0.491529
v -0.056134 0.080810 0.490912
v -0.056518 0.079131 0.490303
v -0.056894 0.077468 0.489705
v -0.057260 0.075830 0.489123
v -0.057614 0.074224 0.488560
v -0.057954 0.072658 0.488021
v -0.066170 0.072762 0.475133
v -0.045982 0.161235 0.507200
v -0.037765 0.161132 0.520088
v -0.017855 0.072155 0.550913
v -0.026031 0.072258 0.538090
v -0.030437 0.092107 0.531269
v -0.034343 0.109411 0.525220
v -0.035049 0.112595 0.524128
v -0.035740 0.115701 0.523058
v -0.036419 0.118749 0.522006
v -0.037092 0.121757 0.520965
v -0.037760 0.124745 0.519930
v -0.038429 0.127732 0.518895
v -0.039101 0.130735 0.517853
v -0.039781 0.133775 0.516801
v -0.040472 0.136870 0.515732
v -0.041177 0.140039 0.514639
v -0.041901 0.143301 0.513519
v -0.042653 0.140040 0.512325
v -0.043380 0.136875 0.511171
v -0.044087 0.133786 0.510047
v -0.044780 0.130756 0.508946
v -0.045463 0.127764 0.507861
v -0.046142 0.124793 0.506784
v -0.046820 0.121824 0.505707
v -0.047503 0.118837 0.504622
v -0.048196 0.115814 0.503521
v -0.048903 0.112737 0.502397
v -0.049631 0.109586 0.501243
v -0.050382 0.106342 0.500049
v -0.033620 0.106132 0.526341
v -0.073055 0.095253 0.464436
v -0.073485 0.089928 0.463738
v -0.074193 0.085522 0.462608
v -0.075176 0.081949 0.461049
v -0.076435 0.079123 0.459062
v -0.077966 0.076960 0.456651
v -0.079768 0.075373 0.453817
v -0.081840 0.074277 0.450562
v -0.084180 0.073587 0.446889
v -0.086786 0.073217 0.442799
v -0.089658 0.073082 0.438294
v -0.092793 0.073096 0.433377
v -0.112595 0.073421 0.402318
v -0.112455 0.162222 0.402939
v -0.093803 0.161988 0.432194
v -0.093004 0.161978 0.433448
v -0.092227 0.161966 0.434666
v -0.091474 0.161951 0.435848
v -0.090742 0.161930 0.436996
v -0.090031 0.161902 0.438111
v -0.089341 0.161865 0.439193
v -0.088670 0.161818 0.440245
v -0.088018 0.161757 0.441267
v -0.087385 0.161682 0.442260
v -0.086769 0.161590 0.443226
v -0.086170 0.161480 0.444165
v -0.085587 0.161350 0.445078
v -0.083745 0.160751 0.447965
v -0.082096 0.159913 0.450548
v -0.080633 0.158828 0.452837
v -0.079351 0.157488 0.454842
v -0.078244 0.155883 0.456572
v -0.077305 0.154005 0.458036
v -0.076528 0.151846 0.459245
v -0.075907 0.149397 0.460208
v -0.075436 0.146650 0.460934
v -0.075109 0.143595 0.461433
v -0.074920 0.140225 0.461715
v -0.074862 0.136531 0.461789
v -0.074876 0.135153 0.461761
v -0.074913 0.133807 0.461697
v -0.074974 0.132496 0.461594
v -0.075062 0.131221 0.461451
v -0.075177 0.129981 0.461264
v -0.075321 0.128780 0.461033
v -0.075495 0.127617 0.460756
v -0.075700 0.126493 0.460429
v -0.075937 0.125411 0.460052
v -0.076208 0.124370 0.459622
v -0.076514 0.123372 0.459138
v -0.076856 0.122418 0.458597
v -0.076124 0.121264 0.459740
v -0.075481 0.120001 0.460743
v -0.074922 0.118631 0.461613
v -0.074444 0.117154 0.462357
v -0.074040 0.115572 0.462983
v -0.073706 0.113886 0.463499
v -0.073438 0.112097 0.463912
v -0.073230 0.110207 0.464230
v -0.073077 0.108217 0.464460
v -0.072975 0.106127 0.464611
v -0.072919 0.103941 0.464689
v -0.072904 0.101657 0.464702
v -0.072904 0.101581 0.464702
v -0.104437 0.127883 0.415360
v -0.103885 0.127872 0.416227
v -0.103333 0.127858 0.417092
v -0.102782 0.127844 0.417957
v -0.102230 0.127828 0.418822
v -0.101679 0.127811 0.419687
v -0.101126 0.127795 0.420553
v -0.100572 0.127779 0.421422
v -0.100017 0.127764 0.422293
v -0.099459 0.127751 0.423168
v -0.098899 0.127740 0.424047
v -0.098336 0.127731 0.424930
v -0.090858 0.127637 0.436658
v -0.089909 0.127641 0.438148
v -0.089030 0.127677 0.439526
v -0.088219 0.127744 0.440798
v -0.087474 0.127841 0.441968
v -0.086791 0.127968 0.443039
v -0.086169 0.128123 0.444016
v -0.085603 0.128306 0.444903
v -0.085093 0.128516 0.445705
v -0.084634 0.128752 0.446426
v -0.084224 0.129014 0.447070
v -0.083861 0.129299 0.447640
v -0.083542 0.129609 0.448143
v -0.083372 0.129817 0.448410
v -0.083214 0.130068 0.448660
v -0.083066 0.130370 0.448892
v -0.082932 0.130731 0.449105
v -0.082810 0.131159 0.449298
v -0.082702 0.131662 0.449470
v -0.082608 0.132248 0.449620
v -0.082529 0.132925 0.449746
v -0.082467 0.133701 0.449848
v -0.082420 0.134584 0.449924
v -0.082391 0.135581 0.449974
v -0.082380 0.136702 0.449997
v -0.082421 0.139156 0.449944
v -0.082563 0.141230 0.449730
v -0.082827 0.142956 0.449325
v -0.083231 0.144366 0.448697
v -0.083795 0.145492 0.447818
v -0.084538 0.146368 0.446657
v -0.085478 0.147024 0.445184
v -0.086636 0.147494 0.443370
v -0.088031 0.147810 0.441184
v -0.089681 0.148004 0.438597
v -0.091606 0.148108 0.435578
v -0.093825 0.148156 0.432097
v -0.104959 0.148296 0.414634
v -0.104991 0.127891 0.414492
v -0.080466 0.104427 0.452853
v -0.080620 0.106671 0.452622
v -0.080901 0.108521 0.452190
v -0.081327 0.110017 0.451529
v -0.081916 0.111196 0.450610
v -0.082686 0.112097 0.449406
v -0.083655 0.112759 0.447889
v -0.084841 0.113220 0.446030
v -0.086262 0.113518 0.443803
v -0.087936 0.113692 0.441179
v -0.089880 0.113780 0.438130
v -0.092113 0.113821 0.434628
v -0.105013 0.113982 0.414394
v -0.105055 0.087235 0.414207
v -0.103446 0.087256 0.416732
v -0.101842 0.087282 0.419247
v -0.100243 0.087311 0.421756
v -0.098647 0.087341 0.424259
v -0.097054 0.087372 0.426758
v -0.095462 0.087401 0.429256
v -0.093869 0.087427 0.431753
v -0.092276 0.087448 0.434253
v -0.090680 0.087463 0.436756
v -0.089081 0.087470 0.439264
v -0.087477 0.087467 0.441779
v -0.085868 0.087453 0.444303
v -0.085019 0.087691 0.445637
v -0.084239 0.088024 0.446862
v -0.083528 0.088474 0.447978
v -0.082889 0.089065 0.448983
v -0.082321 0.089821 0.449877
v -0.081826 0.090765 0.450658
v -0.081404 0.091919 0.451325
v -0.081056 0.093308 0.451877
v -0.080784 0.094955 0.452313
v -0.080586 0.096883 0.452631
v -0.080466 0.099115 0.452830
v -0.080422 0.101675 0.452909
v -0.080422 0.101752 0.452910
v 0.089722 0.071065 0.682443
v 0.082163 0.071160 0.670586
v 0.082217 0.105168 0.670824
v 0.082147 0.106393 0.670720
v 0.081975 0.107575 0.670455
v 0.081697 0.108703 0.670025
v 0.081312 0.109765 0.669426
v 0.080819 0.110748 0.668656
v 0.080214 0.111641 0.667711
v 0.079496 0.112432 0.666589
v 0.078662 0.113109 0.665285
v 0.077712 0.113661 0.663797
v 0.076642 0.114074 0.662121
v 0.075452 0.114338 0.660254
v 0.074137 0.114440 0.658193
v 0.073113 0.114403 0.656587
v 0.072034 0.114262 0.654893
v 0.070901 0.114011 0.653115
v 0.069716 0.113646 0.651254
v 0.068480 0.113161 0.649315
v 0.067196 0.112550 0.647298
v 0.065865 0.111807 0.645206
v 0.064488 0.110927 0.643042
v 0.063066 0.109904 0.640808
v 0.061602 0.108733 0.638506
v 0.060097 0.107408 0.636139
v 0.058553 0.105923 0.633710
v 0.058499 0.071457 0.633469
v 0.050980 0.071552 0.621677
v 0.051120 0.160201 0.622297
v 0.058638 0.160106 0.634089
v 0.058577 0.121513 0.633819
v 0.059388 0.122156 0.635094
v 0.060195 0.122767 0.636362
v 0.060998 0.123347 0.637624
v 0.061796 0.123896 0.638879
v 0.062590 0.124414 0.640127
v 0.063379 0.124902 0.641367
v 0.064163 0.125359 0.642598
v 0.064942 0.125787 0.643821
v 0.065714 0.126185 0.645035
v 0.066481 0.126553 0.646239
v 0.067241 0.126893 0.647433
v 0.067995 0.127203 0.648616
v 0.068159 0.127278 0.648875
v 0.070544 0.128127 0.652618
v 0.072668 0.129250 0.655955
v 0.074542 0.130650 0.658902
v 0.076177 0.132328 0.661474
v 0.077583 0.134289 0.663687
v 0.078769 0.136535 0.665558
v 0.079745 0.139068 0.667101
v 0.080523 0.141892 0.668334
v 0.081112 0.145009 0.669271
v 0.081521 0.148422 0.669929
v 0.081763 0.152133 0.670324
v 0.081845 0.156147 0.670472
v 0.081851 0.159968 0.670498
v 0.089287 0.159874 0.682162
v 0.089281 0.156053 0.682135
v 0.089238 0.153033 0.682053
v 0.089116 0.150056 0.681848
v 0.088913 0.147130 0.681518
v 0.088630 0.144264 0.681060
v 0.088263 0.141469 0.680471
v 0.087811 0.138752 0.679750
v 0.087273 0.136125 0.678895
v 0.086647 0.133595 0.677901
v 0.085932 0.131173 0.676768
v 0.085125 0.128867 0.675493
v 0.084226 0.126688 0.674073
v 0.083233 0.124643 0.672507
v 0.083396 0.124469 0.672761
v 0.083555 0.124294 0.673010
v 0.083712 0.124117 0.673255
v 0.083867 0.123939 0.673497
v 0.084020 0.123757 0.673736
v 0.084171 0.123571 0.673973
v 0.084322 0.123380 0.674209
v 0.084473 0.123184 0.674444
v 0.084623 0.122981 0.674679
v 0.084774 0.122771 0.674915
v 0.084926 0.122554 0.675151
v 0.085079 0.122327 0.675390
v 0.085791 0.121279 0.676504
v 0.086452 0.120145 0.677535
v 0.087059 0.118930 0.678482
v 0.087611 0.117639 0.679341
v 0.088105 0.116278 0.680109
v 0.088538 0.114852 0.680783
v 0.088911 0.113365 0.681361
v 0.089219 0.111825 0.681838
v 0.089462 0.110235 0.682211
v 0.089637 0.108602 0.682478
v 0.089743 0.106931 0.682636
v 0.089776 0.105226 0.682682
v 0.044088 0.078058 0.610896
v 0.042252 0.076861 0.608010
v 0.040466 0.075782 0.605204
v 0.038729 0.074818 0.602476
v 0.037042 0.073968 0.599826
v 0.035406 0.073229 0.597255
v 0.033819 0.072598 0.594763
v 0.032281 0.072073 0.592350
v 0.030794 0.071652 0.590015
v 0.029356 0.071332 0.587758
v 0.027968 0.071111 0.585580
v 0.026630 0.070987 0.583481
v 0.025342 0.070956 0.581460
v 0.022591 0.071206 0.577147
v 0.019977 0.071871 0.573050
v 0.017515 0.072933 0.569192
v 0.015218 0.074372 0.565596
v 0.013101 0.076170 0.562284
v 0.011179 0.078308 0.559279
v 0.009467 0.080767 0.556604
v 0.007978 0.083526 0.554282
v 0.006728 0.086569 0.552335
v 0.005731 0.089875 0.550786
v 0.005001 0.093425 0.549657
v 0.004553 0.097201 0.548972
v 0.004523 0.097732 0.548927
v 0.004475 0.098549 0.548855
v 0.004413 0.099635 0.548763
v 0.004342 0.100974 0.548657
v 0.004264 0.102548 0.548542
v 0.004185 0.104342 0.548426
v 0.004107 0.106337 0.548313
v 0.004036 0.108518 0.548211
v 0.003974 0.110868 0.548125
v 0.003927 0.113369 0.548061
v 0.003897 0.116006 0.548027
v 0.003889 0.118761 0.548027
v 0.003896 0.120273 0.548044
v 0.003911 0.121825 0.548076
v 0.003936 0.123409 0.548122
v 0.003970 0.125015 0.548183
v 0.004014 0.126636 0.548259
v 0.004068 0.128263 0.548351
v 0.004133 0.129889 0.548459
v 0.004207 0.131505 0.548584
v 0.004293 0.133103 0.548725
v 0.004390 0.134674 0.548884
v 0.004498 0.136211 0.549061
v 0.004617 0.137704 0.549255
v 0.005086 0.141431 0.550007
v 0.005832 0.144925 0.551194
v 0.006843 0.148169 0.552794
v 0.008105 0.151145 0.554786
v 0.009603 0.153835 0.557148
v 0.011323 0.156220 0.559857
v 0.013251 0.158282 0.562891
v 0.015374 0.160004 0.566228
v 0.017677 0.161367 0.569847
v 0.020147 0.162352 0.573725
v 0.022768 0.162943 0.577840
v 0.025529 0.163120 0.582170
v 0.026807 0.163057 0.584175
v 0.028137 0.162899 0.586260
v 0.029518 0.162644 0.588424
v 0.030949 0.162288 0.590668
v 0.032431 0.161829 0.592990
v 0.033963 0.161266 0.595392
v 0.035546 0.160595 0.597871
v 0.037179 0.159815 0.600429
v 0.038862 0.158923 0.603065
v 0.040595 0.157916 0.605779
v 0.042378 0.156792 0.608570
v 0.044210 0.155549 0.611438
v 0.041683 0.142436 0.607415
v 0.040020 0.143548 0.604812
v 0.038416 0.144550 0.602300
v 0.036871 0.145446 0.599880
v 0.035384 0.146237 0.597551
v 0.033954 0.146927 0.595312
v 0.032581 0.147518 0.593161
v 0.031264 0.148012 0.591098
v 0.030003 0.148413 0.589122
v 0.028798 0.148723 0.587232
v 0.027647 0.148945 0.585428
v 0.026550 0.149082 0.583708
v 0.025506 0.149135 0.582072
v 0.023564 0.149033 0.579025
v 0.021766 0.148689 0.576202
v 0.020112 0.148118 0.573606
v 0.018604 0.147339 0.571238
v 0.017245 0.146368 0.569101
v 0.016035 0.145222 0.567199
v 0.014977 0.143919 0.565532
v 0.014071 0.142474 0.564105
v 0.013320 0.140905 0.562920
v 0.012725 0.139229 0.561979
v 0.012288 0.137464 0.561285
v 0.012009 0.135625 0.560840
v 0.011917 0.134219 0.560689
v 0.011831 0.132794 0.560547
v 0.011750 0.131354 0.560415
v 0.011676 0.129906 0.560292
v 0.011609 0.128454 0.560180
v 0.011549 0.127004 0.560079
v 0.011497 0.125562 0.559991
v 0.011453 0.124134 0.559915
v 0.011417 0.122725 0.559853
v 0.011390 0.121340 0.559805
v 0.011373 0.119986 0.559772
v 0.011366 0.118667 0.559755
v 0.011372 0.116329 0.559754
v 0.011396 0.114063 0.559781
v 0.011435 0.111886 0.559831
v 0.011485 0.109812 0.559901
v 0.011544 0.107856 0.559984
v 0.011608 0.106035 0.560077
v 0.011676 0.104363 0.560176
v 0.011743 0.102857 0.560274
v 0.011807 0.101531 0.560369
v 0.011865 0.100400 0.560455
v 0.011914 0.099482 0.560528
v 0.011951 0.098789 0.560582
v 0.012254 0.096975 0.561048
v 0.012713 0.095219 0.561760
v 0.013326 0.093540 0.562715
v 0.014091 0.091955 0.563907
v 0.015005 0.090485 0.565334
v 0.016065 0.089147 0.566991
v 0.017270 0.087960 0.568875
v 0.018616 0.086942 0.570982
v 0.020101 0.086113 0.573308
v 0.021722 0.085491 0.575848
v 0.023478 0.085094 0.578600
v 0.025364 0.084941 0.581558
v 0.026419 0.084970 0.583212
v 0.027528 0.085082 0.584953
v 0.028692 0.085281 0.586779
v 0.029910 0.085566 0.588692
v 0.031183 0.085942 0.590690
v 0.032510 0.086409 0.592773
v 0.033891 0.086969 0.594942
v 0.035326 0.087624 0.597196
v 0.036815 0.088376 0.599535
v 0.038357 0.089227 0.601958
v 0.039953 0.090179 0.604465
v 0.041603 0.091234 0.607057
v -0.036580 0.092444 0.484432
v -0.036948 0.090861 0.483848
v -0.037325 0.089241 0.483249
v -0.037709 0.087592 0.482638
v -0.038098 0.085922 0.482021
v -0.038490 0.084238 0.481399
v -0.038881 0.082547 0.480778
v -0.039270 0.080859 0.480160
v -0.039653 0.079179 0.479551
v -0.040030 0.077517 0.478953
v -0.040396 0.075879 0.478371
v -0.040750 0.074273 0.477808
v -0.041089 0.072707 0.477269
v -0.049306 0.072810 0.464381
v -0.029117 0.161284 0.496448
v -0.020901 0.161181 0.509336
v -0.000991 0.072204 0.540162
v -0.009167 0.072306 0.527338
v -0.013573 0.092155 0.520517
v -0.017479 0.109460 0.514468
v -0.018185 0.112643 0.513376
v -0.018876 0.115749 0.512307
v -0.019555 0.118797 0.511254
v -0.020228 0.121806 0.510213
v -0.020896 0.124794 0.509178
v -0.021565 0.127780 0.508143
v -0.022237 0.130784 0.507102
v -0.022917 0.133824 0.506049
v -0.023608 0.136919 0.504980
v -0.024313 0.140088 0.503888
v -0.025037 0.143350 0.502767
v -0.025789 0.140089 0.501574
v -0.026516 0.136924 0.500419
v -0.027223 0.133835 0.499295
v -0.027916 0.130804 0.498195
v -0.028599 0.127813 0.497110
v -0.029278 0.124842 0.496032
v -0.029956 0.121872 0.494955
v -0.030639 0.118885 0.493870
v -0.031332 0.115863 0.492769
v -0.032039 0.112785 0.491646
v -0.032766 0.109634 0.490491
v -0.033518 0.106391 0.489298
v -0.016755 0.106181 0.515589
v -0.056191 0.095301 0.453685
v -0.056621 0.089977 0.452986
v -0.057329 0.085571 0.451856
v -0.058312 0.081998 0.450297
v -0.059570 0.079172 0.448311
v -0.061101 0.077009 0.445900
v -0.062904 0.075422 0.443066
v -0.064976 0.074326 0.439811
v -0.067316 0.073636 0.436137
v -0.069922 0.073266 0.432047
v -0.072794 0.073130 0.427542
v -0.075929 0.073144 0.422625
v -0.095731 0.073469 0.391566
v -0.095591 0.162271 0.392187
v -0.076939 0.162037 0.421443
v -0.076140 0.162027 0.422697
v -0.075363 0.162015 0.423914
v -0.074610 0.161999 0.425096
v -0.073878 0.161979 0.426244
v -0.073167 0.161951 0.427359
v -0.072476 0.161914 0.428442
v -0.071806 0.161866 0.429493
v -0.071154 0.161806 0.430515
v -0.070521 0.161731 0.431509
v -0.069905 0.161639 0.432474
v -0.069306 0.161529 0.433413
v -0.068723 0.161399 0.434327
v -0.066881 0.160800 0.437213
v -0.065232 0.159962 0.439796
v -0.063769 0.158877 0.442085
v -0.062487 0.157536 0.444090
v -0.061380 0.155931 0.445820
v -0.060441 0.154054 0.447285
v -0.059664 0.151895 0.448493
v -0.059043 0.149446 0.449456
v -0.058572 0.146699 0.450182
v -0.058245 0.143644 0.450681
v -0.058056 0.140274 0.450963
v -0.057998 0.136580 0.451037
v -0.058011 0.135201 0.451009
v -0.058048 0.133856 0.450945
v -0.058110 0.132545 0.450842
v -0.058198 0.131269 0.450699
v -0.058313 0.130030 0.450513
v -0.058457 0.128828 0.450282
v -0.058631 0.127665 0.450004
v -0.058835 0.126542 0.449678
v -0.059073 0.125459 0.449301
v -0.059344 0.124418 0.448871
v -0.059650 0.123420 0.448386
v -0.059992 0.122466 0.447845
v -0.059260 0.121313 0.448989
v -0.058617 0.120050 0.449992
v -0.058058 0.118679 0.450861
v -0.057580 0.117203 0.451605
v -0.057176 0.115620 0.452231
v -0.056842 0.113934 0.452747
v -0.056574 0.112146 0.453160
v -0.056366 0.110255 0.453478
v -0.056213 0.108265 0.453708
v -0.056111 0.106176 0.453859
v -0.056055 0.103989 0.453937
v -0.056040 0.101706 0.453951
v -0.056040 0.101630 0.453950
v -0.087573 0.127931 0.404609
v -0.087020 0.127920 0.405475
v -0.086469 0.127907 0.406341
v -0.085917 0.127892 0.407205
v -0.085366 0.127876 0.408070
v -0.084815 0.127860 0.408935
v -0.084262 0.127844 0.409802
v -0.083708 0.127828 0.410670
v -0.083153 0.127813 0.411542
v -0.082595 0.127800 0.412416
v -0.082035 0.127788 0.413295
v -0.081471 0.127780 0.414179
v -0.073994 0.127686 0.425907
v -0.073044 0.127690 0.427396
v -0.072166 0.127726 0.428775
v -0.071355 0.127793 0.430047
v -0.070610 0.127890 0.431216
v -0.069927 0.128016 0.432287
v -0.069304 0.128172 0.433264
v -0.068739 0.128355 0.434152
v -0.068229 0.128565 0.434954
v -0.067770 0.128801 0.435674
v -0.067360 0.129062 0.436318
v -0.066997 0.129348 0.436889
v -0.066678 0.129658 0.437391
v -0.066508 0.129865 0.437658
v -0.066349 0.130116 0.437908
v -0.066202 0.130418 0.438141
v -0.066067 0.130779 0.438354
v -0.065946 0.131207 0.438547
v -0.065837 0.131710 0.438718
v -0.065744 0.132297 0.438868
v -0.065665 0.132974 0.438994
v -0.065603 0.133749 0.439096
v -0.065556 0.134632 0.439173
v -0.065527 0.135630 0.439223
v -0.065516 0.136750 0.439245
v -0.065557 0.139205 0.439193
v -0.065699 0.141279 0.438979
v -0.065963 0.143005 0.438573
v -0.066367 0.144415 0.437945
v -0.066931 0.145541 0.437066
v -0.067673 0.146416 0.435905
v -0.068614 0.147073 0.434433
v -0.069772 0.147543 0.432619
v -0.071167 0.147858 0.430433
v -0.072817 0.148052 0.427845
v -0.074742 0.148157 0.424826
v -0.076961 0.148205 0.421346
v -0.088095 0.148344 0.403883
v -0.088127 0.127940 0.403740
v -0.063602 0.104476 0.442101
v -0.063756 0.106720 0.441870
v -0.064037 0.108570 0.441438
v -0.064463 0.110066 0.440777
v -0.065052 0.111245 0.439858
v -0.065822 0.112146 0.438654
v -0.066791 0.112808 0.437137
v -0.067977 0.113268 0.435279
v -0.069398 0.113567 0.433051
v -0.071072 0.113740 0.430427
v -0.073016 0.113828 0.427378
v -0.075248 0.113869 0.423877
v -0.088149 0.114031 0.403643
v -0.088191 0.087284 0.403456
v -0.086582 0.087304 0.405980
v -0.084978 0.087330 0.408496
v -0.083379 0.087359 0.411004
v -0.081783 0.087390 0.413507
v -0.080190 0.087421 0.416006
v -0.078597 0.087450 0.418504
v -0.077005 0.087476 0.421002
v -0.075412 0.087497 0.423501
v -0.073816 0.087512 0.426004
v -0.072217 0.087518 0.428512
v -0.070613 0.087515 0.431028
v -0.069004 0.087501 0.433552
v -0.068155 0.087740 0.434885
v -0.067374 0.088072 0.436110
v -0.066664 0.088523 0.437226
v -0.066025 0.089114 0.438232
v -0.065457 0.089870 0.439125
v -0.064962 0.090813 0.439906
v -0.064540 0.091968 0.440573
v -0.064192 0.093357 0.441125
v -0.063919 0.095003 0.441561
v -0.063722 0.096931 0.441879
v -0.063602 0.099164 0.442078
v -0.063558 0.101724 0.442158
v -0.063558 0.101800 0.442158
v -0.056191 0.095301 0.453685
v -0.073055 0.095253 0.464436
v -0.056621 0.089977 0.452986
v -0.073485 0.089928 0.463738
v -0.057329 0.085571 0.451856
v -0.074193 0.085522 0.462608
v -0.058312 0.081998 0.450297
v -0.075176 0.081949 0.461049
v -0.059570 0.079172 0.448311
v -0.076435 0.079123 0.459062
v -0.061101 0.077009 0.445900
v -0.077966 0.076960 0.456651
v -0.062904 0.075422 0.443066
v -0.079768 0.075373 0.453817
v -0.064976 0.074326 0.439811
v -0.081840 0.074277 0.450562
v -0.067316 0.073636 0.436137
v -0.084180 0.073587 0.446889
v -0.069922 0.073266 0.432047
v -0.086786 0.073217 0.442799
v -0.072794 0.073130 0.427542
v -0.089658 0.073082 0.438294
v -0.075929 0.073144 0.422625
v -0.092793 0.073096 0.433377
v -0.095731 0.073469 0.391566
v -0.112595 0.073421 0.402318
v -0.095591 0.162271 0.392187
v -0.112455 0.162222 0.402939
v -0.076939 0.162037 0.421443
v -0.093803 0.161988 0.432194
v -0.076140 0.162027 0.422697
v -0.093004 0.161978 0.433448
v -0.075363 0.162015 0.423914
v -0.092227 0.161966 0.434666
v -0.074610 0.161999 0.425096
v -0.091474 0.161951 0.435848
v -0.073878 0.161979 0.426244
v -0.090742 0.161930 0.436996
v -0.073167 0.161951 0.427359
v -0.090031 0.161902 0.438111
v -0.072476 0.161914 0.428442
v -0.089341 0.161865 0.439193
v -0.071806 0.161866 0.429493
v -0.088670 0.161818 0.440245
v -0.071154 0.161806 0.430515
v -0.088018 0.161757 0.441267
v -0.070521 0.161731 0.431509
v -0.087385 0.161682 0.442260
v -0.069905 0.161639 0.432474
v -0.086769 0.161590 0.443226
v -0.069306 0.161529 0.433413
v -0.086170 0.161480 0.444165
v -0.068723 0.161399 0.434327
v -0.085587 0.161350 0.445078
v -0.066881 0.160800 0.437213
v -0.083745 0.160751 0.447965
v -0.065232 0.159962 0.439796
v -0.082096 0.159913 0.450548
v -0.063769 0.158877 0.442085
v -0.080633 0.158828 0.452837
v -0.062487 0.157536 0.444090
v -0.079351 0.157488 0.454842
v -0.061380 0.155931 0.445820
v -0.078244 0.155883 0.456572
v -0.060441 0.154054 0.447285
v -0.077305 0.154005 0.458036
v -0.059664 0.151895 0.448493
v -0.076528 0.151846 0.459245
v -0.059043 0.149446 0.449456
v -0.075907 0.149397 0.460208
v -0.058572 0.146699 0.450182
v -0.075436 0.146650 0.460934
v -0.058245 0.143644 0.450681
v -0.075109 0.143595 0.461433
v -0.058056 0.140274 0.450963
v -0.074920 0.140225 0.461715
v -0.057998 0.136580 0.451037
v -0.074862 0.136531 0.461789
v -0.058011 0.135201 0.451009
v -0.074876 0.135153 0.461761
v -0.058048 0.133856 0.450945
v -0.074913 0.133807 0.461697
v -0.058110 0.132545 0.450842
v -0.074974 0.132496 0.461594
v -0.058198 0.131269 0.450699
v -0.075062 0.131221 0.461451
v -0.058313 0.130030 0.450513
v -0.075177 0.129981 0.461264
v -0.058457 0.128828 0.450282
v -0.075321 0.128780 0.461033
v -0.058631 0.127665 0.450004
v -0.075495 0.127617 0.460756
v -0.058835 0.126542 0.449678
v -0.075700 0.126493 0.460429
v -0.059073 0.125459 0.449301
v -0.075937 0.125411 0.460052
v -0.059344 0.124418 0.448871
v -0.076208 0.124370 0.459622
v -0.059650 0.123420 0.448386
v -0.076514 0.123372 0.459138
v -0.059992 0.122466 0.447845
v -0.076856 0.122418 0.458597
v -0.059260 0.121313 0.448989
v -0.076124 0.121264 0.459740
v -0.058617 0.120050 0.449992
v -0.075481 0.120001 0.460743
v -0.058058 0.118679 0.450861
v -0.074922 0.118631 0.461613
v -0.057580 0.117203 0.451605
v -0.074444 0.117154 0.462357
v -0.057176 0.115620 0.452231
v -0.074040 0.115572 0.462983
v -0.056842 0.113934 0.452747
v -0.073706 0.113886 0.463499
v -0.056574 0.112146 0.453160
v -0.073438 0.112097 0.463912
v -0.056366 0.110255 0.453478
v -0.073230 0.110207 0.464230
v -0.056213 0.108265 0.453708
v -0.073077 0.108217 0.464460
v -0.056111 0.106176 0.453859
v -0.072975 0.106127 0.464611
v -0.056055 0.103989 0.453937
v -0.072919 0.103941 0.464689
v -0.056040 0.101706 0.453951
v -0.072904 0.101657 0.464702
v -0.056040 0.101630 0.453950
v -0.072904 0.101581 0.464702
v -0.087573 0.127931 0.404609
v -0.104437 0.127883 0.415360
v -0.087020 0.127920 0.405475
v -0.103885 0.127872 0.416227
v -0.086469 0.127907 0.406341
v -0.103333 0.127858 0.417092
v -0.085917 0.127892 0.407205
v -0.102782 0.127844 0.417957
v -0.085366 0.127876 0.408070
v -0.102230 0.127828 0.418822
v -0.084815 0.127860 0.408935
v -0.101679 0.127811 0.419687
v -0.084262 0.127844 0.409802
v -0.101126 0.127795 0.420553
v -0.083708 0.127828 0.410670
v -0.100572 0.127779 0.421422
v -0.083153 0.127813 0.411542
v -0.100017 0.127764 0.422293
v -0.082595 0.127800 0.412416
v -0.099459 0.127751 0.423168
v -0.082035 0.127788 0.413295
v -0.098899 0.127740 0.424047
v -0.081471 0.127780 0.414179
v -0.098336 0.127731 0.424930
v -0.073994 0.127686 0.425907
v -0.090858 0.127637 0.436658
v -0.073044 0.127690 0.427396
v -0.089909 0.127641 0.438148
v -0.072166 0.127726 0.428775
v -0.089030 0.127677 0.439526
v -0.071355 0.127793 0.430047
v -0.088219 0.127744 0.440798
v -0.070610 0.127890 0.431216
v -0.087474 0.127841 0.441968
v -0.069927 0.128016 0.432287
v -0.086791 0.127968 0.443039
v -0.069304 0.128172 0.433264
v -0.086169 0.128123 0.444016
v -0.068739 0.128355 0.434152
v -0.085603 0.128306 0.444903
v -0.068229 0.128565 0.434954
v -0.085093 0.128516 0.445705
v -0.067770 0.128801 0.435674
v -0.084634 0.128752 0.446426
v -0.067360 0.129062 0.436318
v -0.084224 0.129014 0.447070
v -0.066997 0.129348 0.436889
v -0.083861 0.129299 0.447640
v -0.066678 0.129658 0.437391
v -0.083542 0.129609 0.448143
v -0.066508 0.129865 0.437658
v -0.083372 0.129817 0.448410
v -0.066349 0.130116 0.437908
v -0.083214 0.130068 0.448660
v -0.066202 0.130418 0.438141
v -0.083066 0.130370 0.448892
v -0.066067 0.130779 0.438354
v -0.082932 0.130731 0.449105
v -0.065946 0.131207 0.438547
v -0.082810 0.131159 0.449298
v -0.065837 0.131710 0.438718
v -0.082702 0.131662 0.449470
v -0.065744 0.132297 0.438868
v -0.082608 0.132248 0.449620
v -0.065665 0.132974 0.438994
v -0.082529 0.132925 0.449746
v -0.065603 0.133749 0.439096
v -0.082467 0.133701 0.449848
v -0.065556 0.134632 0.439173
v -0.082420 0.134584 0.449924
v -0.065527 0.135630 0.439223
v -0.082391 0.135581 0.449974
v -0.065516 0.136750 0.439245
v -0.082380 0.136702 0.449997
v -0.065557 0.139205 0.439193
v -0.082421 0.139156 0.449944
v -0.065699 0.141279 0.438979
v -0.082563 0.141230 0.449730
v -0.065963 0.143005 0.438573
v -0.082827 0.142956 0.449325
v -0.066367 0.144415 0.437945
v -0.083231 0.144366 0.448697
v -0.066931 0.145541 0.437066
v -0.083795 0.145492 0.447818
v -0.067673 0.146416 0.435905
v -0.084538 0.146368 0.446657
v -0.068614 0.147073 0.434433
v -0.085478 0.147024 0.445184
v -0.069772 0.147543 0.432619
v -0.086636 0.147494 0.443370
v -0.071167 0.147858 0.430433
v -0.088031 0.147810 0.441184
v -0.072817 0.148052 0.427845
v -0.089681 0.148004 0.438597
v -0.074742 0.148157 0.424826
v -0.091606 0.148108 0.435578
v -0.076961 0.148205 0.421346
v -0.093825 0.148156 0.432097
v -0.088095 0.148344 0.403883
v -0.104959 0.148296 0.414634
v -0.088127 0.127940 0.403740
v -0.104991 0.127891 0.414492
v -0.063602 0.104476 0.442101
v -0.080466 0.104427 0.452853
v -0.063756 0.106720 0.441870
v -0.080620 0.106671 0.452622
v -0.064037 0.108570 0.441438
v -0.080901 0.108521 0.452190
v -0.064463 0.110066 0.440777
v -0.081327 0.110017 0.451529
v -0.065052 0.111245 0.439858
v -0.081916 0.111196 0.450610
v -0.065822 0.112146 0.438654
v -0.082686 0.112097 0.449406
v -0.066791 0.112808 0.437137
v -0.083655 0.112759 0.447889
v -0.067977 0.113268 0.435279
v -0.084841 0.113220 0.446030
v -0.069398 0.113567 0.433051
v -0.086262 0.113518 0.443803
v -0.071072 0.113740 0.430427
v -0.087936 0.113692 0.441179
v -0.073016 0.113828 0.427378
v -0.089880 0.113780 0.438130
v -0.075248 0.113869 0.423877
v -0.092113 0.113821 0.434628
v -0.088149 0.114031 0.403643
v -0.105013 0.113982 0.414394
v -0.088191 0.087284 0.403456
v -0.105055 0.087235 0.414207
v -0.086582 0.087304 0.405980
v -0.103446 0.087256 0.416732
v -0.084978 0.087330 0.408496
v -0.101842 0.087282 0.419247
v -0.083379 0.087359 0.411004
v -0.100243 0.087311 0.421756
v -0.081783 0.087390 0.413507
v -0.098647 0.087341 0.424259
v -0.080190 0.087421 0.416006
v -0.097054 0.087372 0.426758
v -0.078597 0.087450 0.418504
v -0.095462 0.087401 0.429256
v -0.077005 0.087476 0.421002
v -0.093869 0.087427 0.431753
v -0.075412 0.087497 0.423501
v -0.092276 0.087448 0.434253
v -0.073816 0.087512 0.426004
v -0.090680 0.087463 0.436756
v -0.072217 0.087518 0.428512
v -0.089081 0.087470 0.439264
v -0.070613 0.087515 0.431028
v -0.087477 0.087467 0.441779
v -0.069004 0.087501 0.433552
v -0.085868 0.087453 0.444303
v -0.068155 0.087740 0.434885
v -0.085019 0.087691 0.445637
v -0.067374 0.088072 0.436110
v -0.084239 0.088024 0.446862
v -0.066664 0.088523 0.437226
v -0.083528 0.088474 0.447978
v -0.066025 0.089114 0.438232
v -0.082889 0.089065 0.448983
v -0.065457 0.089870 0.439125
v -0.082321 0.089821 0.449877
v -0.064962 0.090813 0.439906
v -0.081826 0.090765 0.450658
v -0.064540 0.091968 0.440573
v -0.081404 0.091919 0.451325
v -0.064192 0.093357 0.441125
v -0.081056 0.093308 0.451877
v -0.063919 0.095003 0.441561
v -0.080784 0.094955 0.452313
v -0.063722 0.096931 0.441879
v -0.080586 0.096883 0.452631
v -0.063602 0.099164 0.442078
v -0.080466 0.099115 0.452830
v -0.063558 0.101724 0.442158
v -0.080422 0.101675 0.452909
v -0.063558 0.101800 0.442158
v -0.080422 0.101752 0.452910
v -0.036580 0.092444 0.484432
v -0.053444 0.092395 0.495183
v -0.036948 0.090861 0.483848
v -0.053812 0.090812 0.494599
v -0.037325 0.089241 0.483249
v -0.054189 0.089192 0.494000
v -0.037709 0.087592 0.482638
v -0.054573 0.087544 0.493390
v -0.038098 0.085922 0.482021
v -0.054963 0.085873 0.492772
v -0.038490 0.084238 0.481399
v -0.055354 0.084189 0.492151
v -0.038881 0.082547 0.480778
v -0.055745 0.082499 0.491529
v -0.039270 0.080859 0.480160
v -0.056134 0.080810 0.490912
v -0.039653 0.079179 0.479551
v -0.056518 0.079131 0.490303
v -0.040030 0.077517 0.478953
v -0.056894 0.077468 0.489705
v -0.040396 0.075879 0.478371
v -0.057260 0.075830 0.489123
v -0.040750 0.074273 0.477808
v -0.057614 0.074224 0.488560
v -0.041089 0.072707 0.477269
v -0.057954 0.072658 0.488021
v -0.049306 0.072810 0.464381
v -0.066170 0.072762 0.475133
v -0.029117 0.161284 0.496448
v -0.045982 0.161235 0.507200
v -0.020901 0.161181 0.509336
v -0.037765 0.161132 0.520088
v -0.000991 0.072204 0.540162
v -0.017855 0.072155 0.550913
v -0.009167 0.072306 0.527338
v -0.026031 0.072258 0.538090
v -0.013573 0.092155 0.520517
v -0.030437 0.092107 0.531269
v -0.017479 0.109460 0.514468
v -0.034343 0.109411 0.525220
v -0.018185 0.112643 0.513376
v -0.035049 0.112595 0.524128
v -0.018876 0.115749 0.512307
v -0.035740 0.115701 0.523058
v -0.019555 0.118797 0.511254
v -0.036419 0.118749 0.522006
v -0.020228 0.121806 0.510213
v -0.037092 0.121757 0.520965
v -0.020896 0.124794 0.509178
v -0.037760 0.124745 0.519930
v -0.021565 0.127780 0.508143
v -0.038429 0.127732 0.518895
v -0.022237 0.130784 0.507102
v -0.039101 0.130735 0.517853
v -0.022917 0.133824 0.506049
v -0.039781 0.133775 0.516801
v -0.023608 0.136919 0.504980
v -0.040472 0.136870 0.515732
v -0.024313 0.140088 0.503888
v -0.041177 0.140039 0.514639
v -0.025037 0.143350 0.502767
v -0.041901 0.143301 0.513519
v -0.025789 0.140089 0.501574
v -0.042653 0.140040 0.512325
v -0.026516 0.136924 0.500419
v -0.043380 0.136875 0.511171
v -0.027223 0.133835 0.499295
v -0.044087 0.133786 0.510047
v -0.027916 0.130804 0.498195
v -0.044780 0.130756 0.508946
v -0.028599 0.127813 0.497110
v -0.045463 0.127764 0.507861
v -0.029278 0.124842 0.496032
v -0.046142 0.124793 0.506784
v -0.029956 0.121872 0.494955
v -0.046820 0.121824 0.505707
v -0.030639 0.118885 0.493870
v -0.047503 0.118837 0.504622
v -0.031332 0.115863 0.492769
v -0.048196 0.115814 0.503521
v -0.032039 0.112785 0.491646
v -0.048903 0.112737 0.502397
v -0.032766 0.109634 0.490491
v -0.049631 0.109586 0.501243
v -0.033518 0.106391 0.489298
v -0.050382 0.106342 0.500049
v -0.016755 0.106181 0.515589
v -0.033620 0.106132 0.526341
v 0.044088 0.078058 0.610896
v 0.027224 0.078009 0.621648
v 0.042252 0.076861 0.608010
v 0.025388 0.076812 0.618762
v 0.040466 0.075782 0.605204
v 0.023601 0.075733 0.615955
v 0.038729 0.074818 0.602476
v 0.021865 0.074770 0.613227
v 0.037042 0.073968 0.599826
v 0.020178 0.073920 0.610578
v 0.035406 0.073229 0.597255
v 0.018541 0.073180 0.608007
v 0.033819 0.072598 0.594763
v 0.016954 0.072549 0.605515
v 0.032281 0.072073 0.592350
v 0.015417 0.072025 0.603101
v 0.030794 0.071652 0.590015
v 0.013930 0.071603 0.600766
v 0.029356 0.071332 0.587758
v 0.012492 0.071284 0.598510
v 0.027968 0.071111 0.585580
v 0.011104 0.071063 0.596332
v 0.026630 0.070987 0.583481
v 0.009766 0.070938 0.594233
v 0.025342 0.070956 0.581460
v 0.008478 0.070908 0.592212
v 0.022591 0.071206 0.577147
v 0.005727 0.071157 0.587899
v 0.019977 0.071871 0.573050
v 0.003113 0.071822 0.583802
v 0.017515 0.072933 0.569192
v 0.000651 0.072884 0.579944
v 0.015218 0.074372 0.565596
v -0.001646 0.074324 0.576347
v 0.013101 0.076170 0.562284
v -0.003763 0.076122 0.573036
v 0.011179 0.078308 0.559279
v -0.005685 0.078260 0.570031
v 0.009467 0.080767 0.556604
v -0.007397 0.080718 0.567356
v 0.007978 0.083526 0.554282
v -0.008886 0.083478 0.565034
v 0.006728 0.086569 0.552335
v -0.010136 0.086520 0.563087
v 0.005731 0.089875 0.550786
v -0.011133 0.089826 0.561537
v 0.005001 0.093425 0.549657
v -0.011863 0.093376 0.560409
v 0.004553 0.097201 0.548972
v -0.012311 0.097152 0.559723
v 0.004523 0.097732 0.548927
v -0.012341 0.097683 0.559678
v 0.004475 0.098549 0.548855
v -0.012389 0.098500 0.559607
v 0.004413 0.099635 0.548763
v -0.012451 0.099587 0.559515
v 0.004342 0.100974 0.548657
v -0.012522 0.100925 0.559408
v 0.004264 0.102548 0.548542
v -0.012600 0.102500 0.559294
v 0.004185 0.104342 0.548426
v -0.012679 0.104293 0.559177
v 0.004107 0.106337 0.548313
v -0.012757 0.106289 0.559065
v 0.004036 0.108518 0.548211
v -0.012828 0.108469 0.558962
v 0.003974 0.110868 0.548125
v -0.012890 0.110819 0.558877
v 0.003927 0.113369 0.548061
v -0.012938 0.113320 0.558813
v 0.003897 0.116006 0.548027
v -0.012967 0.115957 0.558779
v 0.003889 0.118761 0.548027
v -0.012975 0.118712 0.558779
v 0.003896 0.120273 0.548044
v -0.012968 0.120225 0.558796
v 0.003911 0.121825 0.548076
v -0.012953 0.121777 0.558828
v 0.003936 0.123409 0.548122
v -0.012928 0.123360 0.558874
v 0.003970 0.125015 0.548183
v -0.012894 0.124966 0.558935
v 0.004014 0.126636 0.548259
v -0.012850 0.126587 0.559011
v 0.004068 0.128263 0.548351
v -0.012796 0.128215 0.559103
v 0.004133 0.129889 0.548459
v -0.012732 0.129841 0.559211
v 0.004207 0.131505 0.548584
v -0.012657 0.131456 0.559336
v 0.004293 0.133103 0.548725
v -0.012571 0.133054 0.559477
v 0.004390 0.134674 0.548884
v -0.012475 0.134625 0.559636
v 0.004498 0.136211 0.549061
v -0.012367 0.136162 0.559812
v 0.004617 0.137704 0.549255
v -0.012247 0.137656 0.560007
v 0.005086 0.141431 0.550007
v -0.011779 0.141382 0.560758
v 0.005832 0.144925 0.551194
v -0.011032 0.144876 0.561945
v 0.006843 0.148169 0.552794
v -0.010021 0.148120 0.563546
v 0.008105 0.151145 0.554786
v -0.008759 0.151096 0.565538
v 0.009603 0.153835 0.557148
v -0.007261 0.153786 0.567899
v 0.011323 0.156220 0.559857
v -0.005541 0.156171 0.570608
v 0.013251 0.158282 0.562891
v -0.003613 0.158233 0.573642
v 0.015374 0.160004 0.566228
v -0.001490 0.159955 0.576980
v 0.017677 0.161367 0.569847
v 0.000813 0.161318 0.580599
v 0.020147 0.162352 0.573725
v 0.003283 0.162304 0.584476
v 0.022768 0.162943 0.577840
v 0.005904 0.162894 0.588591
v 0.025529 0.163120 0.582170
v 0.008664 0.163071 0.592921
v 0.026807 0.163057 0.584175
v 0.009943 0.163009 0.594927
v 0.028137 0.162899 0.586260
v 0.011273 0.162851 0.597012
v 0.029518 0.162644 0.588424
v 0.012653 0.162595 0.599176
v 0.030949 0.162288 0.590668
v 0.014085 0.162239 0.601420
v 0.032431 0.161829 0.592990
v 0.015567 0.161781 0.603742
v 0.033963 0.161266 0.595392
v 0.017099 0.161217 0.606143
v 0.035546 0.160595 0.597871
v 0.018682 0.160547 0.608623
v 0.037179 0.159815 0.600429
v 0.020315 0.159766 0.611181
v 0.038862 0.158923 0.603065
v 0.021998 0.158874 0.613817
v 0.040595 0.157916 0.605779
v 0.023731 0.157867 0.616530
v 0.042378 0.156792 0.608570
v 0.025514 0.156743 0.619321
v 0.044210 0.155549 0.611438
v 0.027346 0.155500 0.622190
v 0.041683 0.142436 0.607415
v 0.024819 0.142387 0.618167
v 0.040020 0.143548 0.604812
v 0.023156 0.143499 0.615563
v 0.038416 0.144550 0.602300
v 0.021552 0.144502 0.613052
v 0.036871 0.145446 0.599880
v 0.020007 0.145397 0.610632
v 0.035384 0.146237 0.597551
v 0.018519 0.146188 0.608303
v 0.033954 0.146927 0.595312
v 0.017090 0.146878 0.606063
v 0.032581 0.147518 0.593161
v 0.015717 0.147469 0.603912
v 0.031264 0.148012 0.591098
v 0.014400 0.147964 0.601850
v 0.030003 0.148413 0.589122
v 0.013139 0.148365 0.599874
v 0.028798 0.148723 0.587232
v 0.011934 0.148675 0.597984
v 0.027647 0.148945 0.585428
v 0.010783 0.148897 0.596180
v 0.026550 0.149082 0.583708
v 0.009686 0.149033 0.594460
v 0.025506 0.149135 0.582072
v 0.008642 0.149086 0.592824
v 0.023564 0.149033 0.579025
v 0.006700 0.148985 0.589777
v 0.021766 0.148689 0.576202
v 0.004902 0.148640 0.586954
v 0.020112 0.148118 0.573606
v 0.003248 0.148070 0.584357
v 0.018604 0.147339 0.571238
v 0.001740 0.147291 0.581989
v 0.017245 0.146368 0.569101
v 0.000381 0.146320 0.579853
v 0.016035 0.145222 0.567199
v -0.000829 0.145174 0.577950
v 0.014977 0.143919 0.565532
v -0.001887 0.143870 0.576284
v 0.014071 0.142474 0.564105
v -0.002793 0.142425 0.574857
v 0.013320 0.140905 0.562920
v -0.003544 0.140857 0.573672
v 0.012725 0.139229 0.561979
v -0.004139 0.139181 0.572731
v 0.012288 0.137464 0.561285
v -0.004577 0.137415 0.572037
v 0.012009 0.135625 0.560840
v -0.004855 0.135576 0.571592
v 0.011917 0.134219 0.560689
v -0.004947 0.134171 0.571441
v 0.011831 0.132794 0.560547
v -0.005033 0.132745 0.571299
v 0.011750 0.131354 0.560415
v -0.005114 0.131306 0.571166
v 0.011676 0.129906 0.560292
v -0.005188 0.129857 0.571043
v 0.011609 0.128454 0.560180
v -0.005255 0.128405 0.570931
v 0.011549 0.127004 0.560079
v -0.005315 0.126956 0.570831
v 0.011497 0.125562 0.559991
v -0.005368 0.125514 0.570742
v 0.011453 0.124134 0.559915
v -0.005412 0.124086 0.570667
v 0.011417 0.122725 0.559853
v -0.005447 0.122676 0.570604
v 0.011390 0.121340 0.559805
v -0.005474 0.121292 0.570557
v 0.011373 0.119986 0.559772
v -0.005491 0.119937 0.570524
v 0.011366 0.118667 0.559755
v -0.005498 0.118618 0.570507
v 0.011372 0.116329 0.559754
v -0.005492 0.116280 0.570505
v 0.011396 0.114063 0.559781
v -0.005468 0.114015 0.570533
v 0.011435 0.111886 0.559831
v -0.005430 0.111837 0.570583
v 0.011485 0.109812 0.559901
v -0.005379 0.109763 0.570652
v 0.011544 0.107856 0.559984
v -0.005321 0.107807 0.570736
v 0.011608 0.106035 0.560077
v -0.005256 0.105986 0.570829
v 0.011676 0.104363 0.560176
v -0.005188 0.104315 0.570927
v 0.011743 0.102857 0.560274
v -0.005121 0.102808 0.571026
v 0.011807 0.101531 0.560369
v -0.005057 0.101482 0.571121
v 0.011865 0.100400 0.560455
v -0.004999 0.100352 0.571207
v 0.011914 0.099482 0.560528
v -0.004950 0.099433 0.571279
v 0.011951 0.098789 0.560582
v -0.004913 0.098741 0.571334
v 0.012254 0.096975 0.561048
v -0.004611 0.096927 0.571800
v 0.012713 0.095219 0.561760
v -0.004152 0.095171 0.572512
v 0.013326 0.093540 0.562715
v -0.003538 0.093491 0.573466
v 0.014091 0.091955 0.563907
v -0.002774 0.091907 0.574659
v 0.015005 0.090485 0.565334
v -0.001860 0.090436 0.576086
v 0.016065 0.089147 0.566991
v -0.000799 0.089098 0.577743
v 0.017270 0.087960 0.568875
v 0.000406 0.087911 0.579627
v 0.018616 0.086942 0.570982
v 0.001752 0.086894 0.581734
v 0.020101 0.086113 0.573308
v 0.003237 0.086065 0.584059
v 0.021722 0.085491 0.575848
v 0.004858 0.085442 0.586600
v 0.023478 0.085094 0.578600
v 0.006613 0.085045 0.589351
v 0.025364 0.084941 0.581558
v 0.008500 0.084893 0.592310
v 0.026419 0.084970 0.583212
v 0.009555 0.084921 0.593964
v 0.027528 0.085082 0.584953
v 0.010664 0.085034 0.595705
v 0.028692 0.085281 0.586779
v 0.011828 0.085232 0.597531
v 0.029910 0.085566 0.588692
v 0.013046 0.085518 0.599444
v 0.031183 0.085942 0.590690
v 0.014319 0.085893 0.601442
v 0.032510 0.086409 0.592773
v 0.015646 0.086360 0.603525
v 0.033891 0.086969 0.594942
v 0.017027 0.086920 0.605694
v 0.035326 0.087624 0.597196
v 0.018462 0.087576 0.607948
v 0.036815 0.088376 0.599535
v 0.019951 0.088328 0.610286
v 0.038357 0.089227 0.601958
v 0.021493 0.089179 0.612709
v 0.039953 0.090179 0.604465
v 0.023089 0.090131 0.615217
v 0.041603 0.091234 0.607057
v 0.024739 0.091185 0.617809
v 0.089722 0.071065 0.682443
v 0.072858 0.071017 0.693194
v 0.082163 0.071160 0.670586
v 0.065299 0.071112 0.681337
v 0.082217 0.105168 0.670824
v 0.065352 0.105119 0.681575
v 0.082147 0.106393 0.670720
v 0.065283 0.106344 0.681472
v 0.081975 0.107575 0.670455
v 0.065111 0.107526 0.681207
v 0.081697 0.108703 0.670025
v 0.064833 0.108654 0.680776
v 0.081312 0.109765 0.669426
v 0.064448 0.109716 0.680178
v 0.080819 0.110748 0.668656
v 0.063954 0.110699 0.679408
v 0.080214 0.111641 0.667711
v 0.063350 0.111593 0.678463
v 0.079496 0.112432 0.666589
v 0.062631 0.112384 0.677340
v 0.078662 0.113109 0.665285
v 0.061798 0.113061 0.676036
v 0.077712 0.113661 0.663797
v 0.060848 0.113612 0.674548
v 0.076642 0.114074 0.662121
v 0.059778 0.114026 0.672872
v 0.075452 0.114338 0.660254
v 0.058587 0.114289 0.671006
v 0.074137 0.114440 0.658193
v 0.057273 0.114391 0.668945
v 0.073113 0.114403 0.656587
v 0.056249 0.114354 0.667338
v 0.072034 0.114262 0.654893
v 0.055170 0.114213 0.665644
v 0.070901 0.114011 0.653115
v 0.054037 0.113963 0.663866
v 0.069716 0.113646 0.651254
v 0.052852 0.113598 0.662006
v 0.068480 0.113161 0.649315
v 0.051616 0.113112 0.660066
v 0.067196 0.112550 0.647298
v 0.050332 0.112501 0.658049
v 0.065865 0.111807 0.645206
v 0.049001 0.111758 0.655957
v 0.064488 0.110927 0.643042
v 0.047623 0.110878 0.653793
v 0.063066 0.109904 0.640808
v 0.046202 0.109855 0.651559
v 0.061602 0.108733 0.638506
v 0.044738 0.108684 0.649258
v 0.060097 0.107408 0.636139
v 0.043233 0.107359 0.646891
v 0.058553 0.105923 0.633710
v 0.041689 0.105875 0.644462
v 0.058499 0.071457 0.633469
v 0.041634 0.071409 0.644221
v 0.050980 0.071552 0.621677
v 0.034116 0.071503 0.632428
v 0.051120 0.160201 0.622297
v 0.034256 0.160152 0.633049
v 0.058638 0.160106 0.634089
v 0.041774 0.160058 0.644841
v 0.058577 0.121513 0.633819
v 0.041713 0.121465 0.644571
v 0.059388 0.122156 0.635094
v 0.042524 0.122107 0.645845
v 0.060195 0.122767 0.636362
v 0.043331 0.122718 0.647114
v 0.060998 0.123347 0.637624
v 0.044134 0.123298 0.648376
v 0.061796 0.123896 0.638879
v 0.044932 0.123847 0.649631
v 0.062590 0.124414 0.640127
v 0.045726 0.124365 0.650878
v 0.063379 0.124902 0.641367
v 0.046515 0.124853 0.652118
v 0.064163 0.125359 0.642598
v 0.047299 0.125311 0.653350
v 0.064942 0.125787 0.643821
v 0.048078 0.125738 0.654573
v 0.065714 0.126185 0.645035
v 0.048850 0.126136 0.655786
v 0.066481 0.126553 0.646239
v 0.049617 0.126505 0.656990
v 0.067241 0.126893 0.647433
v 0.050377 0.126844 0.658185
v 0.067995 0.127203 0.648616
v 0.051131 0.127155 0.659368
v 0.068159 0.127278 0.648875
v 0.051295 0.127229 0.659626
v 0.070544 0.128127 0.652618
v 0.053679 0.128078 0.663370
v 0.072668 0.129250 0.655955
v 0.055804 0.129202 0.666707
v 0.074542 0.130650 0.658902
v 0.057678 0.130601 0.669654
v 0.076177 0.132328 0.661474
v 0.059313 0.132280 0.672226
v 0.077583 0.134289 0.663687
v 0.060719 0.134241 0.674439
v 0.078769 0.136535 0.665558
v 0.061905 0.136486 0.676309
v 0.079745 0.139068 0.667101
v 0.062881 0.139020 0.677853
v 0.080523 0.141892 0.668334
v 0.063659 0.141843 0.679085
v 0.081112 0.145009 0.669271
v 0.064248 0.144960 0.680023
v 0.081521 0.148422 0.669929
v 0.064657 0.148373 0.680681
v 0.081763 0.152133 0.670324
v 0.064898 0.152085 0.681076
v 0.081845 0.156147 0.670472
v 0.064981 0.156098 0.681223
v 0.081851 0.159968 0.670498
v 0.064987 0.159919 0.681250
v 0.089287 0.159874 0.682162
v 0.072423 0.159826 0.692913
v 0.089281 0.156053 0.682135
v 0.072417 0.156005 0.692887
v 0.089238 0.153033 0.682053
v 0.072374 0.152985 0.692805
v 0.089116 0.150056 0.681848
v 0.072251 0.150007 0.692600
v 0.088913 0.147130 0.681518
v 0.072049 0.147081 0.692269
v 0.088630 0.144264 0.681060
v 0.071766 0.144215 0.691811
v 0.088263 0.141469 0.680471
v 0.071399 0.141420 0.691223
v 0.087811 0.138752 0.679750
v 0.070947 0.138704 0.690502
v 0.087273 0.136125 0.678895
v 0.070409 0.136076 0.689646
v 0.086647 0.133595 0.677901
v 0.069783 0.133547 0.688653
v 0.085932 0.131173 0.676768
v 0.069067 0.131124 0.687520
v 0.085125 0.128867 0.675493
v 0.068261 0.128819 0.686245
v 0.084226 0.126688 0.674073
v 0.067362 0.126639 0.684825
v 0.083233 0.124643 0.672507
v 0.066369 0.124594 0.683258
v 0.083396 0.124469 0.672761
v 0.066532 0.124420 0.683512
v 0.083555 0.124294 0.673010
v 0.066691 0.124245 0.683762
v 0.083712 0.124117 0.673255
v 0.066848 0.124069 0.684007
v 0.083867 0.123939 0.673497
v 0.067003 0.123890 0.684249
v 0.084020 0.123757 0.673736
v 0.067156 0.123708 0.684488
v 0.084171 0.123571 0.673973
v 0.067307 0.123522 0.684725
v 0.084322 0.123380 0.674209
v 0.067458 0.123331 0.684961
v 0.084473 0.123184 0.674444
v 0.067609 0.123135 0.685196
v 0.084623 0.122981 0.674679
v 0.067759 0.122933 0.685431
v 0.084774 0.122771 0.674915
v 0.067910 0.122723 0.685666
v 0.084926 0.122554 0.675151
v 0.068061 0.122505 0.685903
v 0.085079 0.122327 0.675390
v 0.068214 0.122278 0.686142
v 0.085791 0.121279 0.676504
v 0.068927 0.121231 0.687255
v 0.086452 0.120145 0.677535
v 0.069588 0.120097 0.688287
v 0.087059 0.118930 0.678482
v 0.070195 0.118881 0.689234
v 0.087611 0.117639 0.679341
v 0.070747 0.117591 0.690093
v 0.088105 0.116278 0.680109
v 0.071240 0.116229 0.690861
v 0.088538 0.114852 0.680783
v 0.071674 0.114803 0.691535
v 0.088911 0.113365 0.681361
v 0.072047 0.113317 0.692112
v 0.089219 0.111825 0.681838
v 0.072355 0.111776 0.692589
v 0.089462 0.110235 0.682211
v 0.072598 0.110187 0.692963
v 0.089637 0.108602 0.682478
v 0.072773 0.108554 0.693230
v 0.089743 0.106931 0.682636
v 0.072878 0.106882 0.693388
v 0.089776 0.105226 0.682682
v 0.072912 0.105177 0.693433
vn -0.8432 -0.0024 0.5376
vn 0.8432 0.0024 -0.5376
vn 0.5351 -0.1003 0.8388
vn 0.5247 -0.2215 0.8220
vn 0.4990 -0.3756 0.7810
vn 0.4493 -0.5523 0.7022
vn 0.3728 -0.7231 0.5815
vn 0.2804 -0.8552 0.4359
vn 0.1908 -0.9362 0.2951
vn 0.1177 -0.9766 0.1802
vn 0.0646 -0.9932 0.0968
vn 0.0293 -0.9987 0.0415
vn 0.0082 -0.9999 0.0084
vn -0.0010 -1.0000 -0.0060
vn -0.3816 -0.7016 -0.6018
vn -0.3790 0.7119 -0.5913
vn 0.0016 1.0000 0.0071
vn 0.0020 1.0000 0.0077
vn 0.0031 1.0000 0.0094
vn 0.0050 0.9999 0.0123
vn 0.0077 0.9998 0.0166
vn 0.0113 0.9997 0.0223
vn 0.0159 0.9994 0.0295
vn 0.0216 0.9990 0.0384
vn 0.0285 0.9984 0.0492
vn 0.0365 0.9974 0.0618
vn 0.0458 0.9960 0.0764
vn 0.0565 0.9941 0.0930
vn 0.0764 0.9893 0.1243
vn 0.1153 0.9759 0.1853
vn 0.1689 0.9482 0.2692
vn 0.2303 0.9020 0.3653
vn 0.2966 0.8320 0.4689
vn 0.3623 0.7362 0.5716
vn 0.4210 0.6189 0.6631
vn 0.4675 0.4903 0.7356
vn 0.5002 0.3629 0.7862
vn 0.5205 0.2465 0.8175
vn 0.5315 0.1461 0.8344
vn 0.5364 0.0627 0.8416
vn 0.5376 0.0016 0.8432
vn 0.5373 -0.0385 0.8425
vn 0.5363 -0.0730 0.8409
vn 0.5345 -0.1109 0.8379
vn 0.5316 -0.1524 0.8332
vn 0.5274 -0.1974 0.8264
vn 0.5216 -0.2460 0.8170
vn 0.5138 -0.2978 0.8046
vn 0.5038 -0.3527 0.7886
vn 0.4912 -0.4098 0.7686
vn 0.4759 -0.4686 0.7443
vn 0.4576 -0.5280 0.7154
vn 0.5322 0.1372 0.8354
vn 0.3686 0.7253 0.5814
vn 0.4094 0.6452 0.6451
vn 0.4447 0.5588 0.7000
vn 0.4734 0.4705 0.7446
vn 0.4955 0.3846 0.7789
vn 0.5115 0.3041 0.8037
vn 0.5225 0.2314 0.8206
vn 0.5297 0.1673 0.8315
vn 0.5340 0.1121 0.8380
vn 0.5363 0.0653 0.8415
vn 0.5373 0.0262 0.8430
vn 0.5376 0.0009 0.8432
vn 0.5374 -0.0274 0.8429
vn 0.0031 1.0000 0.0093
vn 0.0043 0.9999 0.0113
vn 0.0053 0.9999 0.0128
vn 0.0060 0.9999 0.0139
vn 0.0064 0.9999 0.0146
vn 0.0065 0.9999 0.0148
vn 0.0064 0.9999 0.0145
vn 0.0043 0.9999 0.0112
vn 0.0030 1.0000 0.0093
vn 0.0020 1.0000 0.0076
vn -0.0008 1.0000 0.0032
vn -0.0085 0.9999 -0.0088
vn -0.0198 0.9994 -0.0266
vn -0.0328 0.9984 -0.0469
vn -0.0475 0.9964 -0.0700
vn -0.0644 0.9932 -0.0965
vn -0.0838 0.9884 -0.1270
vn -0.1061 0.9811 -0.1620
vn -0.1316 0.9705 -0.2021
vn -0.1608 0.9554 -0.2479
vn -0.1938 0.9341 -0.2997
vn -0.2307 0.9049 -0.3577
vn -0.2736 0.8627 -0.4253
vn -0.3235 0.8010 -0.5037
vn -0.3747 0.7196 -0.5845
vn -0.4213 0.6242 -0.6580
vn -0.4594 0.5225 -0.7183
vn -0.4880 0.4229 -0.7635
vn -0.5078 0.3316 -0.7951
vn -0.5208 0.2516 -0.8158
vn -0.5288 0.1836 -0.8286
vn -0.5335 0.1266 -0.8363
vn -0.5361 0.0792 -0.8405
vn -0.5372 0.0400 -0.8425
vn -0.5376 -0.0023 -0.8432
vn -0.5359 -0.0750 -0.8409
vn -0.5266 -0.1971 -0.8269
vn -0.4984 -0.3710 -0.7835
vn -0.4372 -0.5788 -0.6884
vn -0.3425 -0.7684 -0.5406
vn -0.2381 -0.8949 -0.3775
vn -0.1503 -0.9591 -0.2401
vn -0.0879 -0.9859 -0.1424
vn -0.0474 -0.9958 -0.0789
vn -0.0228 -0.9989 -0.0402
vn -0.0089 -0.9998 -0.0185
vn -0.0029 -1.0000 -0.0090
vn 0.3790 -0.7119 0.5913
vn 0.3815 0.7018 0.6016
vn -0.5359 -0.0748 -0.8409
vn -0.5268 -0.1960 -0.8271
vn -0.4989 -0.3690 -0.7842
vn -0.4377 -0.5774 -0.6892
vn -0.3420 -0.7691 -0.5399
vn -0.2356 -0.8972 -0.3736
vn -0.1461 -0.9613 -0.2336
vn -0.0832 -0.9874 -0.1349
vn -0.0431 -0.9965 -0.0721
vn -0.0195 -0.9992 -0.0351
vn -0.0071 -0.9999 -0.0157
vn -0.0024 -1.0000 -0.0083
vn 0.3786 0.7072 0.5971
vn -0.0063 1.0000 -0.0053
vn -0.0070 1.0000 -0.0064
vn -0.0074 0.9999 -0.0072
vn -0.0076 0.9999 -0.0074
vn -0.0075 0.9999 -0.0072
vn -0.0070 1.0000 -0.0065
vn -0.0063 1.0000 -0.0054
vn -0.0053 1.0000 -0.0038
vn -0.0040 1.0000 -0.0017
vn -0.0024 1.0000 0.0008
vn -0.0005 1.0000 0.0037
vn -0.0410 0.9974 -0.0598
vn -0.1022 0.9825 -0.1558
vn -0.1488 0.9620 -0.2291
vn -0.2085 0.9232 -0.3228
vn -0.2783 0.8576 -0.4326
vn -0.3510 0.7599 -0.5471
vn -0.4167 0.6346 -0.6508
vn -0.4677 0.4963 -0.7314
vn -0.5018 0.3624 -0.7854
vn -0.5218 0.2446 -0.8173
vn -0.5320 0.1473 -0.8338
vn -0.5364 0.0695 -0.8411
vn -0.5375 0.0210 -0.8430
vn -0.5375 -0.0101 -0.8432
vn 0.2948 -0.8383 0.4586
vn 0.4935 -0.3999 0.7723
vn 0.4934 -0.4006 0.7721
vn 0.4934 -0.4007 0.7721
vn 0.4935 -0.4002 0.7722
vn 0.4937 -0.3991 0.7726
vn 0.4941 -0.3975 0.7732
vn 0.4946 -0.3953 0.7740
vn 0.4952 -0.3925 0.7750
vn 0.4960 -0.3891 0.7763
vn 0.4970 -0.3848 0.7778
vn 0.4981 -0.3797 0.7796
vn 0.3003 -0.8316 0.4672
vn -0.4486 -0.5478 -0.7062
vn -0.2962 0.8366 -0.4608
vn 0.2988 0.8292 0.4724
vn 0.4469 -0.5590 0.6984
vn -0.2994 -0.8284 -0.4734
vn -0.4970 -0.3775 -0.7813
vn -0.4968 -0.3787 -0.7809
vn -0.4965 -0.3797 -0.7806
vn -0.4964 -0.3805 -0.7803
vn -0.4962 -0.3811 -0.7801
vn -0.4962 -0.3814 -0.7800
vn -0.4962 -0.3812 -0.7800
vn -0.4963 -0.3807 -0.7802
vn -0.4965 -0.3800 -0.7805
vn -0.4967 -0.3791 -0.7808
vn -0.0033 -0.9999 -0.0097
vn 0.4944 -0.3964 0.7736
vn 0.4946 -0.3954 0.7740
vn 0.4948 -0.3947 0.7742
vn 0.4949 -0.3941 0.7744
vn 0.4949 -0.3939 0.7745
vn 0.4949 -0.3942 0.7744
vn 0.4947 -0.3948 0.7742
vn 0.4945 -0.3957 0.7739
vn 0.4943 -0.3968 0.7735
vn 0.4940 -0.3981 0.7730
vn 0.4494 0.5455 0.7074
vn -0.4462 0.5610 -0.6973
vn 0.4849 -0.4350 0.7587
vn 0.1737 -0.9476 0.2681
vn 0.1616 -0.9549 0.2492
vn 0.1490 -0.9619 0.2293
vn 0.1356 -0.9686 0.2083
vn 0.1215 -0.9750 0.1862
vn 0.1066 -0.9809 0.1628
vn 0.0909 -0.9862 0.1382
vn 0.0744 -0.9909 0.1122
vn 0.0569 -0.9948 0.0847
vn 0.0384 -0.9977 0.0557
vn 0.0189 -0.9995 0.0251
vn -0.0076 -0.9998 -0.0165
vn -0.0476 -0.9957 -0.0791
vn -0.0953 -0.9835 -0.1539
vn -0.1449 -0.9620 -0.2316
vn -0.1961 -0.9297 -0.3118
vn -0.2486 -0.8849 -0.3939
vn -0.3016 -0.8257 -0.4767
vn -0.3538 -0.7504 -0.5584
vn -0.4036 -0.6576 -0.6361
vn -0.4487 -0.5475 -0.7063
vn -0.4866 -0.4216 -0.7652
vn -0.5149 -0.2837 -0.8089
vn -0.5306 -0.1569 -0.8330
vn -0.5345 -0.1031 -0.8388
vn -0.5345 -0.1032 -0.8388
vn -0.5348 -0.0984 -0.8392
vn -0.5351 -0.0914 -0.8398
vn -0.5356 -0.0830 -0.8404
vn -0.5360 -0.0734 -0.8410
vn -0.5364 -0.0627 -0.8416
vn -0.5368 -0.0510 -0.8422
vn -0.5371 -0.0382 -0.8426
vn -0.5374 -0.0244 -0.8430
vn -0.5375 -0.0093 -0.8432
vn -0.5376 0.0053 -0.8432
vn -0.5375 0.0173 -0.8431
vn -0.5374 0.0277 -0.8428
vn -0.5373 0.0382 -0.8425
vn -0.5370 0.0488 -0.8421
vn -0.5367 0.0598 -0.8416
vn -0.5364 0.0712 -0.8410
vn -0.5359 0.0833 -0.8402
vn -0.5353 0.0962 -0.8392
vn -0.5345 0.1102 -0.8379
vn -0.5336 0.1254 -0.8364
vn -0.5324 0.1422 -0.8345
vn -0.5280 0.1913 -0.8274
vn -0.5130 0.3026 -0.8033
vn -0.4838 0.4394 -0.7569
vn -0.4451 0.5639 -0.6956
vn -0.3993 0.6724 -0.6233
vn -0.3489 0.7632 -0.5439
vn -0.2963 0.8365 -0.4610
vn -0.2432 0.8935 -0.3775
vn -0.1908 0.9362 -0.2951
vn -0.1399 0.9665 -0.2150
vn -0.0908 0.9863 -0.1379
vn -0.0437 0.9970 -0.0640
vn -0.0042 1.0000 -0.0021
vn 0.0222 0.9990 0.0393
vn 0.0417 0.9967 0.0700
vn 0.0602 0.9933 0.0990
vn 0.0777 0.9889 0.1264
vn 0.0943 0.9838 0.1523
vn 0.1099 0.9781 0.1768
vn 0.1247 0.9718 0.2000
vn 0.1387 0.9651 0.2220
vn 0.1520 0.9581 0.2428
vn 0.1647 0.9508 0.2626
vn 0.1767 0.9432 0.2813
vn 0.4863 0.4228 0.7647
vn 0.2303 -0.9052 0.3571
vn -0.1748 -0.9444 -0.2784
vn -0.1638 -0.9513 -0.2612
vn -0.1521 -0.9581 -0.2429
vn -0.1396 -0.9647 -0.2233
vn -0.1262 -0.9712 -0.2023
vn -0.1119 -0.9773 -0.1799
vn -0.0966 -0.9830 -0.1559
vn -0.0802 -0.9882 -0.1302
vn -0.0625 -0.9928 -0.1026
vn -0.0436 -0.9964 -0.0729
vn -0.0233 -0.9989 -0.0410
vn 0.0022 -1.0000 -0.0010
vn 0.0372 -0.9979 0.0538
vn 0.0786 -0.9898 0.1188
vn 0.1230 -0.9744 0.1885
vn 0.1703 -0.9497 0.2628
vn 0.2202 -0.9138 0.3412
vn 0.2721 -0.8643 0.4229
vn 0.3251 -0.7988 0.5062
vn 0.3773 -0.7150 0.5886
vn 0.4266 -0.6116 0.6663
vn 0.4700 -0.4888 0.7350
vn 0.5045 -0.3489 0.7898
vn 0.5271 -0.2001 0.8259
vn 0.5339 -0.1203 0.8369
vn 0.5345 -0.1116 0.8378
vn 0.5349 -0.1029 0.8386
vn 0.5354 -0.0941 0.8393
vn 0.5358 -0.0851 0.8400
vn 0.5362 -0.0758 0.8407
vn 0.5365 -0.0661 0.8413
vn 0.5369 -0.0559 0.8418
vn 0.5371 -0.0450 0.8423
vn 0.5374 -0.0333 0.8427
vn 0.5375 -0.0206 0.8430
vn 0.5376 -0.0064 0.8432
vn 0.5375 0.0084 0.8432
vn 0.5374 0.0223 0.8430
vn 0.5372 0.0351 0.8427
vn 0.5369 0.0466 0.8424
vn 0.5366 0.0571 0.8419
vn 0.5363 0.0666 0.8414
vn 0.5359 0.0751 0.8409
vn 0.5356 0.0825 0.8404
vn 0.5353 0.0886 0.8400
vn 0.5351 0.0931 0.8397
vn 0.5350 0.0950 0.8395
vn 0.5269 0.1949 0.8273
vn 0.4998 0.3647 0.7856
vn 0.4650 0.4984 0.7317
vn 0.4228 0.6145 0.6660
vn 0.3758 0.7123 0.5927
vn 0.3263 0.7925 0.5153
vn 0.2758 0.8564 0.4365
vn 0.2258 0.9059 0.3582
vn 0.1769 0.9430 0.2818
vn 0.1298 0.9695 0.2081
vn 0.0848 0.9869 0.1375
vn 0.0421 0.9966 0.0706
vn 0.0057 0.9999 0.0135
vn -0.0206 0.9994 -0.0278
vn -0.0412 0.9973 -0.0601
vn -0.0602 0.9941 -0.0899
vn -0.0777 0.9900 -0.1175
vn -0.0940 0.9852 -0.1430
vn -0.1092 0.9799 -0.1668
vn -0.1232 0.9742 -0.1889
vn -0.1364 0.9682 -0.2096
vn -0.1487 0.9620 -0.2289
vn -0.1603 0.9556 -0.2471
vn -0.1712 0.9492 -0.2642
vn 0.2335 0.8991 0.3703
vn -0.3812 -0.7023 -0.6012
vn -0.5369 -0.0472 -0.8423
vn -0.5284 -0.1804 -0.8296
vn -0.5054 -0.3371 -0.7943
vn -0.4686 -0.4867 -0.7372
vn -0.4201 -0.6209 -0.6618
vn -0.3637 -0.7338 -0.5738
vn -0.3037 -0.8230 -0.4800
vn -0.2436 -0.8897 -0.3861
vn -0.1862 -0.9368 -0.2963
vn -0.1330 -0.9680 -0.2130
vn -0.0846 -0.9869 -0.1371
vn -0.0410 -0.9968 -0.0688
vn -0.0039 -0.9999 -0.0106
vn 0.0262 -0.9990 0.0365
vn 0.0526 -0.9956 0.0779
vn 0.0776 -0.9901 0.1173
vn 0.1014 -0.9827 0.1546
vn 0.1241 -0.9739 0.1903
vn 0.1457 -0.9636 0.2242
vn 0.1664 -0.9521 0.2566
vn 0.1860 -0.9395 0.2875
vn 0.2048 -0.9260 0.3171
vn 0.2228 -0.9117 0.3453
vn 0.2399 -0.8966 0.3722
vn 0.4592 -0.5233 0.7179
vn 0.3812 0.7023 0.6012
vn 0.2963 0.8322 0.4686
vn -0.2084 0.9233 -0.3226
vn -0.2003 0.9294 -0.3100
vn -0.1921 0.9353 -0.2971
vn -0.1839 0.9410 -0.2841
vn -0.1755 0.9465 -0.2710
vn -0.1670 0.9517 -0.2576
vn -0.1584 0.9567 -0.2441
vn -0.1497 0.9615 -0.2304
vn -0.1408 0.9661 -0.2165
vn -0.1319 0.9704 -0.2025
vn -0.1228 0.9744 -0.1882
vn -0.1235 0.9741 -0.1893
vn -0.1160 0.9773 -0.1775
vn -0.1260 0.9730 -0.1933
vn -0.1756 0.9464 -0.2711
vn -0.2320 0.9038 -0.3598
vn -0.2931 0.8404 -0.4559
vn -0.3549 0.7536 -0.5533
vn -0.4119 0.6454 -0.6432
vn -0.4592 0.5232 -0.7179
vn -0.4941 0.3975 -0.7732
vn -0.5169 0.2786 -0.8095
vn -0.5299 0.1728 -0.8303
vn -0.5359 0.0829 -0.8402
vn -0.5375 0.0244 -0.8429
vn 0.5375 -0.0187 0.8430
vn 0.5369 -0.0552 0.8419
vn 0.5348 -0.1055 0.8384
vn 0.5312 -0.1581 0.8324
vn 0.5257 -0.2129 0.8236
vn 0.5182 -0.2699 0.8116
vn 0.5083 -0.3292 0.7958
vn 0.4958 -0.3903 0.7758
vn 0.4802 -0.4528 0.7512
vn 0.4615 -0.5161 0.7215
vn 0.4393 -0.5795 0.6865
vn 0.4136 -0.6417 0.6458
vn 0.5308 0.1545 0.8333
vn 0.2694 0.8634 0.4265
vn 0.2743 0.8580 0.4342
vn 0.2797 0.8520 0.4425
vn 0.2854 0.8454 0.4515
vn 0.2915 0.8382 0.4610
vn 0.2978 0.8304 0.4709
vn 0.3043 0.8222 0.4810
vn 0.3109 0.8135 0.4914
vn 0.3176 0.8046 0.5018
vn 0.3242 0.7954 0.5121
vn 0.3307 0.7860 0.5223
vn 0.3331 0.7825 0.5260
vn 0.3483 0.7593 0.5497
vn 0.3787 0.7071 0.5972
vn 0.4071 0.6503 0.6414
vn 0.4332 0.5891 0.6821
vn 0.4568 0.5239 0.7189
vn 0.4778 0.4551 0.7514
vn 0.4958 0.3830 0.7794
vn 0.5108 0.3082 0.8026
vn 0.5226 0.2312 0.8207
vn 0.5310 0.1525 0.8335
vn 0.5360 0.0730 0.8411
vn 0.5375 0.0131 0.8432
vt 0.589474 0.000000
vt 0.610526 0.000000
vt 0.600000 0.000000
vt 0.621053 0.000000
vt 0.294737 0.000000
vt 0.315789 0.000000
vt 0.305263 0.000000
vt 0.326316 0.000000
vt 0.578947 0.000000
vt 0.631579 0.000000
vt 0.642105 0.000000
vt 0.568421 0.000000
vt 0.652632 0.000000
vt 0.557895 0.000000
vt 0.663158 0.000000
vt 0.547368 0.000000
vt 0.673684 0.000000
vt 0.536842 0.000000
vt 0.684211 0.000000
vt 0.526316 0.000000
vt 0.694737 0.000000
vt 0.515789 0.000000
vt 0.705263 0.000000
vt 0.505263 0.000000
vt 0.715789 0.000000
vt 0.494737 0.000000
vt 0.726316 0.000000
vt 0.484211 0.000000
vt 0.473684 0.000000
vt 0.736842 0.000000
vt 0.463158 0.000000
vt 0.452632 0.000000
vt 0.442105 0.000000
vt 0.747368 0.000000
vt 0.431579 0.000000
vt 0.421053 0.000000
vt 0.410526 0.000000
vt 0.400000 0.000000
vt 0.389474 0.000000
vt 0.378947 0.000000
vt 0.757895 0.000000
vt 0.768421 0.000000
vt 0.778947 0.000000
vt 0.368421 0.000000
vt 0.789474 0.000000
vt 0.800000 0.000000
vt 0.810526 0.000000
vt 0.357895 0.000000
vt 0.821053 0.000000
vt 0.831579 0.000000
vt 0.842105 0.000000
vt 0.347368 0.000000
vt 0.852632 0.000000
vt 0.863158 0.000000
vt 0.873684 0.000000
vt 0.336842 0.000000
vt 0.884211 0.000000
vt 0.894737 0.000000
vt 0.273684 0.000000
vt 0.263158 0.000000
vt 0.252632 0.000000
vt 0.242105 0.000000
vt 0.231579 0.000000
vt 0.221053 0.000000
vt 0.210526 0.000000
vt 0.200000 0.000000
vt 0.189474 0.000000
vt 0.178947 0.000000
vt 0.905263 0.000000
vt 0.168421 0.000000
vt 0.915789 0.000000
vt 0.157895 0.000000
vt 0.926316 0.000000
vt 0.147368 0.000000
vt 0.936842 0.000000
vt 0.947368 0.000000
vt 0.136842 0.000000
vt 0.126316 0.000000
vt 0.115789 0.000000
vt 0.105263 0.000000
vt 0.957895 0.000000
vt 0.094737 0.000000
vt 0.084211 0.000000
vt 0.968421 0.000000
vt 0.073684 0.000000
vt 0.063158 0.000000
vt 0.978947 0.000000
vt 0.052632 0.000000
vt 0.042105 0.000000
vt 0.989474 0.000000
vt 0.031579 0.000000
vt 1.000000 0.000000
vt 0.021053 0.000000
vt 0.284211 0.000000
vt 0.000000 0.000000
vt 0.010526 0.000000
vt 0.406897 0.000000
vt 0.420690 0.000000
vt 0.413793 0.000000
vt 0.427586 0.000000
vt 0.434483 0.000000
vt 0.441379 0.000000
vt 0.448276 0.000000
vt 0.393103 0.000000
vt 0.455172 0.000000
vt 0.462069 0.000000
vt 0.386207 0.000000
vt 0.468966 0.000000
vt 0.475862 0.000000
vt 0.379310 0.000000
vt 0.482759 0.000000
vt 0.372414 0.000000
vt 0.489655 0.000000
vt 0.496552 0.000000
vt 0.365517 0.000000
vt 0.558621 0.000000
vt 0.551724 0.000000
vt 0.544828 0.000000
vt 0.537931 0.000000
vt 0.531034 0.000000
vt 0.524138 0.000000
vt 0.517241 0.000000
vt 0.510345 0.000000
vt 0.503448 0.000000
vt 0.358621 0.000000
vt 0.579310 0.000000
vt 0.572414 0.000000
vt 0.565517 0.000000
vt 0.351724 0.000000
vt 0.586207 0.000000
vt 0.593103 0.000000
vt 0.606897 0.000000
vt 0.613793 0.000000
vt 0.344828 0.000000
vt 0.620690 0.000000
vt 0.627586 0.000000
vt 0.634483 0.000000
vt 0.337931 0.000000
vt 0.641379 0.000000
vt 0.648276 0.000000
vt 0.331034 0.000000
vt 0.655172 0.000000
vt 0.662069 0.000000
vt 0.324138 0.000000
vt 0.668966 0.000000
vt 0.317241 0.000000
vt 0.675862 0.000000
vt 0.310345 0.000000
vt 0.682759 0.000000
vt 0.303448 0.000000
vt 0.689655 0.000000
vt 0.296552 0.000000
vt 0.696552 0.000000
vt 0.703448 0.000000
vt 0.289655 0.000000
vt 0.710345 0.000000
vt 0.282759 0.000000
vt 0.717241 0.000000
vt 0.275862 0.000000
vt 0.724138 0.000000
vt 0.268966 0.000000
vt 0.731034 0.000000
vt 0.262069 0.000000
vt 0.737931 0.000000
vt 0.255172 0.000000
vt 0.744828 0.000000
vt 0.248276 0.000000
vt 0.751724 0.000000
vt 0.241379 0.000000
vt 0.758621 0.000000
vt 0.765517 0.000000
vt 0.234483 0.000000
vt 0.772414 0.000000
vt 0.227586 0.000000
vt 0.779310 0.000000
vt 0.220690 0.000000
vt 0.786207 0.000000
vt 0.213793 0.000000
vt 0.793103 0.000000
vt 0.206897 0.000000
vt 0.806897 0.000000
vt 0.813793 0.000000
vt 0.193103 0.000000
vt 0.820690 0.000000
vt 0.186207 0.000000
vt 0.827586 0.000000
vt 0.179310 0.000000
vt 0.834483 0.000000
vt 0.841379 0.000000
vt 0.172414 0.000000
vt 0.165517 0.000000
vt 0.158621 0.000000
vt 0.848276 0.000000
vt 0.855172 0.000000
vt 0.862069 0.000000
vt 0.151724 0.000000
vt 0.868966 0.000000
vt 0.993103 0.000000
vt 0.986207 0.000000
vt 0.875862 0.000000
vt 0.144828 0.000000
vt 0.979310 0.000000
vt 0.882759 0.000000
vt 0.972414 0.000000
vt 0.889655 0.000000
vt 0.965517 0.000000
vt 0.958621 0.000000
vt 0.896552 0.000000
vt 0.951724 0.000000
vt 0.137931 0.000000
vt 0.903448 0.000000
vt 0.944828 0.000000
vt 0.937931 0.000000
vt 0.910345 0.000000
vt 0.931035 0.000000
vt 0.924138 0.000000
vt 0.917241 0.000000
vt 0.131034 0.000000
vt 0.124138 0.000000
vt 0.006897 0.000000
vt 0.117241 0.000000
vt 0.013793 0.000000
vt 0.110345 0.000000
vt 0.020690 0.000000
vt 0.027586 0.000000
vt 0.103448 0.000000
vt 0.034483 0.000000
vt 0.041379 0.000000
vt 0.096552 0.000000
vt 0.048276 0.000000
vt 0.055172 0.000000
vt 0.089655 0.000000
vt 0.062069 0.000000
vt 0.068966 0.000000
vt 0.082759 0.000000
vt 0.075862 0.000000
vt 0.302326 0.000000
vt 0.348837 0.000000
vt 0.325581 0.000000
vt 0.697674 0.000000
vt 0.372093 0.000000
vt 0.720930 0.000000
vt 0.674419 0.000000
vt 0.651163 0.000000
vt 0.744186 0.000000
vt 0.627907 0.000000
vt 0.767442 0.000000
vt 0.604651 0.000000
vt 0.790698 0.000000
vt 0.581395 0.000000
vt 0.813953 0.000000
vt 0.558140 0.000000
vt 0.837209 0.000000
vt 0.534884 0.000000
vt 0.860465 0.000000
vt 0.511628 0.000000
vt 0.883721 0.000000
vt 0.488372 0.000000
vt 0.906977 0.000000
vt 0.465116 0.000000
vt 0.930233 0.000000
vt 0.441860 0.000000
vt 0.953488 0.000000
vt 0.976744 0.000000
vt 0.418605 0.000000
vt 0.023256 0.000000
vt 0.395349 0.000000
vt 0.046512 0.000000
vt 0.069767 0.000000
vt 0.093023 0.000000
vt 0.116279 0.000000
vt 0.139535 0.000000
vt 0.162791 0.000000
vt 0.186047 0.000000
vt 0.209302 0.000000
vt 0.232558 0.000000
vt 0.255814 0.000000
vt 0.279070 0.000000
vt 0.078431 0.000000
vt 0.738562 0.000000
vt 0.084967 0.000000
vt 0.091503 0.000000
vt 0.098039 0.000000
vt 0.104575 0.000000
vt 0.111111 0.000000
vt 0.117647 0.000000
vt 0.124183 0.000000
vt 0.130719 0.000000
vt 0.137255 0.000000
vt 0.143791 0.000000
vt 0.150327 0.000000
vt 0.156863 0.000000
vt 0.163399 0.000000
vt 0.169935 0.000000
vt 0.176471 0.000000
vt 0.183007 0.000000
vt 0.189542 0.000000
vt 0.196078 0.000000
vt 0.202614 0.000000
vt 0.209150 0.000000
vt 0.215686 0.000000
vt 0.222222 0.000000
vt 0.732026 0.000000
vt 0.725490 0.000000
vt 0.718954 0.000000
vt 0.228758 0.000000
vt 0.745098 0.000000
vt 0.712418 0.000000
vt 0.705882 0.000000
vt 0.699346 0.000000
vt 0.692810 0.000000
vt 0.235294 0.000000
vt 0.686275 0.000000
vt 0.679739 0.000000
vt 0.673203 0.000000
vt 0.241830 0.000000
vt 0.666667 0.000000
vt 0.660131 0.000000
vt 0.248366 0.000000
vt 0.653595 0.000000
vt 0.647059 0.000000
vt 0.254902 0.000000
vt 0.640523 0.000000
vt 0.261438 0.000000
vt 0.633987 0.000000
vt 0.267974 0.000000
vt 0.627451 0.000000
vt 0.620915 0.000000
vt 0.274510 0.000000
vt 0.614379 0.000000
vt 0.607843 0.000000
vt 0.281046 0.000000
vt 0.601307 0.000000
vt 0.594771 0.000000
vt 0.588235 0.000000
vt 0.287582 0.000000
vt 0.581699 0.000000
vt 0.575163 0.000000
vt 0.568627 0.000000
vt 0.562092 0.000000
vt 0.555556 0.000000
vt 0.294118 0.000000
vt 0.549020 0.000000
vt 0.542484 0.000000
vt 0.535948 0.000000
vt 0.529412 0.000000
vt 0.522876 0.000000
vt 0.516340 0.000000
vt 0.300654 0.000000
vt 0.509804 0.000000
vt 0.418301 0.000000
vt 0.424837 0.000000
vt 0.431373 0.000000
vt 0.437909 0.000000
vt 0.503268 0.000000
vt 0.830065 0.000000
vt 0.444444 0.000000
vt 0.450980 0.000000
vt 0.457516 0.000000
vt 0.464052 0.000000
vt 0.470588 0.000000
vt 0.496732 0.000000
vt 0.477124 0.000000
vt 0.483660 0.000000
vt 0.490196 0.000000
vt 0.307190 0.000000
vt 0.313726 0.000000
vt 0.320261 0.000000
vt 0.326797 0.000000
vt 0.333333 0.000000
vt 0.339869 0.000000
vt 0.346405 0.000000
vt 0.352941 0.000000
vt 0.359477 0.000000
vt 0.366013 0.000000
vt 0.823529 0.000000
vt 0.816993 0.000000
vt 0.810458 0.000000
vt 0.803922 0.000000
vt 0.372549 0.000000
vt 0.836601 0.000000
vt 0.797386 0.000000
vt 0.790850 0.000000
vt 0.784314 0.000000
vt 0.379085 0.000000
vt 0.777778 0.000000
vt 0.771242 0.000000
vt 0.385621 0.000000
vt 0.764706 0.000000
vt 0.758170 0.000000
vt 0.392157 0.000000
vt 0.751634 0.000000
vt 0.398693 0.000000
vt 0.405229 0.000000
vt 0.993464 0.000000
vt 0.411765 0.000000
vt 0.986928 0.000000
vt 0.980392 0.000000
vt 0.973856 0.000000
vt 0.006536 0.000000
vt 0.967320 0.000000
vt 0.960784 0.000000
vt 0.954248 0.000000
vt 0.947712 0.000000
vt 0.013072 0.000000
vt 0.941176 0.000000
vt 0.934641 0.000000
vt 0.928105 0.000000
vt 0.921569 0.000000
vt 0.915033 0.000000
vt 0.908497 0.000000
vt 0.901961 0.000000
vt 0.895425 0.000000
vt 0.888889 0.000000
vt 0.882353 0.000000
vt 0.875817 0.000000
vt 0.869281 0.000000
vt 0.862745 0.000000
vt 0.856209 0.000000
vt 0.849673 0.000000
vt 0.843137 0.000000
vt 0.019608 0.000000
vt 0.026144 0.000000
vt 0.032680 0.000000
vt 0.039216 0.000000
vt 0.045752 0.000000
vt 0.052288 0.000000
vt 0.058824 0.000000
vt 0.065359 0.000000
vt 0.071895 0.000000
vt 0.000000 1.000000
vt 0.015625 1.000000
vt 0.015625 0.000000
vt 0.031250 1.000000
vt 0.031250 0.000000
vt 0.046875 1.000000
vt 0.046875 0.000000
vt 0.062500 1.000000
vt 0.062500 0.000000
vt 0.078125 1.000000
vt 0.078125 0.000000
vt 0.093750 1.000000
vt 0.093750 0.000000
vt 0.109375 1.000000
vt 0.109375 0.000000
vt 0.125000 1.000000
vt 0.125000 0.000000
vt 0.140625 1.000000
vt 0.140625 0.000000
vt 0.156250 1.000000
vt 0.156250 0.000000
vt 0.171875 1.000000
vt 0.171875 0.000000
vt 0.187500 1.000000
vt 0.187500 0.000000
vt 0.203125 1.000000
vt 0.203125 0.000000
vt 0.218750 1.000000
vt 0.218750 0.000000
vt 0.234375 1.000000
vt 0.234375 0.000000
vt 0.250000 1.000000
vt 0.250000 0.000000
vt 0.265625 1.000000
vt 0.265625 0.000000
vt 0.281250 1.000000
vt 0.281250 0.000000
vt 0.296875 1.000000
vt 0.296875 0.000000
vt 0.312500 1.000000
vt 0.312500 0.000000
vt 0.328125 1.000000
vt 0.328125 0.000000
vt 0.343750 1.000000
vt 0.343750 0.000000
vt 0.359375 1.000000
vt 0.359375 0.000000
vt 0.375000 1.000000
vt 0.375000 0.000000
vt 0.390625 1.000000
vt 0.390625 0.000000
vt 0.406250 1.000000
vt 0.406250 0.000000
vt 0.421875 1.000000
vt 0.421875 0.000000
vt 0.437500 1.000000
vt 0.437500 0.000000
vt 0.453125 1.000000
vt 0.453125 0.000000
vt 0.468750 1.000000
vt 0.468750 0.000000
vt 0.484375 1.000000
vt 0.484375 0.000000
vt 0.500000 1.000000
vt 0.500000 0.000000
vt 0.515625 1.000000
vt 0.515625 0.000000
vt 0.531250 1.000000
vt 0.531250 0.000000
vt 0.546875 1.000000
vt 0.546875 0.000000
vt 0.562500 1.000000
vt 0.562500 0.000000
vt 0.578125 1.000000
vt 0.578125 0.000000
vt 0.593750 1.000000
vt 0.593750 0.000000
vt 0.609375 1.000000
vt 0.609375 0.000000
vt 0.625000 1.000000
vt 0.625000 0.000000
vt 0.640625 1.000000
vt 0.640625 0.000000
vt 0.656250 1.000000
vt 0.656250 0.000000
vt 0.671875 1.000000
vt 0.671875 0.000000
vt 0.687500 1.000000
vt 0.687500 0.000000
vt 0.703125 1.000000
vt 0.703125 0.000000
vt 0.718750 1.000000
vt 0.718750 0.000000
vt 0.734375 1.000000
vt 0.734375 0.000000
vt 0.750000 1.000000
vt 0.750000 0.000000
vt 0.765625 1.000000
vt 0.765625 0.000000
vt 0.781250 1.000000
vt 0.781250 0.000000
vt 0.796875 1.000000
vt 0.796875 0.000000
vt 0.812500 1.000000
vt 0.812500 0.000000
vt 0.828125 1.000000
vt 0.828125 0.000000
vt 0.843750 1.000000
vt 0.843750 0.000000
vt 0.859375 1.000000
vt 0.859375 0.000000
vt 0.875000 1.000000
vt 0.875000 0.000000
vt 0.890625 1.000000
vt 0.890625 0.000000
vt 0.906250 1.000000
vt 0.906250 0.000000
vt 0.921875 1.000000
vt 0.921875 0.000000
vt 0.937500 1.000000
vt 0.937500 0.000000
vt 0.953125 1.000000
vt 0.953125 0.000000
vt 0.968750 1.000000
vt 0.968750 0.000000
vt 0.984375 1.000000
vt 0.984375 0.000000
vt 1.000000 1.000000
vt 0.019608 1.000000
vt 0.039216 1.000000
vt 0.058824 1.000000
vt 0.078431 1.000000
vt 0.098039 1.000000
vt 0.117647 1.000000
vt 0.137255 1.000000
vt 0.156863 1.000000
vt 0.176471 1.000000
vt 0.196078 1.000000
vt 0.215686 1.000000
vt 0.235294 1.000000
vt 0.254902 1.000000
vt 0.274510 1.000000
vt 0.294118 1.000000
vt 0.313726 1.000000
vt 0.333333 1.000000
vt 0.352941 1.000000
vt 0.372549 1.000000
vt 0.392157 1.000000
vt 0.411765 1.000000
vt 0.431373 1.000000
vt 0.450980 1.000000
vt 0.470588 1.000000
vt 0.490196 1.000000
vt 0.509804 1.000000
vt 0.529412 1.000000
vt 0.549020 1.000000
vt 0.568627 1.000000
vt 0.588235 1.000000
vt 0.607843 1.000000
vt 0.627451 1.000000
vt 0.647059 1.000000
vt 0.666667 1.000000
vt 0.686275 1.000000
vt 0.705882 1.000000
vt 0.725490 1.000000
vt 0.745098 1.000000
vt 0.764706 1.000000
vt 0.784314 1.000000
vt 0.803922 1.000000
vt 0.823529 1.000000
vt 0.843137 1.000000
vt 0.862745 1.000000
vt 0.882353 1.000000
vt 0.901961 1.000000
vt 0.921569 1.000000
vt 0.941176 1.000000
vt 0.960784 1.000000
vt 0.980392 1.000000
vt 0.025641 1.000000
vt 0.025641 0.000000
vt 0.051282 1.000000
vt 0.051282 0.000000
vt 0.076923 1.000000
vt 0.076923 0.000000
vt 0.102564 1.000000
vt 0.102564 0.000000
vt 0.128205 1.000000
vt 0.128205 0.000000
vt 0.153846 1.000000
vt 0.153846 0.000000
vt 0.179487 1.000000
vt 0.179487 0.000000
vt 0.205128 1.000000
vt 0.205128 0.000000
vt 0.230769 1.000000
vt 0.230769 0.000000
vt 0.256410 1.000000
vt 0.256410 0.000000
vt 0.282051 1.000000
vt 0.282051 0.000000
vt 0.307692 1.000000
vt 0.307692 0.000000
vt 0.358974 1.000000
vt 0.358974 0.000000
vt 0.384615 1.000000
vt 0.384615 0.000000
vt 0.410256 1.000000
vt 0.410256 0.000000
vt 0.435897 1.000000
vt 0.435897 0.000000
vt 0.461538 1.000000
vt 0.461538 0.000000
vt 0.487179 1.000000
vt 0.487179 0.000000
vt 0.512821 1.000000
vt 0.512821 0.000000
vt 0.538462 1.000000
vt 0.538462 0.000000
vt 0.564103 1.000000
vt 0.564103 0.000000
vt 0.589744 1.000000
vt 0.589744 0.000000
vt 0.615385 1.000000
vt 0.615385 0.000000
vt 0.641026 1.000000
vt 0.641026 0.000000
vt 0.692308 1.000000
vt 0.692308 0.000000
vt 0.717949 1.000000
vt 0.717949 0.000000
vt 0.743590 1.000000
vt 0.743590 0.000000
vt 0.769231 1.000000
vt 0.769231 0.000000
vt 0.794872 1.000000
vt 0.794872 0.000000
vt 0.820513 1.000000
vt 0.820513 0.000000
vt 0.846154 1.000000
vt 0.846154 0.000000
vt 0.871795 1.000000
vt 0.871795 0.000000
vt 0.897436 1.000000
vt 0.897436 0.000000
vt 0.923077 1.000000
vt 0.923077 0.000000
vt 0.948718 1.000000
vt 0.948718 0.000000
vt 0.974359 1.000000
vt 0.974359 0.000000
vt 0.052632 1.000000
vt 0.105263 1.000000
vt 0.157895 1.000000
vt 0.210526 1.000000
vt 0.263158 1.000000
vt 0.315789 1.000000
vt 0.368421 1.000000
vt 0.421053 1.000000
vt 0.473684 1.000000
vt 0.526316 1.000000
vt 0.578947 1.000000
vt 0.631579 1.000000
vt 0.684211 1.000000
vt 0.736842 1.000000
vt 0.789474 1.000000
vt 0.842105 1.000000
vt 0.894737 1.000000
vt 0.947368 1.000000
vt 0.040000 1.000000
vt 0.040000 0.000000
vt 0.080000 1.000000
vt 0.080000 0.000000
vt 0.120000 1.000000
vt 0.120000 0.000000
vt 0.160000 1.000000
vt 0.160000 0.000000
vt 0.200000 1.000000
vt 0.240000 1.000000
vt 0.240000 0.000000
vt 0.280000 1.000000
vt 0.280000 0.000000
vt 0.320000 1.000000
vt 0.320000 0.000000
vt 0.360000 1.000000
vt 0.360000 0.000000
vt 0.400000 1.000000
vt 0.440000 1.000000
vt 0.440000 0.000000
vt 0.480000 1.000000
vt 0.480000 0.000000
vt 0.520000 1.000000
vt 0.520000 0.000000
vt 0.560000 1.000000
vt 0.560000 0.000000
vt 0.600000 1.000000
vt 0.640000 1.000000
vt 0.640000 0.000000
vt 0.680000 1.000000
vt 0.680000 0.000000
vt 0.720000 1.000000
vt 0.720000 0.000000
vt 0.760000 1.000000
vt 0.760000 0.000000
vt 0.800000 1.000000
vt 0.840000 1.000000
vt 0.840000 0.000000
vt 0.880000 1.000000
vt 0.880000 0.000000
vt 0.920000 1.000000
vt 0.920000 0.000000
vt 0.960000 1.000000
vt 0.960000 0.000000
vt 0.006849 1.000000
vt 0.006849 0.000000
vt 0.013699 1.000000
vt 0.013699 0.000000
vt 0.020548 1.000000
vt 0.020548 0.000000
vt 0.027397 1.000000
vt 0.027397 0.000000
vt 0.034247 1.000000
vt 0.034247 0.000000
vt 0.041096 1.000000
vt 0.041096 0.000000
vt 0.047945 1.000000
vt 0.047945 0.000000
vt 0.054795 1.000000
vt 0.054795 0.000000
vt 0.061644 1.000000
vt 0.061644 0.000000
vt 0.068493 1.000000
vt 0.068493 0.000000
vt 0.075342 1.000000
vt 0.075342 0.000000
vt 0.082192 1.000000
vt 0.082192 0.000000
vt 0.089041 1.000000
vt 0.089041 0.000000
vt 0.095890 1.000000
vt 0.095890 0.000000
vt 0.102740 1.000000
vt 0.102740 0.000000
vt 0.109589 1.000000
vt 0.109589 0.000000
vt 0.116438 1.000000
vt 0.116438 0.000000
vt 0.123288 1.000000
vt 0.123288 0.000000
vt 0.130137 1.000000
vt 0.130137 0.000000
vt 0.136986 1.000000
vt 0.136986 0.000000
vt 0.143836 1.000000
vt 0.143836 0.000000
vt 0.150685 1.000000
vt 0.150685 0.000000
vt 0.157534 1.000000
vt 0.157534 0.000000
vt 0.164384 1.000000
vt 0.164384 0.000000
vt 0.171233 1.000000
vt 0.171233 0.000000
vt 0.178082 1.000000
vt 0.178082 0.000000
vt 0.184932 1.000000
vt 0.184932 0.000000
vt 0.191781 1.000000
vt 0.191781 0.000000
vt 0.198630 1.000000
vt 0.198630 0.000000
vt 0.205479 1.000000
vt 0.205479 0.000000
vt 0.212329 1.000000
vt 0.212329 0.000000
vt 0.219178 1.000000
vt 0.219178 0.000000
vt 0.226027 1.000000
vt 0.226027 0.000000
vt 0.232877 1.000000
vt 0.232877 0.000000
vt 0.239726 1.000000
vt 0.239726 0.000000
vt 0.246575 1.000000
vt 0.246575 0.000000
vt 0.253425 1.000000
vt 0.253425 0.000000
vt 0.260274 1.000000
vt 0.260274 0.000000
vt 0.267123 1.000000
vt 0.267123 0.000000
vt 0.273973 1.000000
vt 0.273973 0.000000
vt 0.280822 1.000000
vt 0.280822 0.000000
vt 0.287671 1.000000
vt 0.287671 0.000000
vt 0.294521 1.000000
vt 0.294521 0.000000
vt 0.301370 1.000000
vt 0.301370 0.000000
vt 0.308219 1.000000
vt 0.308219 0.000000
vt 0.315068 1.000000
vt 0.315068 0.000000
vt 0.321918 1.000000
vt 0.321918 0.000000
vt 0.328767 1.000000
vt 0.328767 0.000000
vt 0.335616 1.000000
vt 0.335616 0.000000
vt 0.342466 1.000000
vt 0.342466 0.000000
vt 0.349315 1.000000
vt 0.349315 0.000000
vt 0.356164 1.000000
vt 0.356164 0.000000
vt 0.363014 1.000000
vt 0.363014 0.000000
vt 0.369863 1.000000
vt 0.369863 0.000000
vt 0.376712 1.000000
vt 0.376712 0.000000
vt 0.383562 1.000000
vt 0.383562 0.000000
vt 0.390411 1.000000
vt 0.390411 0.000000
vt 0.397260 1.000000
vt 0.397260 0.000000
vt 0.404110 1.000000
vt 0.404110 0.000000
vt 0.410959 1.000000
vt 0.410959 0.000000
vt 0.417808 1.000000
vt 0.417808 0.000000
vt 0.424658 1.000000
vt 0.424658 0.000000
vt 0.431507 1.000000
vt 0.431507 0.000000
vt 0.438356 1.000000
vt 0.438356 0.000000
vt 0.445205 1.000000
vt 0.445205 0.000000
vt 0.452055 1.000000
vt 0.452055 0.000000
vt 0.458904 1.000000
vt 0.458904 0.000000
vt 0.465753 1.000000
vt 0.465753 0.000000
vt 0.472603 1.000000
vt 0.472603 0.000000
vt 0.479452 1.000000
vt 0.479452 0.000000
vt 0.486301 1.000000
vt 0.486301 0.000000
vt 0.493151 1.000000
vt 0.493151 0.000000
vt 0.506849 1.000000
vt 0.506849 0.000000
vt 0.513699 1.000000
vt 0.513699 0.000000
vt 0.520548 1.000000
vt 0.520548 0.000000
vt 0.527397 1.000000
vt 0.527397 0.000000
vt 0.534247 1.000000
vt 0.534247 0.000000
vt 0.541096 1.000000
vt 0.541096 0.000000
vt 0.547945 1.000000
vt 0.547945 0.000000
vt 0.554795 1.000000
vt 0.554795 0.000000
vt 0.561644 1.000000
vt 0.561644 0.000000
vt 0.568493 1.000000
vt 0.568493 0.000000
vt 0.575342 1.000000
vt 0.575342 0.000000
vt 0.582192 1.000000
vt 0.582192 0.000000
vt 0.589041 1.000000
vt 0.589041 0.000000
vt 0.595890 1.000000
vt 0.595890 0.000000
vt 0.602740 1.000000
vt 0.602740 0.000000
vt 0.609589 1.000000
vt 0.609589 0.000000
vt 0.616438 1.000000
vt 0.616438 0.000000
vt 0.623288 1.000000
vt 0.623288 0.000000
vt 0.630137 1.000000
vt 0.630137 0.000000
vt 0.636986 1.000000
vt 0.636986 0.000000
vt 0.643836 1.000000
vt 0.643836 0.000000
vt 0.650685 1.000000
vt 0.650685 0.000000
vt 0.657534 1.000000
vt 0.657534 0.000000
vt 0.664384 1.000000
vt 0.664384 0.000000
vt 0.671233 1.000000
vt 0.671233 0.000000
vt 0.678082 1.000000
vt 0.678082 0.000000
vt 0.684932 1.000000
vt 0.684932 0.000000
vt 0.691781 1.000000
vt 0.691781 0.000000
vt 0.698630 1.000000
vt 0.698630 0.000000
vt 0.705479 1.000000
vt 0.705479 0.000000
vt 0.712329 1.000000
vt 0.712329 0.000000
vt 0.719178 1.000000
vt 0.719178 0.000000
vt 0.726027 1.000000
vt 0.726027 0.000000
vt 0.732877 1.000000
vt 0.732877 0.000000
vt 0.739726 1.000000
vt 0.739726 0.000000
vt 0.746575 1.000000
vt 0.746575 0.000000
vt 0.753425 1.000000
vt 0.753425 0.000000
vt 0.760274 1.000000
vt 0.760274 0.000000
vt 0.767123 1.000000
vt 0.767123 0.000000
vt 0.773973 1.000000
vt 0.773973 0.000000
vt 0.780822 1.000000
vt 0.780822 0.000000
vt 0.787671 1.000000
vt 0.787671 0.000000
vt 0.794521 1.000000
vt 0.794521 0.000000
vt 0.801370 1.000000
vt 0.801370 0.000000
vt 0.808219 1.000000
vt 0.808219 0.000000
vt 0.815068 1.000000
vt 0.815068 0.000000
vt 0.821918 1.000000
vt 0.821918 0.000000
vt 0.828767 1.000000
vt 0.828767 0.000000
vt 0.835616 1.000000
vt 0.835616 0.000000
vt 0.842466 1.000000
vt 0.842466 0.000000
vt 0.849315 1.000000
vt 0.849315 0.000000
vt 0.856164 1.000000
vt 0.856164 0.000000
vt 0.863014 1.000000
vt 0.863014 0.000000
vt 0.869863 1.000000
vt 0.869863 0.000000
vt 0.876712 1.000000
vt 0.876712 0.000000
vt 0.883562 1.000000
vt 0.883562 0.000000
vt 0.890411 1.000000
vt 0.890411 0.000000
vt 0.897260 1.000000
vt 0.897260 0.000000
vt 0.904110 1.000000
vt 0.904110 0.000000
vt 0.910959 1.000000
vt 0.910959 0.000000
vt 0.917808 1.000000
vt 0.917808 0.000000
vt 0.924658 1.000000
vt 0.924658 0.000000
vt 0.931507 1.000000
vt 0.931507 0.000000
vt 0.938356 1.000000
vt 0.938356 0.000000
vt 0.945205 1.000000
vt 0.945205 0.000000
vt 0.952055 1.000000
vt 0.952055 0.000000
vt 0.958904 1.000000
vt 0.958904 0.000000
vt 0.965753 1.000000
vt 0.965753 0.000000
vt 0.972603 1.000000
vt 0.972603 0.000000
vt 0.979452 1.000000
vt 0.979452 0.000000
vt 0.986301 1.000000
vt 0.986301 0.000000
vt 0.993151 1.000000
vt 0.993151 0.000000
vt 0.010417 1.000000
vt 0.010417 0.000000
vt 0.020833 1.000000
vt 0.020833 0.000000
vt 0.041667 1.000000
vt 0.041667 0.000000
vt 0.052083 1.000000
vt 0.052083 0.000000
vt 0.072917 1.000000
vt 0.072917 0.000000
vt 0.083333 1.000000
vt 0.083333 0.000000
vt 0.104167 1.000000
vt 0.104167 0.000000
vt 0.114583 1.000000
vt 0.114583 0.000000
vt 0.135417 1.000000
vt 0.135417 0.000000
vt 0.145833 1.000000
vt 0.145833 0.000000
vt 0.166667 1.000000
vt 0.166667 0.000000
vt 0.177083 1.000000
vt 0.177083 0.000000
vt 0.197917 1.000000
vt 0.197917 0.000000
vt 0.208333 1.000000
vt 0.208333 0.000000
vt 0.229167 1.000000
vt 0.229167 0.000000
vt 0.239583 1.000000
vt 0.239583 0.000000
vt 0.260417 1.000000
vt 0.260417 0.000000
vt 0.270833 1.000000
vt 0.270833 0.000000
vt 0.291667 1.000000
vt 0.291667 0.000000
vt 0.302083 1.000000
vt 0.302083 0.000000
vt 0.322917 1.000000
vt 0.322917 0.000000
vt 0.354167 1.000000
vt 0.354167 0.000000
vt 0.364583 1.000000
vt 0.364583 0.000000
vt 0.385417 1.000000
vt 0.385417 0.000000
vt 0.395833 1.000000
vt 0.395833 0.000000
vt 0.416667 1.000000
vt 0.416667 0.000000
vt 0.427083 1.000000
vt 0.427083 0.000000
vt 0.447917 1.000000
vt 0.447917 0.000000
vt 0.458333 1.000000
vt 0.458333 0.000000
vt 0.479167 1.000000
vt 0.479167 0.000000
vt 0.489583 1.000000
vt 0.489583 0.000000
vt 0.510417 1.000000
vt 0.510417 0.000000
vt 0.520833 1.000000
vt 0.520833 0.000000
vt 0.541667 1.000000
vt 0.541667 0.000000
vt 0.552083 1.000000
vt 0.552083 0.000000
vt 0.572917 1.000000
vt 0.572917 0.000000
vt 0.583333 1.000000
vt 0.583333 0.000000
vt 0.604167 1.000000
vt 0.604167 0.000000
vt 0.614583 1.000000
vt 0.614583 0.000000
vt 0.635417 1.000000
vt 0.635417 0.000000
vt 0.645833 1.000000
vt 0.645833 0.000000
vt 0.677083 1.000000
vt 0.677083 0.000000
vt 0.697917 1.000000
vt 0.697917 0.000000
vt 0.708333 1.000000
vt 0.708333 0.000000
vt 0.729167 1.000000
vt 0.729167 0.000000
vt 0.739583 1.000000
vt 0.739583 0.000000
vt 0.760417 1.000000
vt 0.760417 0.000000
vt 0.770833 1.000000
vt 0.770833 0.000000
vt 0.791667 1.000000
vt 0.791667 0.000000
vt 0.802083 1.000000
vt 0.802083 0.000000
vt 0.822917 1.000000
vt 0.822917 0.000000
vt 0.833333 1.000000
vt 0.833333 0.000000
vt 0.854167 1.000000
vt 0.854167 0.000000
vt 0.864583 1.000000
vt 0.864583 0.000000
vt 0.885417 1.000000
vt 0.885417 0.000000
vt 0.895833 1.000000
vt 0.895833 0.000000
vt 0.916667 1.000000
vt 0.916667 0.000000
vt 0.927083 1.000000
vt 0.927083 0.000000
vt 0.947917 1.000000
vt 0.947917 0.000000
vt 0.958333 1.000000
vt 0.958333 0.000000
vt 0.979167 1.000000
vt 0.979167 0.000000
vt 0.989583 1.000000
vt 0.989583 0.000000
s 0
usemtl Material.003
f 57/1/1 59/2/1 58/3/1
f 57/1/1 60/4/1 59/2/1
f 29/5/1 31/6/1 30/7/1
f 29/5/1 32/8/1 31/6/1
f 56/9/1 60/4/1 57/1/1
f 56/9/1 61/10/1 60/4/1
f 56/9/1 62/11/1 61/10/1
f 55/12/1 62/11/1 56/9/1
f 55/12/1 63/13/1 62/11/1
f 54/14/1 63/13/1 55/12/1
f 54/14/1 64/15/1 63/13/1
f 53/16/1 64/15/1 54/14/1
f 53/16/1 65/17/1 64/15/1
f 52/18/1 65/17/1 53/16/1
f 52/18/1 66/19/1 65/17/1
f 51/20/1 66/19/1 52/18/1
f 51/20/1 67/21/1 66/19/1
f 50/22/1 67/21/1 51/20/1
f 50/22/1 68/23/1 67/21/1
f 49/24/1 68/23/1 50/22/1
f 49/24/1 69/25/1 68/23/1
f 48/26/1 69/25/1 49/24/1
f 48/26/1 70/27/1 69/25/1
f 47/28/1 70/27/1 48/26/1
f 46/29/1 70/27/1 47/28/1
f 46/29/1 71/30/1 70/27/1
f 45/31/1 71/30/1 46/29/1
f 44/32/1 71/30/1 45/31/1
f 43/33/1 71/30/1 44/32/1
f 43/33/1 72/34/1 71/30/1
f 42/35/1 72/34/1 43/33/1
f 41/36/1 72/34/1 42/35/1
f 40/37/1 72/34/1 41/36/1
f 39/38/1 72/34/1 40/37/1
f 38/39/1 72/34/1 39/38/1
f 37/40/1 72/34/1 38/39/1
f 37/40/1 73/41/1 72/34/1
f 37/40/1 74/42/1 73/41/1
f 37/40/1 75/43/1 74/42/1
f 36/44/1 75/43/1 37/40/1
f 36/44/1 76/45/1 75/43/1
f 36/44/1 77/46/1 76/45/1
f 36/44/1 78/47/1 77/46/1
f 35/48/1 78/47/1 36/44/1
f 35/48/1 79/49/1 78/47/1
f 35/48/1 80/50/1 79/49/1
f 35/48/1 81/51/1 80/50/1
f 34/52/1 81/51/1 35/48/1
f 34/52/1 82/53/1 81/51/1
f 34/52/1 83/54/1 82/53/1
f 34/52/1 84/55/1 83/54/1
f 33/56/1 84/55/1 34/52/1
f 33/56/1 85/57/1 84/55/1
f 32/8/1 85/57/1 33/56/1
f 32/8/1 86/58/1 85/57/1
f 29/5/1 27/59/1 32/8/1
f 27/59/1 26/60/1 32/8/1
f 26/60/1 25/61/1 32/8/1
f 25/61/1 24/62/1 32/8/1
f 24/62/1 23/63/1 32/8/1
f 23/63/1 22/64/1 32/8/1
f 22/64/1 21/65/1 32/8/1
f 21/65/1 20/66/1 32/8/1
f 20/66/1 19/67/1 32/8/1
f 19/67/1 86/58/1 32/8/1
f 19/67/1 18/68/1 86/58/1
f 18/68/1 87/69/1 86/58/1
f 18/68/1 17/70/1 87/69/1
f 17/70/1 88/71/1 87/69/1
f 17/70/1 16/72/1 88/71/1
f 16/72/1 89/73/1 88/71/1
f 16/72/1 15/74/1 89/73/1
f 15/74/1 90/75/1 89/73/1
f 15/74/1 91/76/1 90/75/1
f 14/77/1 91/76/1 15/74/1
f 13/78/1 91/76/1 14/77/1
f 12/79/1 91/76/1 13/78/1
f 11/80/1 91/76/1 12/79/1
f 11/80/1 92/81/1 91/76/1
f 10/82/1 92/81/1 11/80/1
f 9/83/1 92/81/1 10/82/1
f 9/83/1 93/84/1 92/81/1
f 8/85/1 93/84/1 9/83/1
f 7/86/1 93/84/1 8/85/1
f 7/86/1 94/87/1 93/84/1
f 6/88/1 94/87/1 7/86/1
f 5/89/1 94/87/1 6/88/1
f 5/89/1 95/90/1 94/87/1
f 4/91/1 95/90/1 5/89/1
f 4/91/1 96/92/1 95/90/1
f 3/93/1 96/92/1 4/91/1
f 29/5/1 28/94/1 27/59/1
f 3/93/1 1/95/1 96/92/1
f 2/96/1 1/95/1 3/93/1
f 156/97/1 158/98/1 157/99/1
f 156/97/1 159/100/1 158/98/1
f 156/97/1 160/101/1 159/100/1
f 155/38/1 160/101/1 156/97/1
f 155/38/1 161/102/1 160/101/1
f 155/38/1 162/103/1 161/102/1
f 154/104/1 162/103/1 155/38/1
f 154/104/1 163/105/1 162/103/1
f 154/104/1 164/106/1 163/105/1
f 153/107/1 164/106/1 154/104/1
f 153/107/1 165/108/1 164/106/1
f 153/107/1 166/109/1 165/108/1
f 152/110/1 166/109/1 153/107/1
f 152/110/1 167/111/1 166/109/1
f 151/112/1 167/111/1 152/110/1
f 151/112/1 168/113/1 167/111/1
f 151/112/1 169/114/1 168/113/1
f 150/115/1 169/114/1 151/112/1
f 150/115/1 178/116/1 169/114/1
f 178/116/1 177/117/1 169/114/1
f 177/117/1 176/118/1 169/114/1
f 176/118/1 175/119/1 169/114/1
f 175/119/1 174/120/1 169/114/1
f 174/120/1 173/121/1 169/114/1
f 173/121/1 172/122/1 169/114/1
f 172/122/1 171/123/1 169/114/1
f 171/123/1 170/124/1 169/114/1
f 149/125/1 181/126/1 150/115/1
f 181/126/1 180/127/1 150/115/1
f 180/127/1 179/128/1 150/115/1
f 179/128/1 178/116/1 150/115/1
f 148/129/1 182/130/1 149/125/1
f 182/130/1 181/126/1 149/125/1
f 148/129/1 183/131/1 182/130/1
f 148/129/1 184/3/1 183/131/1
f 148/129/1 185/132/1 184/3/1
f 148/129/1 186/133/1 185/132/1
f 147/134/1 186/133/1 148/129/1
f 147/134/1 187/135/1 186/133/1
f 147/134/1 188/136/1 187/135/1
f 147/134/1 189/137/1 188/136/1
f 146/138/1 189/137/1 147/134/1
f 146/138/1 190/139/1 189/137/1
f 146/138/1 191/140/1 190/139/1
f 145/141/1 191/140/1 146/138/1
f 145/141/1 192/142/1 191/140/1
f 145/141/1 193/143/1 192/142/1
f 144/144/1 193/143/1 145/141/1
f 144/144/1 194/145/1 193/143/1
f 143/146/1 194/145/1 144/144/1
f 143/146/1 195/147/1 194/145/1
f 142/148/1 195/147/1 143/146/1
f 142/148/1 196/149/1 195/147/1
f 141/150/1 196/149/1 142/148/1
f 141/150/1 197/151/1 196/149/1
f 140/152/1 197/151/1 141/150/1
f 140/152/1 198/153/1 197/151/1
f 140/152/1 199/154/1 198/153/1
f 139/155/1 199/154/1 140/152/1
f 139/155/1 200/156/1 199/154/1
f 138/157/1 200/156/1 139/155/1
f 138/157/1 201/158/1 200/156/1
f 137/159/1 201/158/1 138/157/1
f 137/159/1 202/160/1 201/158/1
f 136/161/1 202/160/1 137/159/1
f 136/161/1 203/162/1 202/160/1
f 135/163/1 203/162/1 136/161/1
f 135/163/1 204/164/1 203/162/1
f 134/165/1 204/164/1 135/163/1
f 134/165/1 205/166/1 204/164/1
f 133/167/1 205/166/1 134/165/1
f 133/167/1 206/168/1 205/166/1
f 132/169/1 206/168/1 133/167/1
f 132/169/1 207/170/1 206/168/1
f 132/169/1 208/171/1 207/170/1
f 131/172/1 208/171/1 132/169/1
f 131/172/1 209/173/1 208/171/1
f 130/174/1 209/173/1 131/172/1
f 130/174/1 210/175/1 209/173/1
f 129/176/1 210/175/1 130/174/1
f 129/176/1 211/177/1 210/175/1
f 128/178/1 211/177/1 129/176/1
f 128/178/1 212/179/1 211/177/1
f 127/180/1 212/179/1 128/178/1
f 127/180/1 213/46/1 212/179/1
f 127/180/1 214/181/1 213/46/1
f 126/66/1 214/181/1 127/180/1
f 126/66/1 215/182/1 214/181/1
f 125/183/1 215/182/1 126/66/1
f 125/183/1 216/184/1 215/182/1
f 124/185/1 216/184/1 125/183/1
f 124/185/1 217/186/1 216/184/1
f 123/187/1 217/186/1 124/185/1
f 123/187/1 218/188/1 217/186/1
f 123/187/1 219/189/1 218/188/1
f 122/190/1 219/189/1 123/187/1
f 121/191/1 219/189/1 122/190/1
f 120/192/1 219/189/1 121/191/1
f 120/192/1 220/193/1 219/189/1
f 120/192/1 221/194/1 220/193/1
f 120/192/1 222/195/1 221/194/1
f 119/196/1 222/195/1 120/192/1
f 119/196/1 223/197/1 222/195/1
f 241/198/1 97/95/1 242/92/1
f 240/199/1 97/95/1 241/198/1
f 119/196/1 224/200/1 223/197/1
f 118/201/1 224/200/1 119/196/1
f 239/202/1 97/95/1 240/199/1
f 118/201/1 225/203/1 224/200/1
f 238/204/1 97/95/1 239/202/1
f 118/201/1 226/205/1 225/203/1
f 237/206/1 97/95/1 238/204/1
f 236/207/1 97/95/1 237/206/1
f 118/201/1 227/208/1 226/205/1
f 235/209/1 97/95/1 236/207/1
f 117/210/1 227/208/1 118/201/1
f 117/210/1 228/211/1 227/208/1
f 234/212/1 97/95/1 235/209/1
f 233/213/1 97/95/1 234/212/1
f 117/210/1 229/214/1 228/211/1
f 232/215/1 97/95/1 233/213/1
f 231/216/1 97/95/1 232/215/1
f 117/210/1 230/217/1 229/214/1
f 230/217/1 97/95/1 231/216/1
f 117/210/1 97/95/1 230/217/1
f 116/218/1 97/95/1 117/210/1
f 115/219/1 97/95/1 116/218/1
f 115/219/1 98/220/1 97/95/1
f 114/221/1 98/220/1 115/219/1
f 114/221/1 99/222/1 98/220/1
f 113/223/1 99/222/1 114/221/1
f 113/223/1 100/224/1 99/222/1
f 113/223/1 101/225/1 100/224/1
f 112/226/1 101/225/1 113/223/1
f 112/226/1 102/227/1 101/225/1
f 112/226/1 103/228/1 102/227/1
f 111/229/1 103/228/1 112/226/1
f 111/229/1 104/230/1 103/228/1
f 111/229/1 105/231/1 104/230/1
f 110/232/1 105/231/1 111/229/1
f 110/232/1 106/233/1 105/231/1
f 110/232/1 107/234/1 106/233/1
f 109/235/1 107/234/1 110/232/1
f 109/235/1 108/236/1 107/234/1
f 256/237/1 258/238/1 257/239/1
f 256/237/1 273/240/1 258/238/1
f 273/240/1 259/241/1 258/238/1
f 256/237/1 274/242/1 273/240/1
f 272/243/1 259/241/1 273/240/1
f 271/244/1 259/241/1 272/243/1
f 256/237/1 275/245/1 274/242/1
f 270/246/1 259/241/1 271/244/1
f 256/237/1 276/247/1 275/245/1
f 269/248/1 259/241/1 270/246/1
f 256/237/1 277/249/1 276/247/1
f 268/250/1 259/241/1 269/248/1
f 256/237/1 278/251/1 277/249/1
f 267/252/1 259/241/1 268/250/1
f 256/237/1 279/253/1 278/251/1
f 266/254/1 259/241/1 267/252/1
f 256/237/1 280/255/1 279/253/1
f 265/256/1 259/241/1 266/254/1
f 256/237/1 281/257/1 280/255/1
f 264/258/1 259/241/1 265/256/1
f 256/237/1 282/259/1 281/257/1
f 263/260/1 259/241/1 264/258/1
f 256/237/1 283/261/1 282/259/1
f 262/262/1 259/241/1 263/260/1
f 256/237/1 284/263/1 283/261/1
f 286/92/1 259/241/1 262/262/1
f 256/237/1 285/264/1 284/263/1
f 256/237/1 243/95/1 285/264/1
f 243/95/1 286/92/1 285/264/1
f 243/95/1 261/265/1 286/92/1
f 261/265/1 259/241/1 286/92/1
f 256/237/1 244/266/1 243/95/1
f 260/267/1 259/241/1 261/265/1
f 256/237/1 245/268/1 244/266/1
f 256/237/1 246/269/1 245/268/1
f 256/237/1 247/270/1 246/269/1
f 256/237/1 248/271/1 247/270/1
f 256/237/1 249/272/1 248/271/1
f 256/237/1 250/273/1 249/272/1
f 256/237/1 251/274/1 250/273/1
f 256/237/1 252/275/1 251/274/1
f 256/237/1 253/276/1 252/275/1
f 256/237/1 254/277/1 253/276/1
f 256/237/1 255/278/1 254/277/1
f 299/279/1 400/280/1 300/281/1
f 400/280/1 301/282/1 300/281/1
f 400/280/1 302/283/1 301/282/1
f 400/280/1 303/284/1 302/283/1
f 400/280/1 304/285/1 303/284/1
f 400/280/1 305/286/1 304/285/1
f 400/280/1 306/287/1 305/286/1
f 400/280/1 307/288/1 306/287/1
f 400/280/1 308/289/1 307/288/1
f 400/280/1 309/290/1 308/289/1
f 400/280/1 310/291/1 309/290/1
f 400/280/1 311/292/1 310/291/1
f 400/280/1 312/293/1 311/292/1
f 400/280/1 313/294/1 312/293/1
f 400/280/1 314/295/1 313/294/1
f 400/280/1 315/296/1 314/295/1
f 400/280/1 316/297/1 315/296/1
f 400/280/1 317/298/1 316/297/1
f 400/280/1 318/299/1 317/298/1
f 400/280/1 319/300/1 318/299/1
f 400/280/1 320/301/1 319/300/1
f 400/280/1 321/302/1 320/301/1
f 400/280/1 399/303/1 321/302/1
f 399/303/1 398/304/1 321/302/1
f 398/304/1 397/305/1 321/302/1
f 397/305/1 322/306/1 321/302/1
f 299/279/1 401/307/1 400/280/1
f 396/308/1 322/306/1 397/305/1
f 395/309/1 322/306/1 396/308/1
f 394/310/1 322/306/1 395/309/1
f 393/311/1 322/306/1 394/310/1
f 393/311/1 323/312/1 322/306/1
f 392/313/1 323/312/1 393/311/1
f 391/314/1 323/312/1 392/313/1
f 390/315/1 323/312/1 391/314/1
f 390/315/1 324/316/1 323/312/1
f 389/317/1 324/316/1 390/315/1
f 388/318/1 324/316/1 389/317/1
f 388/318/1 325/319/1 324/316/1
f 387/320/1 325/319/1 388/318/1
f 386/321/1 325/319/1 387/320/1
f 386/321/1 326/322/1 325/319/1
f 385/323/1 326/322/1 386/321/1
f 385/323/1 327/324/1 326/322/1
f 384/325/1 327/324/1 385/323/1
f 384/325/1 328/326/1 327/324/1
f 383/327/1 328/326/1 384/325/1
f 382/328/1 328/326/1 383/327/1
f 382/328/1 329/329/1 328/326/1
f 381/330/1 329/329/1 382/328/1
f 380/331/1 329/329/1 381/330/1
f 380/331/1 330/332/1 329/329/1
f 379/333/1 330/332/1 380/331/1
f 378/334/1 330/332/1 379/333/1
f 377/335/1 330/332/1 378/334/1
f 377/335/1 331/336/1 330/332/1
f 376/337/1 331/336/1 377/335/1
f 375/338/1 331/336/1 376/337/1
f 374/339/1 331/336/1 375/338/1
f 373/340/1 331/336/1 374/339/1
f 372/341/1 331/336/1 373/340/1
f 372/341/1 332/342/1 331/336/1
f 371/343/1 332/342/1 372/341/1
f 370/344/1 332/342/1 371/343/1
f 369/345/1 332/342/1 370/344/1
f 368/346/1 332/342/1 369/345/1
f 367/347/1 332/342/1 368/346/1
f 366/348/1 332/342/1 367/347/1
f 366/348/1 333/349/1 332/342/1
f 365/350/1 333/349/1 366/348/1
f 299/279/1 351/351/1 401/307/1
f 299/279/1 352/352/1 351/351/1
f 299/279/1 353/353/1 352/352/1
f 299/279/1 354/354/1 353/353/1
f 364/355/1 333/349/1 365/350/1
f 299/279/1 414/356/1 354/354/1
f 414/356/1 355/357/1 354/354/1
f 414/356/1 356/358/1 355/357/1
f 414/356/1 357/359/1 356/358/1
f 414/356/1 358/360/1 357/359/1
f 414/356/1 359/361/1 358/360/1
f 363/362/1 333/349/1 364/355/1
f 414/356/1 360/363/1 359/361/1
f 414/356/1 361/364/1 360/363/1
f 414/356/1 362/365/1 361/364/1
f 414/356/1 363/362/1 362/365/1
f 414/356/1 333/349/1 363/362/1
f 414/356/1 334/366/1 333/349/1
f 414/356/1 335/367/1 334/366/1
f 414/356/1 336/368/1 335/367/1
f 414/356/1 337/369/1 336/368/1
f 414/356/1 338/370/1 337/369/1
f 414/356/1 339/371/1 338/370/1
f 414/356/1 340/372/1 339/371/1
f 414/356/1 341/373/1 340/372/1
f 414/356/1 342/374/1 341/373/1
f 414/356/1 343/375/1 342/374/1
f 414/356/1 413/376/1 343/375/1
f 413/376/1 412/377/1 343/375/1
f 412/377/1 411/378/1 343/375/1
f 411/378/1 410/379/1 343/375/1
f 410/379/1 344/380/1 343/375/1
f 299/279/1 415/381/1 414/356/1
f 409/382/1 344/380/1 410/379/1
f 408/383/1 344/380/1 409/382/1
f 407/384/1 344/380/1 408/383/1
f 407/384/1 345/385/1 344/380/1
f 406/386/1 345/385/1 407/384/1
f 405/387/1 345/385/1 406/386/1
f 405/387/1 346/388/1 345/385/1
f 404/389/1 346/388/1 405/387/1
f 403/390/1 346/388/1 404/389/1
f 403/390/1 347/391/1 346/388/1
f 402/392/1 347/391/1 403/390/1
f 402/392/1 348/393/1 347/391/1
f 440/92/1 348/393/1 402/392/1
f 440/92/1 349/394/1 348/393/1
f 439/395/1 349/394/1 440/92/1
f 439/395/1 350/396/1 349/394/1
f 438/397/1 350/396/1 439/395/1
f 438/397/1 287/95/1 350/396/1
f 437/398/1 287/95/1 438/397/1
f 436/399/1 287/95/1 437/398/1
f 436/399/1 288/400/1 287/95/1
f 435/401/1 288/400/1 436/399/1
f 434/402/1 288/400/1 435/401/1
f 433/403/1 288/400/1 434/402/1
f 432/404/1 288/400/1 433/403/1
f 432/404/1 289/405/1 288/400/1
f 431/406/1 289/405/1 432/404/1
f 430/407/1 289/405/1 431/406/1
f 429/408/1 289/405/1 430/407/1
f 428/409/1 289/405/1 429/408/1
f 427/410/1 289/405/1 428/409/1
f 426/411/1 289/405/1 427/410/1
f 425/412/1 289/405/1 426/411/1
f 424/413/1 289/405/1 425/412/1
f 423/414/1 289/405/1 424/413/1
f 422/415/1 289/405/1 423/414/1
f 421/416/1 289/405/1 422/415/1
f 420/417/1 289/405/1 421/416/1
f 419/418/1 289/405/1 420/417/1
f 418/419/1 289/405/1 419/418/1
f 417/420/1 289/405/1 418/419/1
f 416/421/1 289/405/1 417/420/1
f 415/381/1 289/405/1 416/421/1
f 299/279/1 289/405/1 415/381/1
f 299/279/1 290/422/1 289/405/1
f 299/279/1 291/423/1 290/422/1
f 299/279/1 292/424/1 291/423/1
f 299/279/1 293/425/1 292/424/1
f 299/279/1 294/426/1 293/425/1
f 299/279/1 295/427/1 294/426/1
f 299/279/1 296/428/1 295/427/1
f 299/279/1 297/429/1 296/428/1
f 298/430/1 297/429/1 299/279/1
f 497/1/2 498/3/2 499/2/2
f 497/1/2 499/2/2 500/4/2
f 469/5/2 470/7/2 471/6/2
f 469/5/2 471/6/2 472/8/2
f 496/9/2 497/1/2 500/4/2
f 496/9/2 500/4/2 501/10/2
f 496/9/2 501/10/2 502/11/2
f 495/12/2 496/9/2 502/11/2
f 495/12/2 502/11/2 503/13/2
f 494/14/2 495/12/2 503/13/2
f 494/14/2 503/13/2 504/15/2
f 493/16/2 494/14/2 504/15/2
f 493/16/2 504/15/2 505/17/2
f 492/18/2 493/16/2 505/17/2
f 492/18/2 505/17/2 506/19/2
f 491/20/2 492/18/2 506/19/2
f 491/20/2 506/19/2 507/21/2
f 490/22/2 491/20/2 507/21/2
f 490/22/2 507/21/2 508/23/2
f 489/24/2 490/22/2 508/23/2
f 489/24/2 508/23/2 509/25/2
f 488/26/2 489/24/2 509/25/2
f 488/26/2 509/25/2 510/27/2
f 487/28/2 488/26/2 510/27/2
f 486/29/2 487/28/2 510/27/2
f 486/29/2 510/27/2 511/30/2
f 485/31/2 486/29/2 511/30/2
f 484/32/2 485/31/2 511/30/2
f 483/33/2 484/32/2 511/30/2
f 483/33/2 511/30/2 512/34/2
f 482/35/2 483/33/2 512/34/2
f 481/36/2 482/35/2 512/34/2
f 480/37/2 481/36/2 512/34/2
f 479/38/2 480/37/2 512/34/2
f 478/39/2 479/38/2 512/34/2
f 477/40/2 478/39/2 512/34/2
f 477/40/2 512/34/2 513/41/2
f 477/40/2 513/41/2 514/42/2
f 477/40/2 514/42/2 515/43/2
f 476/44/2 477/40/2 515/43/2
f 476/44/2 515/43/2 516/45/2
f 476/44/2 516/45/2 517/46/2
f 476/44/2 517/46/2 518/47/2
f 475/48/2 476/44/2 518/47/2
f 475/48/2 518/47/2 519/49/2
f 475/48/2 519/49/2 520/50/2
f 475/48/2 520/50/2 521/51/2
f 474/52/2 475/48/2 521/51/2
f 474/52/2 521/51/2 522/53/2
f 474/52/2 522/53/2 523/54/2
f 474/52/2 523/54/2 524/55/2
f 473/56/2 474/52/2 524/55/2
f 473/56/2 524/55/2 525/57/2
f 472/8/2 473/56/2 525/57/2
f 472/8/2 525/57/2 526/58/2
f 469/5/2 472/8/2 467/59/2
f 467/59/2 472/8/2 466/60/2
f 466/60/2 472/8/2 465/61/2
f 465/61/2 472/8/2 464/62/2
f 464/62/2 472/8/2 463/63/2
f 463/63/2 472/8/2 462/64/2
f 462/64/2 472/8/2 461/65/2
f 461/65/2 472/8/2 460/66/2
f 460/66/2 472/8/2 459/67/2
f 459/67/2 472/8/2 526/58/2
f 459/67/2 526/58/2 458/68/2
f 458/68/2 526/58/2 527/69/2
f 458/68/2 527/69/2 457/70/2
f 457/70/2 527/69/2 528/71/2
f 457/70/2 528/71/2 456/72/2
f 456/72/2 528/71/2 529/73/2
f 456/72/2 529/73/2 455/74/2
f 455/74/2 529/73/2 530/75/2
f 455/74/2 530/75/2 531/76/2
f 454/77/2 455/74/2 531/76/2
f 453/78/2 454/77/2 531/76/2
f 452/79/2 453/78/2 531/76/2
f 451/80/2 452/79/2 531/76/2
f 451/80/2 531/76/2 532/81/2
f 450/82/2 451/80/2 532/81/2
f 449/83/2 450/82/2 532/81/2
f 449/83/2 532/81/2 533/84/2
f 448/85/2 449/83/2 533/84/2
f 447/86/2 448/85/2 533/84/2
f 447/86/2 533/84/2 534/87/2
f 446/88/2 447/86/2 534/87/2
f 445/89/2 446/88/2 534/87/2
f 445/89/2 534/87/2 535/90/2
f 444/91/2 445/89/2 535/90/2
f 444/91/2 535/90/2 536/92/2
f 443/93/2 444/91/2 536/92/2
f 469/5/2 467/59/2 468/94/2
f 443/93/2 536/92/2 441/95/2
f 442/96/2 443/93/2 441/95/2
f 596/97/2 597/99/2 598/98/2
f 596/97/2 598/98/2 599/100/2
f 596/97/2 599/100/2 600/101/2
f 595/38/2 596/97/2 600/101/2
f 595/38/2 600/101/2 601/102/2
f 595/38/2 601/102/2 602/103/2
f 594/104/2 595/38/2 602/103/2
f 594/104/2 602/103/2 603/105/2
f 594/104/2 603/105/2 604/106/2
f 593/107/2 594/104/2 604/106/2
f 593/107/2 604/106/2 605/108/2
f 593/107/2 605/108/2 606/109/2
f 592/110/2 593/107/2 606/109/2
f 592/110/2 606/109/2 607/111/2
f 591/112/2 592/110/2 607/111/2
f 591/112/2 607/111/2 608/113/2
f 591/112/2 608/113/2 609/114/2
f 590/115/2 591/112/2 609/114/2
f 590/115/2 609/114/2 618/116/2
f 618/116/2 609/114/2 617/117/2
f 617/117/2 609/114/2 616/118/2
f 616/118/2 609/114/2 615/119/2
f 615/119/2 609/114/2 614/120/2
f 614/120/2 609/114/2 613/121/2
f 613/121/2 609/114/2 612/122/2
f 612/122/2 609/114/2 611/123/2
f 611/123/2 609/114/2 610/124/2
f 589/125/2 590/115/2 621/126/2
f 621/126/2 590/115/2 620/127/2
f 620/127/2 590/115/2 619/128/2
f 619/128/2 590/115/2 618/116/2
f 588/129/2 589/125/2 622/130/2
f 622/130/2 589/125/2 621/126/2
f 588/129/2 622/130/2 623/131/2
f 588/129/2 623/131/2 624/3/2
f 588/129/2 624/3/2 625/132/2
f 588/129/2 625/132/2 626/133/2
f 587/134/2 588/129/2 626/133/2
f 587/134/2 626/133/2 627/135/2
f 587/134/2 627/135/2 628/136/2
f 587/134/2 628/136/2 629/137/2
f 586/138/2 587/134/2 629/137/2
f 586/138/2 629/137/2 630/139/2
f 586/138/2 630/139/2 631/140/2
f 585/141/2 586/138/2 631/140/2
f 585/141/2 631/140/2 632/142/2
f 585/141/2 632/142/2 633/143/2
f 584/144/2 585/141/2 633/143/2
f 584/144/2 633/143/2 634/145/2
f 583/146/2 584/144/2 634/145/2
f 583/146/2 634/145/2 635/147/2
f 582/148/2 583/146/2 635/147/2
f 582/148/2 635/147/2 636/149/2
f 581/150/2 582/148/2 636/149/2
f 581/150/2 636/149/2 637/151/2
f 580/152/2 581/150/2 637/151/2
f 580/152/2 637/151/2 638/153/2
f 580/152/2 638/153/2 639/154/2
f 579/155/2 580/152/2 639/154/2
f 579/155/2 639/154/2 640/156/2
f 578/157/2 579/155/2 640/156/2
f 578/157/2 640/156/2 641/158/2
f 577/159/2 578/157/2 641/158/2
f 577/159/2 641/158/2 642/160/2
f 576/161/2 577/159/2 642/160/2
f 576/161/2 642/160/2 643/162/2
f 575/163/2 576/161/2 643/162/2
f 575/163/2 643/162/2 644/164/2
f 574/165/2 575/163/2 644/164/2
f 574/165/2 644/164/2 645/166/2
f 573/167/2 574/165/2 645/166/2
f 573/167/2 645/166/2 646/168/2
f 572/169/2 573/167/2 646/168/2
f 572/169/2 646/168/2 647/170/2
f 572/169/2 647/170/2 648/171/2
f 571/172/2 572/169/2 648/171/2
f 571/172/2 648/171/2 649/173/2
f 570/174/2 571/172/2 649/173/2
f 570/174/2 649/173/2 650/175/2
f 569/176/2 570/174/2 650/175/2
f 569/176/2 650/175/2 651/177/2
f 568/178/2 569/176/2 651/177/2
f 568/178/2 651/177/2 652/179/2
f 567/180/2 568/178/2 652/179/2
f 567/180/2 652/179/2 653/46/2
f 567/180/2 653/46/2 654/181/2
f 566/66/2 567/180/2 654/181/2
f 566/66/2 654/181/2 655/182/2
f 565/183/2 566/66/2 655/182/2
f 565/183/2 655/182/2 656/184/2
f 564/185/2 565/183/2 656/184/2
f 564/185/2 656/184/2 657/186/2
f 563/187/2 564/185/2 657/186/2
f 563/187/2 657/186/2 658/188/2
f 563/187/2 658/188/2 659/189/2
f 562/190/2 563/187/2 659/189/2
f 561/191/2 562/190/2 659/189/2
f 560/192/2 561/191/2 659/189/2
f 560/192/2 659/189/2 660/193/2
f 560/192/2 660/193/2 661/194/2
f 560/192/2 661/194/2 662/195/2
f 559/196/2 560/192/2 662/195/2
f 559/196/2 662/195/2 663/197/2
f 681/198/2 682/92/2 537/95/2
f 680/199/2 681/198/2 537/95/2
f 559/196/2 663/197/2 664/200/2
f 558/201/2 559/196/2 664/200/2
f 679/202/2 680/199/2 537/95/2
f 558/201/2 664/200/2 665/203/2
f 678/204/2 679/202/2 537/95/2
f 558/201/2 665/203/2 666/205/2
f 677/206/2 678/204/2 537/95/2
f 676/207/2 677/206/2 537/95/2
f 558/201/2 666/205/2 667/208/2
f 675/209/2 676/207/2 537/95/2
f 557/210/2 558/201/2 667/208/2
f 557/210/2 667/208/2 668/211/2
f 674/212/2 675/209/2 537/95/2
f 673/213/2 674/212/2 537/95/2
f 557/210/2 668/211/2 669/214/2
f 672/215/2 673/213/2 537/95/2
f 671/216/2 672/215/2 537/95/2
f 557/210/2 669/214/2 670/217/2
f 670/217/2 671/216/2 537/95/2
f 557/210/2 670/217/2 537/95/2
f 556/218/2 557/210/2 537/95/2
f 555/219/2 556/218/2 537/95/2
f 555/219/2 537/95/2 538/220/2
f 554/221/2 555/219/2 538/220/2
f 554/221/2 538/220/2 539/222/2
f 553/223/2 554/221/2 539/222/2
f 553/223/2 539/222/2 540/224/2
f 553/223/2 540/224/2 541/225/2
f 552/226/2 553/223/2 541/225/2
f 552/226/2 541/225/2 542/227/2
f 552/226/2 542/227/2 543/228/2
f 551/229/2 552/226/2 543/228/2
f 551/229/2 543/228/2 544/230/2
f 551/229/2 544/230/2 545/231/2
f 550/232/2 551/229/2 545/231/2
f 550/232/2 545/231/2 546/233/2
f 550/232/2 546/233/2 547/234/2
f 549/235/2 550/232/2 547/234/2
f 549/235/2 547/234/2 548/236/2
f 696/237/2 697/239/2 698/238/2
f 696/237/2 698/238/2 713/240/2
f 713/240/2 698/238/2 699/241/2
f 696/237/2 713/240/2 714/242/2
f 712/243/2 713/240/2 699/241/2
f 711/244/2 712/243/2 699/241/2
f 696/237/2 714/242/2 715/245/2
f 710/246/2 711/244/2 699/241/2
f 696/237/2 715/245/2 716/247/2
f 709/248/2 710/246/2 699/241/2
f 696/237/2 716/247/2 717/249/2
f 708/250/2 709/248/2 699/241/2
f 696/237/2 717/249/2 718/251/2
f 707/252/2 708/250/2 699/241/2
f 696/237/2 718/251/2 719/253/2
f 706/254/2 707/252/2 699/241/2
f 696/237/2 719/253/2 720/255/2
f 705/256/2 706/254/2 699/241/2
f 696/237/2 720/255/2 721/257/2
f 704/258/2 705/256/2 699/241/2
f 696/237/2 721/257/2 722/259/2
f 703/260/2 704/258/2 699/241/2
f 696/237/2 722/259/2 723/261/2
f 702/262/2 703/260/2 699/241/2
f 696/237/2 723/261/2 724/263/2
f 726/92/2 702/262/2 699/241/2
f 696/237/2 724/263/2 725/264/2
f 696/237/2 725/264/2 683/95/2
f 683/95/2 725/264/2 726/92/2
f 683/95/2 726/92/2 701/265/2
f 701/265/2 726/92/2 699/241/2
f 696/237/2 683/95/2 684/266/2
f 700/267/2 701/265/2 699/241/2
f 696/237/2 684/266/2 685/268/2
f 696/237/2 685/268/2 686/269/2
f 696/237/2 686/269/2 687/270/2
f 696/237/2 687/270/2 688/271/2
f 696/237/2 688/271/2 689/272/2
f 696/237/2 689/272/2 690/273/2
f 696/237/2 690/273/2 691/274/2
f 696/237/2 691/274/2 692/275/2
f 696/237/2 692/275/2 693/276/2
f 696/237/2 693/276/2 694/277/2
f 696/237/2 694/277/2 695/278/2
f 739/279/2 740/281/2 840/280/2
f 840/280/2 740/281/2 741/282/2
f 840/280/2 741/282/2 742/283/2
f 840/280/2 742/283/2 743/284/2
f 840/280/2 743/284/2 744/285/2
f 840/280/2 744/285/2 745/286/2
f 840/280/2 745/286/2 746/287/2
f 840/280/2 746/287/2 747/288/2
f 840/280/2 747/288/2 748/289/2
f 840/280/2 748/289/2 749/290/2
f 840/280/2 749/290/2 750/291/2
f 840/280/2 750/291/2 751/292/2
f 840/280/2 751/292/2 752/293/2
f 840/280/2 752/293/2 753/294/2
f 840/280/2 753/294/2 754/295/2
f 840/280/2 754/295/2 755/296/2
f 840/280/2 755/296/2 756/297/2
f 840/280/2 756/297/2 757/298/2
f 840/280/2 757/298/2 758/299/2
f 840/280/2 758/299/2 759/300/2
f 840/280/2 759/300/2 760/301/2
f 840/280/2 760/301/2 761/302/2
f 840/280/2 761/302/2 839/303/2
f 839/303/2 761/302/2 838/304/2
f 838/304/2 761/302/2 837/305/2
f 837/305/2 761/302/2 762/306/2
f 739/279/2 840/280/2 841/307/2
f 836/308/2 837/305/2 762/306/2
f 835/309/2 836/308/2 762/306/2
f 834/310/2 835/309/2 762/306/2
f 833/311/2 834/310/2 762/306/2
f 833/311/2 762/306/2 763/312/2
f 832/313/2 833/311/2 763/312/2
f 831/314/2 832/313/2 763/312/2
f 830/315/2 831/314/2 763/312/2
f 830/315/2 763/312/2 764/316/2
f 829/317/2 830/315/2 764/316/2
f 828/318/2 829/317/2 764/316/2
f 828/318/2 764/316/2 765/319/2
f 827/320/2 828/318/2 765/319/2
f 826/321/2 827/320/2 765/319/2
f 826/321/2 765/319/2 766/322/2
f 825/323/2 826/321/2 766/322/2
f 825/323/2 766/322/2 767/324/2
f 824/325/2 825/323/2 767/324/2
f 824/325/2 767/324/2 768/326/2
f 823/327/2 824/325/2 768/326/2
f 822/328/2 823/327/2 768/326/2
f 822/328/2 768/326/2 769/329/2
f 821/330/2 822/328/2 769/329/2
f 820/331/2 821/330/2 769/329/2
f 820/331/2 769/329/2 770/332/2
f 819/333/2 820/331/2 770/332/2
f 818/334/2 819/333/2 770/332/2
f 817/335/2 818/334/2 770/332/2
f 817/335/2 770/332/2 771/336/2
f 816/337/2 817/335/2 771/336/2
f 815/338/2 816/337/2 771/336/2
f 814/339/2 815/338/2 771/336/2
f 813/340/2 814/339/2 771/336/2
f 812/341/2 813/340/2 771/336/2
f 812/341/2 771/336/2 772/342/2
f 811/343/2 812/341/2 772/342/2
f 810/344/2 811/343/2 772/342/2
f 809/345/2 810/344/2 772/342/2
f 808/346/2 809/345/2 772/342/2
f 807/347/2 808/346/2 772/342/2
f 806/348/2 807/347/2 772/342/2
f 806/348/2 772/342/2 773/349/2
f 805/350/2 806/348/2 773/349/2
f 739/279/2 841/307/2 791/351/2
f 739/279/2 791/351/2 792/352/2
f 739/279/2 792/352/2 793/353/2
f 739/279/2 793/353/2 794/354/2
f 804/355/2 805/350/2 773/349/2
f 739/279/2 794/354/2 854/356/2
f 854/356/2 794/354/2 795/357/2
f 854/356/2 795/357/2 796/358/2
f 854/356/2 796/358/2 797/359/2
f 854/356/2 797/359/2 798/360/2
f 854/356/2 798/360/2 799/361/2
f 803/362/2 804/355/2 773/349/2
f 854/356/2 799/361/2 800/363/2
f 854/356/2 800/363/2 801/364/2
f 854/356/2 801/364/2 802/365/2
f 854/356/2 802/365/2 803/362/2
f 854/356/2 803/362/2 773/349/2
f 854/356/2 773/349/2 774/366/2
f 854/356/2 774/366/2 775/367/2
f 854/356/2 775/367/2 776/368/2
f 854/356/2 776/368/2 777/369/2
f 854/356/2 777/369/2 778/370/2
f 854/356/2 778/370/2 779/371/2
f 854/356/2 779/371/2 780/372/2
f 854/356/2 780/372/2 781/373/2
f 854/356/2 781/373/2 782/374/2
f 854/356/2 782/374/2 783/375/2
f 854/356/2 783/375/2 853/376/2
f 853/376/2 783/375/2 852/377/2
f 852/377/2 783/375/2 851/378/2
f 851/378/2 783/375/2 850/379/2
f 850/379/2 783/375/2 784/380/2
f 739/279/2 854/356/2 855/381/2
f 849/382/2 850/379/2 784/380/2
f 848/383/2 849/382/2 784/380/2
f 847/384/2 848/383/2 784/380/2
f 847/384/2 784/380/2 785/385/2
f 846/386/2 847/384/2 785/385/2
f 845/387/2 846/386/2 785/385/2
f 845/387/2 785/385/2 786/388/2
f 844/389/2 845/387/2 786/388/2
f 843/390/2 844/389/2 786/388/2
f 843/390/2 786/388/2 787/391/2
f 842/392/2 843/390/2 787/391/2
f 842/392/2 787/391/2 788/393/2
f 880/92/2 842/392/2 788/393/2
f 880/92/2 788/393/2 789/394/2
f 879/395/2 880/92/2 789/394/2
f 879/395/2 789/394/2 790/396/2
f 878/397/2 879/395/2 790/396/2
f 878/397/2 790/396/2 727/95/2
f 877/398/2 878/397/2 727/95/2
f 876/399/2 877/398/2 727/95/2
f 876/399/2 727/95/2 728/400/2
f 875/401/2 876/399/2 728/400/2
f 874/402/2 875/401/2 728/400/2
f 873/403/2 874/402/2 728/400/2
f 872/404/2 873/403/2 728/400/2
f 872/404/2 728/400/2 729/405/2
f 871/406/2 872/404/2 729/405/2
f 870/407/2 871/406/2 729/405/2
f 869/408/2 870/407/2 729/405/2
f 868/409/2 869/408/2 729/405/2
f 867/410/2 868/409/2 729/405/2
f 866/411/2 867/410/2 729/405/2
f 865/412/2 866/411/2 729/405/2
f 864/413/2 865/412/2 729/405/2
f 863/414/2 864/413/2 729/405/2
f 862/415/2 863/414/2 729/405/2
f 861/416/2 862/415/2 729/405/2
f 860/417/2 861/416/2 729/405/2
f 859/418/2 860/417/2 729/405/2
f 858/419/2 859/418/2 729/405/2
f 857/420/2 858/419/2 729/405/2
f 856/421/2 857/420/2 729/405/2
f 855/381/2 856/421/2 729/405/2
f 739/279/2 855/381/2 729/405/2
f 739/279/2 729/405/2 730/422/2
f 739/279/2 730/422/2 731/423/2
f 739/279/2 731/423/2 732/424/2
f 739/279/2 732/424/2 733/425/2
f 739/279/2 733/425/2 734/426/2
f 739/279/2 734/426/2 735/427/2
f 739/279/2 735/427/2 736/428/2
f 739/279/2 736/428/2 737/429/2
f 738/430/2 739/279/2 737/429/2
s 1
f 882/431/3 884/432/4 883/433/4 881/95/3
f 884/432/4 886/434/5 885/435/5 883/433/4
f 886/434/5 888/436/6 887/437/6 885/435/5
f 888/436/6 890/438/7 889/439/7 887/437/6
f 890/438/7 892/440/8 891/441/8 889/439/7
f 892/440/8 894/442/9 893/443/9 891/441/8
f 894/442/9 896/444/10 895/445/10 893/443/9
f 896/444/10 898/446/11 897/447/11 895/445/10
f 898/446/11 900/448/12 899/449/12 897/447/11
f 900/448/12 902/450/13 901/451/13 899/449/12
f 902/450/13 904/452/14 903/453/14 901/451/13
f 904/452/14 906/454/15 905/455/15 903/453/14
f 906/454/15 908/456/16 907/457/16 905/455/15
f 908/456/16 910/458/17 909/459/17 907/457/16
f 910/458/17 912/460/18 911/461/18 909/459/17
f 912/460/18 914/462/19 913/463/19 911/461/18
f 914/462/19 916/464/20 915/465/20 913/463/19
f 916/464/20 918/466/21 917/467/21 915/465/20
f 918/466/21 920/468/22 919/469/22 917/467/21
f 920/468/22 922/470/23 921/471/23 919/469/22
f 922/470/23 924/472/24 923/473/24 921/471/23
f 924/472/24 926/474/25 925/475/25 923/473/24
f 926/474/25 928/476/26 927/477/26 925/475/25
f 928/476/26 930/478/27 929/479/27 927/477/26
f 930/478/27 932/480/28 931/481/28 929/479/27
f 932/480/28 934/482/29 933/483/29 931/481/28
f 934/482/29 936/484/30 935/485/30 933/483/29
f 936/484/30 938/486/31 937/487/31 935/485/30
f 938/486/31 940/488/32 939/489/32 937/487/31
f 940/488/32 942/490/33 941/491/33 939/489/32
f 942/490/33 944/492/34 943/493/34 941/491/33
f 944/492/34 946/494/35 945/495/35 943/493/34
f 946/494/35 948/496/36 947/497/36 945/495/35
f 948/496/36 950/498/37 949/499/37 947/497/36
f 950/498/37 952/500/38 951/501/38 949/499/37
f 952/500/38 954/502/39 953/503/39 951/501/38
f 954/502/39 956/504/40 955/505/40 953/503/39
f 956/504/40 958/506/41 957/507/41 955/505/40
f 958/506/41 960/508/42 959/509/42 957/507/41
f 960/508/42 962/510/43 961/511/43 959/509/42
f 962/510/43 964/512/44 963/513/44 961/511/43
f 964/512/44 966/514/45 965/515/45 963/513/44
f 966/514/45 968/516/46 967/517/46 965/515/45
f 968/516/46 970/518/47 969/519/47 967/517/46
f 970/518/47 972/520/48 971/521/48 969/519/47
f 972/520/48 974/522/49 973/523/49 971/521/48
f 974/522/49 976/524/50 975/525/50 973/523/49
f 976/524/50 978/526/51 977/527/51 975/525/50
f 978/526/51 980/528/52 979/529/52 977/527/51
f 980/528/52 982/530/53 981/531/53 979/529/52
f 982/530/53 984/532/54 983/533/54 981/531/53
f 984/532/54 986/534/55 985/535/55 983/533/54
f 986/534/55 988/536/56 987/537/56 985/535/55
f 988/536/56 990/538/57 989/539/57 987/537/56
f 990/538/57 992/540/58 991/541/58 989/539/57
f 992/540/58 994/542/59 993/543/59 991/541/58
f 994/542/59 996/544/60 995/545/60 993/543/59
f 996/544/60 998/546/61 997/547/61 995/545/60
f 998/546/61 1000/548/62 999/549/62 997/547/61
f 1000/548/62 1002/550/63 1001/551/63 999/549/62
f 1002/550/63 1004/552/64 1003/553/64 1001/551/63
f 1004/552/64 1006/554/65 1005/555/65 1003/553/64
f 1006/554/65 1008/556/66 1007/557/66 1005/555/65
f 1008/556/66 882/558/3 881/92/3 1007/557/66
f 1010/431/67 1012/559/68 1011/422/68 1009/95/67
f 1012/559/68 1014/560/69 1013/425/69 1011/422/68
f 1014/560/69 1016/561/70 1015/428/70 1013/425/69
f 1016/561/70 1018/562/71 1017/279/71 1015/428/70
f 1018/562/71 1020/563/72 1019/283/72 1017/279/71
f 1020/563/72 1022/564/73 1021/286/73 1019/283/72
f 1022/564/73 1024/565/70 1023/289/70 1021/286/73
f 1024/565/70 1026/566/69 1025/292/69 1023/289/70
f 1026/566/69 1028/567/74 1027/295/74 1025/292/69
f 1028/567/74 1030/568/75 1029/298/75 1027/295/74
f 1030/568/75 1032/569/76 1031/301/76 1029/298/75
f 1032/569/76 1034/570/77 1033/312/77 1031/301/76
f 1034/570/77 1036/571/78 1035/322/78 1033/312/77
f 1036/571/78 1038/572/79 1037/329/79 1035/322/78
f 1038/572/79 1040/573/80 1039/342/80 1037/329/79
f 1040/573/80 1042/574/81 1041/367/81 1039/342/80
f 1042/574/81 1044/575/82 1043/370/82 1041/367/81
f 1044/575/82 1046/576/83 1045/373/83 1043/370/82
f 1046/576/83 1048/577/84 1047/380/84 1045/373/83
f 1048/577/84 1050/578/85 1049/391/85 1047/380/84
f 1050/578/85 1052/579/86 1051/396/86 1049/391/85
f 1052/579/86 1054/580/87 1053/353/87 1051/396/86
f 1054/580/87 1056/581/88 1055/358/88 1053/353/87
f 1056/581/88 1058/582/89 1057/361/89 1055/358/88
f 1058/582/89 1060/583/90 1059/365/90 1057/361/89
f 1060/583/90 1062/584/91 1061/350/91 1059/365/90
f 1062/584/91 1064/585/92 1063/346/92 1061/350/91
f 1064/585/92 1066/586/93 1065/343/93 1063/346/92
f 1066/586/93 1068/587/94 1067/339/94 1065/343/93
f 1068/587/94 1070/588/95 1069/335/95 1067/339/94
f 1070/588/95 1072/589/96 1071/331/96 1069/335/95
f 1072/589/96 1074/590/97 1073/327/97 1071/331/96
f 1074/590/97 1076/591/98 1075/321/98 1073/327/97
f 1076/591/98 1078/592/99 1077/317/99 1075/321/98
f 1078/592/99 1080/593/100 1079/313/100 1077/317/99
f 1080/593/100 1082/594/101 1081/309/101 1079/313/100
f 1082/594/101 1084/595/102 1083/304/102 1081/309/101
f 1084/595/102 1086/596/103 1085/307/103 1083/304/102
f 1086/596/103 1088/597/104 1087/389/104 1085/307/103
f 1088/597/104 1090/598/105 1089/384/105 1087/389/104
f 1090/598/105 1092/599/106 1091/379/106 1089/384/105
f 1092/599/106 1094/600/107 1093/376/107 1091/379/106
f 1094/600/107 1096/601/108 1095/421/108 1093/376/107
f 1096/601/108 1098/602/109 1097/418/109 1095/421/108
f 1098/602/109 1100/603/110 1099/415/110 1097/418/109
f 1100/603/110 1102/604/111 1101/412/111 1099/415/110
f 1102/604/111 1104/605/112 1103/409/112 1101/412/111
f 1104/605/112 1106/606/113 1105/406/113 1103/409/112
f 1106/606/113 1108/607/114 1107/402/114 1105/406/113
f 1108/607/114 1110/608/115 1109/398/115 1107/402/114
f 1110/608/115 1010/558/67 1009/92/67 1109/398/115
f 1112/431/116 1114/609/117 1113/610/117 1111/95/116
f 1114/609/117 1116/611/118 1115/612/118 1113/610/117
f 1116/611/118 1118/613/119 1117/614/119 1115/612/118
f 1118/613/119 1120/615/120 1119/616/120 1117/614/119
f 1120/615/120 1122/617/121 1121/618/121 1119/616/120
f 1122/617/121 1124/619/122 1123/620/122 1121/618/121
f 1124/619/122 1126/621/123 1125/622/123 1123/620/122
f 1126/621/123 1128/623/124 1127/624/124 1125/622/123
f 1128/623/124 1130/625/125 1129/626/125 1127/624/124
f 1130/625/125 1132/627/126 1131/628/126 1129/626/125
f 1132/627/126 1134/629/127 1133/630/127 1131/628/126
f 1134/629/127 1136/631/114 1135/632/114 1133/630/127
f 1136/631/114 1138/575/128 1137/370/128 1135/632/114
f 1138/575/128 1140/633/129 1139/634/129 1137/370/128
f 1140/633/129 1142/635/130 1141/636/130 1139/634/129
f 1142/635/130 1144/637/131 1143/638/131 1141/636/130
f 1144/637/131 1146/639/132 1145/640/132 1143/638/131
f 1146/639/132 1148/641/133 1147/642/133 1145/640/132
f 1148/641/133 1150/643/134 1149/644/134 1147/642/133
f 1150/643/134 1152/645/135 1151/646/135 1149/644/134
f 1152/645/135 1154/647/136 1153/648/136 1151/646/135
f 1154/647/136 1156/649/137 1155/650/137 1153/648/136
f 1156/649/137 1158/651/138 1157/652/138 1155/650/137
f 1158/651/138 1160/653/139 1159/654/139 1157/652/138
f 1160/653/139 1162/655/140 1161/656/140 1159/654/139
f 1162/655/140 1164/592/141 1163/317/141 1161/656/140
f 1164/592/141 1166/657/142 1165/658/142 1163/317/141
f 1166/657/142 1168/659/143 1167/660/143 1165/658/142
f 1168/659/143 1170/661/144 1169/662/144 1167/660/143
f 1170/661/144 1172/663/145 1171/664/145 1169/662/144
f 1172/663/145 1174/665/146 1173/666/146 1171/664/145
f 1174/665/146 1176/667/147 1175/668/147 1173/666/146
f 1176/667/147 1178/669/148 1177/670/148 1175/668/147
f 1178/669/148 1180/671/149 1179/672/149 1177/670/148
f 1180/671/149 1182/673/150 1181/674/150 1179/672/149
f 1182/673/150 1184/675/151 1183/676/151 1181/674/150
f 1184/675/151 1186/677/152 1185/678/152 1183/676/151
f 1186/677/152 1188/679/153 1187/680/153 1185/678/152
f 1188/679/153 1112/558/116 1111/92/116 1187/680/153
f 1190/431/154 1192/681/155 1191/88/155 1189/95/154
f 1192/681/155 1194/682/156 1193/80/156 1191/88/155
f 1194/682/156 1196/683/157 1195/72/157 1193/80/156
f 1196/683/157 1198/684/158 1197/65/158 1195/72/157
f 1198/684/158 1200/685/159 1199/60/159 1197/65/158
f 1200/685/159 1202/686/160 1201/6/160 1199/60/159
f 1202/686/160 1204/687/161 1203/44/161 1201/6/160
f 1204/687/161 1206/688/162 1205/36/162 1203/44/161
f 1206/688/162 1208/689/163 1207/29/163 1205/36/162
f 1208/689/163 1210/690/164 1209/20/164 1207/29/163
f 1210/690/164 1212/691/165 1211/9/165 1209/20/164
f 1212/691/165 1214/692/166 1213/10/166 1211/9/165
f 1214/692/166 1216/693/167 1215/19/167 1213/10/166
f 1216/693/167 1218/694/168 1217/30/168 1215/19/167
f 1218/694/168 1220/695/169 1219/45/169 1217/30/168
f 1220/695/169 1222/696/170 1221/51/170 1219/45/169
f 1222/696/170 1224/697/171 1223/58/171 1221/51/170
f 1224/697/171 1226/698/171 1225/76/171 1223/58/171
f 1226/698/171 1190/558/154 1189/92/154 1225/76/171
f 1228/431/172 1230/699/173 1229/700/173 1227/95/172
f 1230/699/173 1232/701/174 1231/702/174 1229/700/173
f 1232/701/174 1234/703/175 1233/704/175 1231/702/174
f 1234/703/175 1236/705/176 1235/706/176 1233/704/175
f 1236/705/176 1238/707/177 1237/66/177 1235/706/176
f 1238/707/177 1240/708/177 1239/709/177 1237/66/177
f 1240/708/177 1242/710/178 1241/711/178 1239/709/177
f 1242/710/178 1244/712/179 1243/713/179 1241/711/178
f 1244/712/179 1246/714/180 1245/715/180 1243/713/179
f 1246/714/180 1248/716/181 1247/38/181 1245/715/180
f 1248/716/181 1250/717/182 1249/718/182 1247/38/181
f 1250/717/182 1252/719/183 1251/720/183 1249/718/182
f 1252/719/183 1254/721/184 1253/722/184 1251/720/183
f 1254/721/184 1256/723/185 1255/724/185 1253/722/184
f 1256/723/185 1258/725/186 1257/3/186 1255/724/185
f 1258/725/186 1260/726/187 1259/727/187 1257/3/186
f 1260/726/187 1262/728/187 1261/729/187 1259/727/187
f 1262/728/187 1264/730/188 1263/731/188 1261/729/187
f 1264/730/188 1266/732/189 1265/733/189 1263/731/188
f 1266/732/189 1268/734/190 1267/46/190 1265/733/189
f 1268/734/190 1270/735/191 1269/736/191 1267/46/190
f 1270/735/191 1272/737/192 1271/738/192 1269/736/191
f 1272/737/192 1274/739/193 1273/740/193 1271/738/192
f 1274/739/193 1276/741/194 1275/742/194 1273/740/193
f 1276/741/194 1228/558/172 1227/92/172 1275/742/194
f 1278/431/195 1280/743/196 1279/744/196 1277/95/195
f 1280/743/196 1282/745/197 1281/746/197 1279/744/196
f 1282/745/197 1284/747/198 1283/748/198 1281/746/197
f 1284/747/198 1286/749/199 1285/750/199 1283/748/198
f 1286/749/199 1288/751/200 1287/752/200 1285/750/199
f 1288/751/200 1290/753/201 1289/754/201 1287/752/200
f 1290/753/201 1292/755/202 1291/756/202 1289/754/201
f 1292/755/202 1294/757/203 1293/758/203 1291/756/202
f 1294/757/203 1296/759/204 1295/760/204 1293/758/203
f 1296/759/204 1298/761/205 1297/762/205 1295/760/204
f 1298/761/205 1300/763/206 1299/764/206 1297/762/205
f 1300/763/206 1302/765/207 1301/766/207 1299/764/206
f 1302/765/207 1304/767/208 1303/768/208 1301/766/207
f 1304/767/208 1306/769/209 1305/770/209 1303/768/208
f 1306/769/209 1308/771/210 1307/772/210 1305/770/209
f 1308/771/210 1310/773/211 1309/774/211 1307/772/210
f 1310/773/211 1312/775/212 1311/776/212 1309/774/211
f 1312/775/212 1314/777/213 1313/778/213 1311/776/212
f 1314/777/213 1316/779/214 1315/780/214 1313/778/213
f 1316/779/214 1318/781/215 1317/782/215 1315/780/214
f 1318/781/215 1320/783/216 1319/784/216 1317/782/215
f 1320/783/216 1322/785/217 1321/786/217 1319/784/216
f 1322/785/217 1324/787/218 1323/788/218 1321/786/217
f 1324/787/218 1326/789/219 1325/790/219 1323/788/218
f 1326/789/219 1328/791/220 1327/792/220 1325/790/219
f 1328/791/220 1330/793/221 1329/794/221 1327/792/220
f 1330/793/221 1332/795/222 1331/796/222 1329/794/221
f 1332/795/222 1334/797/223 1333/798/223 1331/796/222
f 1334/797/223 1336/799/224 1335/800/224 1333/798/223
f 1336/799/224 1338/801/225 1337/802/225 1335/800/224
f 1338/801/225 1340/803/226 1339/804/226 1337/802/225
f 1340/803/226 1342/805/227 1341/806/227 1339/804/226
f 1342/805/227 1344/807/228 1343/808/228 1341/806/227
f 1344/807/228 1346/809/229 1345/810/229 1343/808/228
f 1346/809/229 1348/811/230 1347/812/230 1345/810/229
f 1348/811/230 1350/813/231 1349/814/231 1347/812/230
f 1350/813/231 1352/815/232 1351/816/232 1349/814/231
f 1352/815/232 1354/817/233 1353/818/233 1351/816/232
f 1354/817/233 1356/819/234 1355/820/234 1353/818/233
f 1356/819/234 1358/821/235 1357/822/235 1355/820/234
f 1358/821/235 1360/823/236 1359/824/236 1357/822/235
f 1360/823/236 1362/825/237 1361/826/237 1359/824/236
f 1362/825/237 1364/827/238 1363/828/238 1361/826/237
f 1364/827/238 1366/829/239 1365/830/239 1363/828/238
f 1366/829/239 1368/831/240 1367/832/240 1365/830/239
f 1368/831/240 1370/833/241 1369/834/241 1367/832/240
f 1370/833/241 1372/835/242 1371/836/242 1369/834/241
f 1372/835/242 1374/837/243 1373/838/243 1371/836/242
f 1374/837/243 1376/839/244 1375/840/244 1373/838/243
f 1376/839/244 1378/841/245 1377/842/245 1375/840/244
f 1378/841/245 1380/843/246 1379/844/246 1377/842/245
f 1380/843/246 1382/845/247 1381/846/247 1379/844/246
f 1382/845/247 1384/847/248 1383/848/248 1381/846/247
f 1384/847/248 1386/849/249 1385/850/249 1383/848/248
f 1386/849/249 1388/851/250 1387/852/250 1385/850/249
f 1388/851/250 1390/853/251 1389/854/251 1387/852/250
f 1390/853/251 1392/855/252 1391/856/252 1389/854/251
f 1392/855/252 1394/857/253 1393/858/253 1391/856/252
f 1394/857/253 1396/859/254 1395/860/254 1393/858/253
f 1396/859/254 1398/861/255 1397/862/255 1395/860/254
f 1398/861/255 1400/863/256 1399/864/256 1397/862/255
f 1400/863/256 1402/865/257 1401/866/257 1399/864/256
f 1402/865/257 1404/867/258 1403/868/258 1401/866/257
f 1404/867/258 1406/869/259 1405/870/259 1403/868/258
f 1406/869/259 1408/871/260 1407/872/260 1405/870/259
f 1408/871/260 1410/873/261 1409/874/261 1407/872/260
f 1410/873/261 1412/875/262 1411/876/262 1409/874/261
f 1412/875/262 1414/877/263 1413/878/263 1411/876/262
f 1414/877/263 1416/879/264 1415/880/264 1413/878/263
f 1416/879/264 1418/881/265 1417/882/265 1415/880/264
f 1418/881/265 1420/883/266 1419/884/266 1417/882/265
f 1420/883/266 1422/885/267 1421/886/267 1419/884/266
f 1422/885/267 1424/494/268 1423/495/268 1421/886/267
f 1424/494/268 1426/887/269 1425/888/269 1423/495/268
f 1426/887/269 1428/889/270 1427/890/270 1425/888/269
f 1428/889/270 1430/891/271 1429/892/271 1427/890/270
f 1430/891/271 1432/893/272 1431/894/272 1429/892/271
f 1432/893/272 1434/895/273 1433/896/273 1431/894/272
f 1434/895/273 1436/897/274 1435/898/274 1433/896/273
f 1436/897/274 1438/899/275 1437/900/275 1435/898/274
f 1438/899/275 1440/901/276 1439/902/276 1437/900/275
f 1440/901/276 1442/903/277 1441/904/277 1439/902/276
f 1442/903/277 1444/905/278 1443/906/278 1441/904/277
f 1444/905/278 1446/907/279 1445/908/279 1443/906/278
f 1446/907/279 1448/909/280 1447/910/280 1445/908/279
f 1448/909/280 1450/911/281 1449/912/281 1447/910/280
f 1450/911/281 1452/913/282 1451/914/282 1449/912/281
f 1452/913/282 1454/915/283 1453/916/283 1451/914/282
f 1454/915/283 1456/917/284 1455/918/284 1453/916/283
f 1456/917/284 1458/919/285 1457/920/285 1455/918/284
f 1458/919/285 1460/921/286 1459/922/286 1457/920/285
f 1460/921/286 1462/923/287 1461/924/287 1459/922/286
f 1462/923/287 1464/925/288 1463/926/288 1461/924/287
f 1464/925/288 1466/927/289 1465/928/289 1463/926/288
f 1466/927/289 1468/929/290 1467/930/290 1465/928/289
f 1468/929/290 1470/931/291 1469/932/291 1467/930/290
f 1470/931/291 1472/933/292 1471/934/292 1469/932/291
f 1472/933/292 1474/935/293 1473/936/293 1471/934/292
f 1474/935/293 1476/937/294 1475/938/294 1473/936/293
f 1476/937/294 1478/939/295 1477/940/295 1475/938/294
f 1478/939/295 1480/941/296 1479/942/296 1477/940/295
f 1480/941/296 1482/943/297 1481/944/297 1479/942/296
f 1482/943/297 1484/945/298 1483/946/298 1481/944/297
f 1484/945/298 1486/947/299 1485/948/299 1483/946/298
f 1486/947/299 1488/949/300 1487/950/300 1485/948/299
f 1488/949/300 1490/951/301 1489/952/301 1487/950/300
f 1490/951/301 1492/953/302 1491/954/302 1489/952/301
f 1492/953/302 1494/955/303 1493/956/303 1491/954/302
f 1494/955/303 1496/957/304 1495/958/304 1493/956/303
f 1496/957/304 1498/959/305 1497/960/305 1495/958/304
f 1498/959/305 1500/961/306 1499/962/306 1497/960/305
f 1500/961/306 1502/963/307 1501/964/307 1499/962/306
f 1502/963/307 1504/965/308 1503/966/308 1501/964/307
f 1504/965/308 1506/967/309 1505/968/309 1503/966/308
f 1506/967/309 1508/969/310 1507/970/310 1505/968/309
f 1508/969/310 1510/971/311 1509/972/311 1507/970/310
f 1510/971/311 1512/973/312 1511/974/312 1509/972/311
f 1512/973/312 1514/975/313 1513/976/313 1511/974/312
f 1514/975/313 1516/977/314 1515/978/314 1513/976/313
f 1516/977/314 1518/979/315 1517/980/315 1515/978/314
f 1518/979/315 1520/981/316 1519/982/316 1517/980/315
f 1520/981/316 1522/983/317 1521/984/317 1519/982/316
f 1522/983/317 1524/985/318 1523/986/318 1521/984/317
f 1524/985/318 1526/987/319 1525/988/319 1523/986/318
f 1526/987/319 1528/989/320 1527/990/320 1525/988/319
f 1528/989/320 1530/991/321 1529/992/321 1527/990/320
f 1530/991/321 1532/993/322 1531/994/322 1529/992/321
f 1532/993/322 1534/995/323 1533/996/323 1531/994/322
f 1534/995/323 1536/997/324 1535/998/324 1533/996/323
f 1536/997/324 1538/999/325 1537/1000/325 1535/998/324
f 1538/999/325 1540/1001/326 1539/1002/326 1537/1000/325
f 1540/1001/326 1542/1003/327 1541/1004/327 1539/1002/326
f 1542/1003/327 1544/1005/328 1543/1006/328 1541/1004/327
f 1544/1005/328 1546/1007/329 1545/1008/329 1543/1006/328
f 1546/1007/329 1548/1009/330 1547/1010/330 1545/1008/329
f 1548/1009/330 1550/1011/331 1549/1012/331 1547/1010/330
f 1550/1011/331 1552/1013/332 1551/1014/332 1549/1012/331
f 1552/1013/332 1554/1015/333 1553/1016/333 1551/1014/332
f 1554/1015/333 1556/1017/334 1555/1018/334 1553/1016/333
f 1556/1017/334 1558/1019/335 1557/1020/335 1555/1018/334
f 1558/1019/335 1560/1021/336 1559/1022/336 1557/1020/335
f 1560/1021/336 1562/1023/337 1561/1024/337 1559/1022/336
f 1562/1023/337 1564/1025/338 1563/1026/338 1561/1024/337
f 1564/1025/338 1566/1027/339 1565/1028/339 1563/1026/338
f 1566/1027/339 1568/1029/340 1567/1030/340 1565/1028/339
f 1568/1029/340 1278/558/195 1277/92/195 1567/1030/340
f 1570/431/114 1572/1031/341 1571/1032/341 1569/95/114
f 1572/1031/341 1574/1033/342 1573/1034/342 1571/1032/341
f 1574/1033/342 1576/434/343 1575/435/343 1573/1034/342
f 1576/434/343 1578/1035/344 1577/1036/344 1575/435/343
f 1578/1035/344 1580/1037/345 1579/1038/345 1577/1036/344
f 1580/1037/345 1582/438/346 1581/439/346 1579/1038/345
f 1582/438/346 1584/1039/347 1583/1040/347 1581/439/346
f 1584/1039/347 1586/1041/348 1585/1042/348 1583/1040/347
f 1586/1041/348 1588/442/349 1587/443/349 1585/1042/348
f 1588/442/349 1590/1043/350 1589/1044/350 1587/443/349
f 1590/1043/350 1592/1045/351 1591/1046/351 1589/1044/350
f 1592/1045/351 1594/446/352 1593/447/352 1591/1046/351
f 1594/446/352 1596/1047/353 1595/1048/353 1593/447/352
f 1596/1047/353 1598/1049/354 1597/1050/354 1595/1048/353
f 1598/1049/354 1600/450/355 1599/451/355 1597/1050/354
f 1600/450/355 1602/1051/356 1601/1052/356 1599/451/355
f 1602/1051/356 1604/1053/357 1603/1054/357 1601/1052/356
f 1604/1053/357 1606/454/358 1605/455/358 1603/1054/357
f 1606/454/358 1608/1055/359 1607/1056/359 1605/455/358
f 1608/1055/359 1610/1057/360 1609/1058/360 1607/1056/359
f 1610/1057/360 1612/458/361 1611/459/361 1609/1058/360
f 1612/458/361 1614/1059/362 1613/1060/362 1611/459/361
f 1614/1059/362 1616/1061/363 1615/1062/363 1613/1060/362
f 1616/1061/363 1618/462/364 1617/463/364 1615/1062/363
f 1618/462/364 1620/1063/365 1619/1064/365 1617/463/364
f 1620/1063/365 1622/1065/366 1621/1066/366 1619/1064/365
f 1622/1065/366 1624/466/114 1623/467/114 1621/1066/366
f 1624/466/114 1626/1067/341 1625/1068/341 1623/467/114
f 1626/1067/341 1628/1069/16 1627/1070/16 1625/1068/341
f 1628/1069/16 1630/470/367 1629/471/367 1627/1070/16
f 1630/470/367 1632/1071/368 1631/1072/368 1629/471/367
f 1632/1071/368 1634/575/369 1633/370/369 1631/1072/368
f 1634/575/369 1636/474/370 1635/475/370 1633/370/369
f 1636/474/370 1638/1073/371 1637/1074/371 1635/475/370
f 1638/1073/371 1640/1075/372 1639/1076/372 1637/1074/371
f 1640/1075/372 1642/478/373 1641/479/373 1639/1076/372
f 1642/478/373 1644/1077/374 1643/1078/374 1641/479/373
f 1644/1077/374 1646/1079/375 1645/1080/375 1643/1078/374
f 1646/1079/375 1648/482/376 1647/483/376 1645/1080/375
f 1648/482/376 1650/1081/377 1649/1082/377 1647/483/376
f 1650/1081/377 1652/1083/378 1651/1084/378 1649/1082/377
f 1652/1083/378 1654/486/379 1653/487/379 1651/1084/378
f 1654/486/379 1656/1085/380 1655/1086/380 1653/487/379
f 1656/1085/380 1658/1087/381 1657/1088/381 1655/1086/380
f 1658/1087/381 1660/490/382 1659/491/382 1657/1088/381
f 1660/490/382 1662/1089/383 1661/1090/383 1659/491/382
f 1662/1089/383 1664/1091/384 1663/1092/384 1661/1090/383
f 1664/1091/384 1666/494/385 1665/495/385 1663/1092/384
f 1666/494/385 1668/1093/386 1667/1094/386 1665/495/385
f 1668/1093/386 1670/1095/387 1669/1096/387 1667/1094/386
f 1670/1095/387 1672/498/388 1671/499/388 1669/1096/387
f 1672/498/388 1674/1097/389 1673/1098/389 1671/499/388
f 1674/1097/389 1676/1099/390 1675/1100/390 1673/1098/389
f 1676/1099/390 1678/502/391 1677/503/391 1675/1100/390
f 1678/502/391 1680/1101/392 1679/1102/392 1677/503/391
f 1680/1101/392 1682/1103/393 1681/1104/393 1679/1102/392
f 1682/1103/393 1684/506/16 1683/507/16 1681/1104/393
f 1684/506/16 1686/1105/367 1685/1106/367 1683/507/16
f 1686/1105/367 1688/1107/394 1687/1108/394 1685/1106/367
f 1688/1107/394 1690/510/395 1689/511/395 1687/1108/394
f 1690/510/395 1692/1109/396 1691/1110/396 1689/511/395
f 1692/1109/396 1694/1111/397 1693/1112/397 1691/1110/396
f 1694/1111/397 1696/514/398 1695/515/398 1693/1112/397
f 1696/514/398 1698/592/399 1697/317/399 1695/515/398
f 1698/592/399 1700/1113/400 1699/1114/400 1697/317/399
f 1700/1113/400 1702/518/401 1701/519/401 1699/1114/400
f 1702/518/401 1704/1115/402 1703/1116/402 1701/519/401
f 1704/1115/402 1706/1117/403 1705/1118/403 1703/1116/402
f 1706/1117/403 1708/522/404 1707/523/404 1705/1118/403
f 1708/522/404 1710/1119/405 1709/1120/405 1707/523/404
f 1710/1119/405 1712/1121/406 1711/1122/406 1709/1120/405
f 1712/1121/406 1714/526/407 1713/527/407 1711/1122/406
f 1714/526/407 1716/1123/408 1715/1124/408 1713/527/407
f 1716/1123/408 1718/1125/409 1717/1126/409 1715/1124/408
f 1718/1125/409 1720/530/410 1719/531/410 1717/1126/409
f 1720/530/410 1722/1127/411 1721/1128/411 1719/531/410
f 1722/1127/411 1724/1129/412 1723/1130/412 1721/1128/411
f 1724/1129/412 1726/534/413 1725/535/413 1723/1130/412
f 1726/534/413 1728/1131/414 1727/1132/414 1725/535/413
f 1728/1131/414 1730/1133/415 1729/1134/415 1727/1132/414
f 1730/1133/415 1732/538/416 1731/539/416 1729/1134/415
f 1732/538/416 1734/1135/417 1733/1136/417 1731/539/416
f 1734/1135/417 1736/1137/418 1735/1138/418 1733/1136/417
f 1736/1137/418 1738/542/419 1737/543/419 1735/1138/418
f 1738/542/419 1740/1139/420 1739/1140/420 1737/543/419
f 1740/1139/420 1742/1141/421 1741/1142/421 1739/1140/420
f 1742/1141/421 1744/546/422 1743/547/422 1741/1142/421
f 1744/546/422 1746/1143/423 1745/1144/423 1743/547/422
f 1746/1143/423 1748/1145/424 1747/1146/424 1745/1144/423
f 1748/1145/424 1750/550/425 1749/551/425 1747/1146/424
f 1750/550/425 1752/1147/426 1751/1148/426 1749/551/425
f 1752/1147/426 1754/1149/427 1753/1150/427 1751/1148/426
f 1754/1149/427 1756/554/428 1755/555/428 1753/1150/427
f 1756/554/428 1758/1151/429 1757/1152/429 1755/555/428
f 1758/1151/429 1760/1153/430 1759/1154/430 1757/1152/429
f 1760/1153/430 1570/558/114 1569/92/114 1759/1154/430
