# Blender 4.5.0
# www.blender.org
mtllib back2.mtl
o Back2
v -9.274245 12.280644 45.729103
v -9.255685 12.275290 45.737576
v -9.241440 12.324273 45.737324
v -9.240752 12.325985 45.737392
v -9.239830 12.327561 45.737579
v -9.238673 12.328983 45.737885
v -9.237282 12.330232 45.738308
v -9.235657 12.331288 45.738857
v -9.233797 12.332134 45.739529
v -9.231703 12.332752 45.740330
v -9.229375 12.333121 45.741261
v -9.226814 12.333224 45.742321
v -9.224018 12.333042 45.743519
v -9.220989 12.332557 45.744850
v -9.217727 12.331750 45.746323
v -9.215233 12.330952 45.747471
v -9.212648 12.329965 45.748680
v -9.209978 12.328782 45.749950
v -9.207230 12.327395 45.751282
v -9.204409 12.325800 45.752670
v -9.201520 12.323988 45.754112
v -9.198572 12.321951 45.755608
v -9.195570 12.319685 45.757156
v -9.192520 12.317181 45.758755
v -9.189428 12.314431 45.760403
v -9.186302 12.311432 45.762096
v -9.183146 12.308173 45.763836
v -9.197582 12.258530 45.764091
v -9.179122 12.253205 45.772514
v -9.141991 12.380891 45.771858
v -9.160450 12.386215 45.763432
v -9.176616 12.330628 45.763718
v -9.178329 12.332142 45.762806
v -9.180048 12.333608 45.761898
v -9.181770 12.335025 45.760998
v -9.183495 12.336395 45.760098
v -9.185221 12.337717 45.759205
v -9.186948 12.338992 45.758320
v -9.188675 12.340220 45.757439
v -9.190401 12.341401 45.756565
v -9.192126 12.342535 45.755695
v -9.193849 12.343622 45.754833
v -9.195567 12.344663 45.753979
v -9.197283 12.345657 45.753136
v -9.197654 12.345883 45.752949
v -9.203136 12.348838 45.750275
v -9.207866 12.351997 45.747887
v -9.211867 12.355372 45.745777
v -9.215162 12.358976 45.743935
v -9.217777 12.362820 45.742352
v -9.219733 12.366913 45.741009
v -9.221056 12.371268 45.739899
v -9.221767 12.375896 45.739014
v -9.221891 12.380810 45.738335
v -9.221453 12.386020 45.737858
v -9.220474 12.391537 45.737564
v -9.218980 12.397372 45.737450
v -9.217380 12.402876 45.737423
v -9.235638 12.408142 45.729092
v -9.237238 12.402638 45.729118
v -9.238408 12.398261 45.729183
v -9.239367 12.393887 45.729340
v -9.240109 12.389528 45.729580
v -9.240625 12.385199 45.729916
v -9.240908 12.380909 45.730343
v -9.240950 12.376671 45.730865
v -9.240742 12.372499 45.731483
v -9.240277 12.368403 45.732197
v -9.239549 12.364398 45.733013
v -9.238548 12.360494 45.733929
v -9.237267 12.356704 45.734947
v -9.235699 12.353040 45.736073
v -9.236170 12.352907 45.735893
v -9.236635 12.352772 45.735714
v -9.237094 12.352632 45.735538
v -9.237548 12.352487 45.735367
v -9.238000 12.352336 45.735195
v -9.238450 12.352179 45.735027
v -9.238900 12.352014 45.734859
v -9.239352 12.351840 45.734692
v -9.239806 12.351658 45.734524
v -9.240264 12.351465 45.734356
v -9.240727 12.351262 45.734188
v -9.241199 12.351048 45.734016
v -9.243387 12.350057 45.733227
v -9.245486 12.348905 45.732491
v -9.247487 12.347597 45.731819
v -9.249384 12.346140 45.731209
v -9.251169 12.344539 45.730663
v -9.252835 12.342801 45.730183
v -9.254375 12.340933 45.729774
v -9.255782 12.338940 45.729439
v -9.257049 12.336828 45.729176
v -9.258168 12.334605 45.728989
v -9.259133 12.332276 45.728878
v -9.259937 12.329847 45.728851
v -9.159487 12.257563 45.780201
v -9.155494 12.254506 45.782265
v -9.151573 12.251657 45.784271
v -9.147726 12.249008 45.786224
v -9.143953 12.246560 45.788120
v -9.140256 12.244308 45.789955
v -9.136634 12.242247 45.791740
v -9.133090 12.240375 45.793465
v -9.129623 12.238688 45.795132
v -9.126237 12.237184 45.796745
v -9.122931 12.235858 45.798302
v -9.119704 12.234707 45.799801
v -9.116561 12.233727 45.801247
v -9.109716 12.232088 45.804329
v -9.103031 12.231147 45.807251
v -9.096549 12.230886 45.810005
v -9.090313 12.231290 45.812572
v -9.084367 12.232341 45.814934
v -9.078755 12.234022 45.817074
v -9.073521 12.236316 45.818981
v -9.068707 12.239207 45.820633
v -9.064358 12.242678 45.822018
v -9.060517 12.246711 45.823116
v -9.057229 12.251291 45.823914
v -9.054536 12.256400 45.824394
v -9.054237 12.257142 45.824425
v -9.053774 12.258283 45.824474
v -9.053164 12.259802 45.824535
v -9.052422 12.261676 45.824608
v -9.051566 12.263885 45.824688
v -9.050613 12.266409 45.824768
v -9.049580 12.269224 45.824841
v -9.048483 12.272311 45.824909
v -9.047338 12.275648 45.824966
v -9.046165 12.279214 45.825005
v -9.044977 12.282987 45.825024
v -9.043794 12.286946 45.825016
v -9.043171 12.289128 45.825001
v -9.042553 12.291373 45.824974
v -9.041945 12.293670 45.824936
v -9.041349 12.296006 45.824890
v -9.040771 12.298371 45.824833
v -9.040216 12.300753 45.824760
v -9.039686 12.303140 45.824680
v -9.039186 12.305519 45.824589
v -9.038721 12.307880 45.824482
v -9.038293 12.310212 45.824368
v -9.037909 12.312502 45.824238
v -9.037570 12.314739 45.824093
v -9.037143 12.320442 45.823547
v -9.037495 12.326014 45.822693
v -9.038600 12.331417 45.821541
v -9.040433 12.336616 45.820110
v -9.042966 12.341575 45.818417
v -9.046171 12.346256 45.816475
v -9.050025 12.350626 45.814304
v -9.054498 12.354646 45.811913
v -9.059565 12.358279 45.809326
v -9.065198 12.361491 45.806553
v -9.071371 12.364245 45.803612
v -9.078058 12.366506 45.800518
v -9.081218 12.367344 45.799084
v -9.084542 12.368082 45.797596
v -9.088033 12.368717 45.796051
v -9.091690 12.369245 45.794449
v -9.095514 12.369661 45.792789
v -9.099507 12.369964 45.791077
v -9.103669 12.370148 45.789307
v -9.108000 12.370211 45.787479
v -9.112500 12.370149 45.785599
v -9.117171 12.369958 45.783665
v -9.122014 12.369636 45.781673
v -9.127028 12.369178 45.779625
v -9.126381 12.348470 45.782532
v -9.121837 12.348863 45.784389
v -9.117483 12.349140 45.786182
v -9.113318 12.349306 45.787907
v -9.109340 12.349365 45.789570
v -9.105545 12.349319 45.791168
v -9.101932 12.349173 45.792702
v -9.098497 12.348928 45.794174
v -9.095239 12.348590 45.795586
v -9.092154 12.348160 45.796936
v -9.089240 12.347644 45.798225
v -9.086495 12.347043 45.799454
v -9.083916 12.346362 45.800621
v -9.079202 12.344805 45.802799
v -9.074940 12.343002 45.804817
v -9.071129 12.340981 45.806671
v -9.067765 12.338764 45.808365
v -9.064845 12.336380 45.809895
v -9.062366 12.333852 45.811256
v -9.060324 12.331207 45.812450
v -9.058716 12.328470 45.813473
v -9.057539 12.325666 45.814323
v -9.056789 12.322823 45.814999
v -9.056464 12.319963 45.815498
v -9.056560 12.317115 45.815823
v -9.056929 12.315025 45.815933
v -9.057319 12.312911 45.816036
v -9.057730 12.310781 45.816135
v -9.058161 12.308641 45.816227
v -9.058610 12.306503 45.816311
v -9.059075 12.304374 45.816387
v -9.059557 12.302260 45.816452
v -9.060053 12.300173 45.816509
v -9.060561 12.298120 45.816559
v -9.061082 12.296107 45.816597
v -9.061613 12.294146 45.816624
v -9.062153 12.292242 45.816639
v -9.063156 12.288881 45.816643
v -9.064172 12.285638 45.816631
v -9.065187 12.282532 45.816601
v -9.066186 12.279583 45.816555
v -9.067157 12.276812 45.816502
v -9.068086 12.274238 45.816437
v -9.068957 12.271881 45.816372
v -9.069759 12.269761 45.816303
v -9.070477 12.267900 45.816242
v -9.071096 12.266315 45.816181
v -9.071606 12.265028 45.816132
v -9.071988 12.264059 45.816093
v -9.073496 12.261667 45.815765
v -9.075363 12.259474 45.815262
v -9.077575 12.257502 45.814583
v -9.080118 12.255777 45.813736
v -9.082979 12.254325 45.812721
v -9.086143 12.253169 45.811539
v -9.089596 12.252336 45.810196
v -9.093324 12.251849 45.808693
v -9.097313 12.251735 45.807034
v -9.101548 12.252016 45.805222
v -9.106017 12.252720 45.803257
v -9.110703 12.253871 45.801144
v -9.113276 12.254678 45.799961
v -9.115946 12.255645 45.798717
v -9.118713 12.256776 45.797413
v -9.121577 12.258072 45.796043
v -9.124537 12.259537 45.794617
v -9.127590 12.261173 45.793125
v -9.130737 12.262982 45.791576
v -9.133976 12.264967 45.789963
v -9.137305 12.267131 45.788292
v -9.140725 12.269476 45.786560
v -9.144233 12.272005 45.784763
v -9.147827 12.274720 45.782909
v -8.955770 12.219678 45.870514
v -8.955539 12.217133 45.870934
v -8.955299 12.214527 45.871365
v -8.955055 12.211875 45.871807
v -8.954807 12.209188 45.872250
v -8.954560 12.206481 45.872700
v -8.954316 12.203764 45.873146
v -8.954078 12.201051 45.873592
v -8.953848 12.198356 45.874031
v -8.953629 12.195689 45.874462
v -8.953424 12.193066 45.874882
v -8.953235 12.190497 45.875290
v -8.953066 12.187998 45.875679
v -8.932891 12.182178 45.884884
v -8.944954 12.324173 45.861763
v -8.965128 12.329993 45.852554
v -9.051517 12.216396 45.830750
v -9.031444 12.210607 45.839909
v -9.012259 12.235972 45.844734
v -8.995374 12.258040 45.849014
v -8.992300 12.262110 45.849785
v -8.989294 12.266078 45.850544
v -8.986341 12.269971 45.851288
v -8.983421 12.273812 45.852024
v -8.980520 12.277628 45.852757
v -8.977619 12.281440 45.853489
v -8.974703 12.285275 45.854225
v -8.971752 12.289156 45.854969
v -8.968752 12.293109 45.855724
v -8.965684 12.297157 45.856499
v -8.962531 12.301326 45.857292
v -8.962069 12.296087 45.858150
v -8.961625 12.291003 45.858986
v -8.961198 12.286044 45.859795
v -8.960781 12.281179 45.860588
v -8.960372 12.276378 45.861370
v -8.959966 12.271609 45.862148
v -8.959559 12.266843 45.862923
v -8.959148 12.262048 45.863705
v -8.958729 12.257195 45.864498
v -8.958296 12.252252 45.865311
v -8.957847 12.247189 45.866142
v -8.957377 12.241975 45.867004
v -8.998533 12.253847 45.848221
v -8.906517 12.209547 45.892471
v -8.907714 12.201571 45.892982
v -8.907843 12.194716 45.893803
v -8.906943 12.188860 45.894924
v -8.905055 12.183879 45.896351
v -8.902219 12.179653 45.898079
v -8.898474 12.176061 45.900105
v -8.893861 12.172978 45.902435
v -8.888420 12.170285 45.905060
v -8.882190 12.167860 45.907982
v -8.875212 12.165580 45.911201
v -8.867525 12.163322 45.914715
v -8.818872 12.149407 45.936901
v -8.781677 12.277313 45.936245
v -8.827474 12.290524 45.915344
v -8.829436 12.291090 45.914452
v -8.831344 12.291636 45.913578
v -8.833197 12.292162 45.912735
v -8.834998 12.292664 45.911915
v -8.836752 12.293139 45.911118
v -8.838459 12.293589 45.910347
v -8.840122 12.294006 45.909595
v -8.841744 12.294393 45.908863
v -8.843328 12.294744 45.908154
v -8.844875 12.295060 45.907467
v -8.846389 12.295337 45.906796
v -8.847872 12.295573 45.906143
v -8.852638 12.296048 45.904083
v -8.857033 12.296041 45.902237
v -8.861074 12.295541 45.900604
v -8.864782 12.294543 45.899178
v -8.868174 12.293037 45.897945
v -8.871268 12.291018 45.896904
v -8.874084 12.288474 45.896046
v -8.876641 12.285401 45.895363
v -8.878956 12.281789 45.894852
v -8.881048 12.277631 45.894501
v -8.882937 12.272918 45.894310
v -8.884640 12.267643 45.894264
v -8.885190 12.265649 45.894287
v -8.885668 12.263686 45.894337
v -8.886070 12.261754 45.894413
v -8.886395 12.259854 45.894520
v -8.886636 12.257988 45.894653
v -8.886792 12.256154 45.894821
v -8.886858 12.254354 45.895023
v -8.886831 12.252588 45.895260
v -8.886707 12.250857 45.895531
v -8.886483 12.249163 45.895840
v -8.886155 12.247504 45.896191
v -8.885720 12.245882 45.896580
v -8.888002 12.244754 45.895763
v -8.890112 12.243403 45.895050
v -8.892059 12.241837 45.894432
v -8.893856 12.240059 45.893906
v -8.895514 12.238075 45.893463
v -8.897044 12.235890 45.893097
v -8.898458 12.233511 45.892807
v -8.899767 12.230942 45.892582
v -8.900982 12.228189 45.892426
v -8.902115 12.225256 45.892323
v -8.903177 12.222150 45.892269
v -8.904180 12.218875 45.892265
v -8.904211 12.218764 45.892269
v -8.815838 12.233715 45.927452
v -8.817196 12.234100 45.926834
v -8.818553 12.234483 45.926216
v -8.819910 12.234861 45.925598
v -8.821267 12.235239 45.924980
v -8.822626 12.235617 45.924362
v -8.823987 12.235994 45.923744
v -8.825351 12.236373 45.923122
v -8.826717 12.236755 45.922501
v -8.828090 12.237142 45.921875
v -8.829467 12.237533 45.921249
v -8.830851 12.237929 45.920616
v -8.849210 12.243225 45.912239
v -8.851535 12.243920 45.911175
v -8.853673 12.244610 45.910191
v -8.855631 12.245296 45.909283
v -8.857415 12.245976 45.908447
v -8.859034 12.246655 45.907681
v -8.860494 12.247330 45.906982
v -8.861801 12.248004 45.906345
v -8.862964 12.248677 45.905773
v -8.863987 12.249350 45.905258
v -8.864881 12.250024 45.904797
v -8.865649 12.250699 45.904388
v -8.866301 12.251376 45.904030
v -8.866629 12.251799 45.903839
v -8.866912 12.252275 45.903660
v -8.867145 12.252816 45.903492
v -8.867322 12.253434 45.903339
v -8.867439 12.254139 45.903202
v -8.867492 12.254941 45.903076
v -8.867474 12.255853 45.902969
v -8.867380 12.256884 45.902878
v -8.867206 12.258046 45.902802
v -8.866945 12.259350 45.902744
v -8.866594 12.260807 45.902706
v -8.866148 12.262427 45.902687
v -8.865011 12.265931 45.902721
v -8.863786 12.268812 45.902866
v -8.862411 12.271105 45.903152
v -8.860825 12.272840 45.903599
v -8.858967 12.274052 45.904224
v -8.856777 12.274773 45.905052
v -8.854195 12.275034 45.906101
v -8.851159 12.274869 45.907394
v -8.847610 12.274311 45.908958
v -8.843485 12.273392 45.910805
v -8.838724 12.272144 45.912960
v -8.833267 12.270600 45.915447
v -8.805930 12.262715 45.927925
v -8.814477 12.233325 45.928074
v -8.884480 12.217368 45.900726
v -8.883156 12.220486 45.900887
v -8.881685 12.222945 45.901188
v -8.880010 12.224788 45.901657
v -8.878068 12.226057 45.902313
v -8.875800 12.226795 45.903168
v -8.873145 12.227043 45.904251
v -8.870045 12.226845 45.905579
v -8.866438 12.226242 45.907169
v -8.862265 12.225277 45.909042
v -8.857464 12.223991 45.911221
v -8.851977 12.222428 45.913723
v -8.820303 12.213292 45.928177
v -8.831507 12.174766 45.928375
v -8.835441 12.175965 45.926571
v -8.839358 12.177167 45.924774
v -8.843265 12.178370 45.922981
v -8.847160 12.179573 45.921196
v -8.851051 12.180775 45.919407
v -8.854940 12.181973 45.917625
v -8.858830 12.183167 45.915840
v -8.862725 12.184355 45.914055
v -8.866629 12.185534 45.912266
v -8.870543 12.186706 45.910473
v -8.874474 12.187866 45.908676
v -8.878422 12.189015 45.906876
v -8.880403 12.189975 45.905922
v -8.882173 12.191020 45.905045
v -8.883722 12.192184 45.904247
v -8.885038 12.193500 45.903526
v -8.886110 12.195000 45.902885
v -8.886925 12.196717 45.902325
v -8.887470 12.198685 45.901848
v -8.887735 12.200936 45.901451
v -8.887708 12.203505 45.901134
v -8.887376 12.206423 45.900902
v -8.886727 12.209723 45.900753
v -8.885752 12.213440 45.900692
v -8.885719 12.213550 45.900692
v -9.289619 12.285303 45.765736
v -9.271058 12.279949 45.774208
v -9.256814 12.328932 45.773956
v -9.256126 12.330645 45.774025
v -9.255203 12.332221 45.774212
v -9.254046 12.333642 45.774517
v -9.252656 12.334891 45.774940
v -9.251030 12.335948 45.775490
v -9.249170 12.336794 45.776161
v -9.247077 12.337411 45.776962
v -9.244749 12.337780 45.777893
v -9.242188 12.337883 45.778954
v -9.239392 12.337702 45.780151
v -9.236363 12.337216 45.781483
v -9.233101 12.336409 45.782955
v -9.230607 12.335610 45.784103
v -9.228022 12.334623 45.785313
v -9.225352 12.333441 45.786583
v -9.222603 12.332055 45.787914
v -9.219782 12.330460 45.789303
v -9.216894 12.328647 45.790745
v -9.213946 12.326611 45.792240
v -9.210944 12.324344 45.793789
v -9.207894 12.321839 45.795387
v -9.204803 12.319091 45.797035
v -9.201675 12.316091 45.798729
v -9.198519 12.312832 45.800468
v -9.212955 12.263189 45.800724
v -9.194496 12.257864 45.809147
v -9.157364 12.385550 45.808491
v -9.175824 12.390875 45.800064
v -9.191989 12.335287 45.800350
v -9.193704 12.336801 45.799438
v -9.195422 12.338266 45.798531
v -9.197145 12.339684 45.797630
v -9.198869 12.341054 45.796730
v -9.200595 12.342377 45.795837
v -9.202322 12.343652 45.794952
v -9.204048 12.344879 45.794071
v -9.205775 12.346060 45.793198
v -9.207500 12.347194 45.792328
v -9.209222 12.348281 45.791466
v -9.210941 12.349322 45.790611
v -9.212656 12.350316 45.789768
v -9.213028 12.350543 45.789581
v -9.218510 12.353497 45.786907
v -9.223240 12.356656 45.784519
v -9.227241 12.360032 45.782410
v -9.230536 12.363635 45.780567
v -9.233150 12.367478 45.778984
v -9.235107 12.371572 45.777641
v -9.236429 12.375927 45.776531
v -9.237141 12.380555 45.775646
v -9.237266 12.385469 45.774967
v -9.236827 12.390678 45.774490
v -9.235848 12.396195 45.774197
v -9.234354 12.402031 45.774082
v -9.232754 12.407535 45.774055
v -9.251011 12.412802 45.765724
v -9.252612 12.407298 45.765751
v -9.253781 12.402920 45.765816
v -9.254742 12.398546 45.765972
v -9.255483 12.394188 45.766212
v -9.255999 12.389857 45.766548
v -9.256282 12.385568 45.766975
v -9.256323 12.381330 45.767498
v -9.256115 12.377158 45.768112
v -9.255651 12.373063 45.768829
v -9.254923 12.369057 45.769646
v -9.253922 12.365153 45.770561
v -9.252641 12.361363 45.771580
v -9.251072 12.357699 45.772705
v -9.251544 12.357567 45.772526
v -9.252008 12.357430 45.772346
v -9.252467 12.357290 45.772171
v -9.252922 12.357145 45.771999
v -9.253374 12.356995 45.771828
v -9.253824 12.356837 45.771660
v -9.254274 12.356672 45.771492
v -9.254725 12.356500 45.771324
v -9.255179 12.356317 45.771156
v -9.255638 12.356125 45.770988
v -9.256102 12.355922 45.770821
v -9.256572 12.355706 45.770649
v -9.258761 12.354716 45.769859
v -9.260859 12.353564 45.769123
v -9.262861 12.352256 45.768452
v -9.264758 12.350799 45.767841
v -9.266542 12.349198 45.767296
v -9.268209 12.347461 45.766815
v -9.269749 12.345592 45.766407
v -9.271156 12.343599 45.766071
v -9.272423 12.341488 45.765808
v -9.273542 12.339264 45.765621
v -9.274508 12.336935 45.765511
v -9.275311 12.334506 45.765484
v -9.174860 12.262222 45.816833
v -9.170868 12.259166 45.818897
v -9.166947 12.256315 45.820904
v -9.163100 12.253668 45.822857
v -9.159328 12.251219 45.824753
v -9.155629 12.248966 45.826588
v -9.152008 12.246905 45.828373
v -9.148463 12.245034 45.830097
v -9.144998 12.243347 45.831764
v -9.141610 12.241843 45.833378
v -9.138304 12.240517 45.834934
v -9.135078 12.239366 45.836433
v -9.131935 12.238386 45.837879
v -9.125091 12.236748 45.840961
v -9.118405 12.235806 45.843884
v -9.111922 12.235546 45.846638
v -9.105687 12.235950 45.849205
v -9.099741 12.237000 45.851566
v -9.094129 12.238681 45.853706
v -9.088894 12.240975 45.855614
v -9.084081 12.243866 45.857265
v -9.079732 12.247336 45.858650
v -9.075891 12.251370 45.859749
v -9.072602 12.255950 45.860546
v -9.069909 12.261059 45.861027
v -9.069611 12.261801 45.861057
v -9.069148 12.262942 45.861107
v -9.068538 12.264461 45.861168
v -9.067796 12.266335 45.861240
v -9.066940 12.268545 45.861320
v -9.065988 12.271068 45.861401
v -9.064954 12.273884 45.861473
v -9.063856 12.276971 45.861542
v -9.062713 12.280308 45.861599
v -9.061539 12.283873 45.861637
v -9.060351 12.287646 45.861656
v -9.059168 12.291605 45.861649
v -9.058544 12.293787 45.861633
v -9.057926 12.296032 45.861607
v -9.057318 12.298329 45.861568
v -9.056723 12.300666 45.861523
v -9.056146 12.303030 45.861465
v -9.055590 12.305412 45.861393
v -9.055059 12.307798 45.861313
v -9.054560 12.310179 45.861221
v -9.054094 12.312540 45.861115
v -9.053667 12.314872 45.861000
v -9.053282 12.317162 45.860870
v -9.052944 12.319398 45.860725
v -9.052516 12.325101 45.860180
v -9.052869 12.330672 45.859325
v -9.053974 12.336076 45.858173
v -9.055807 12.341275 45.856743
v -9.058339 12.346233 45.855049
v -9.061545 12.350916 45.853107
v -9.065398 12.355285 45.850937
v -9.069871 12.359304 45.848545
v -9.074938 12.362938 45.845959
v -9.080571 12.366151 45.843185
v -9.086745 12.368905 45.840244
v -9.093432 12.371164 45.837151
v -9.096591 12.372004 45.835716
v -9.099916 12.372742 45.834229
v -9.103406 12.373376 45.832684
v -9.107063 12.373903 45.831081
v -9.110888 12.374320 45.829422
v -9.114882 12.374622 45.827709
v -9.119042 12.374807 45.825939
v -9.123373 12.374870 45.824112
v -9.127873 12.374808 45.822231
v -9.132545 12.374618 45.820297
v -9.137388 12.374295 45.818306
v -9.142403 12.373837 45.816257
v -9.141755 12.353129 45.819164
v -9.137210 12.353521 45.821022
v -9.132856 12.353799 45.822815
v -9.128692 12.353966 45.824539
v -9.124714 12.354024 45.826202
v -9.120919 12.353978 45.827801
v -9.117306 12.353831 45.829334
v -9.113871 12.353587 45.830807
v -9.110612 12.353249 45.832218
v -9.107528 12.352819 45.833569
v -9.104613 12.352303 45.834858
v -9.101869 12.351702 45.836086
v -9.099290 12.351021 45.837254
v -9.094575 12.349464 45.839432
v -9.090314 12.347662 45.841450
v -9.086503 12.345640 45.843304
v -9.083139 12.343424 45.844997
v -9.080219 12.341039 45.846527
v -9.077740 12.338511 45.847889
v -9.075698 12.335866 45.849083
v -9.074090 12.333129 45.850105
v -9.072912 12.330326 45.850956
v -9.072163 12.327481 45.851631
v -9.071837 12.324622 45.852131
v -9.071934 12.321774 45.852455
v -9.072302 12.319684 45.852566
v -9.072693 12.317570 45.852669
v -9.073104 12.315439 45.852768
v -9.073535 12.313301 45.852859
v -9.073983 12.311163 45.852943
v -9.074450 12.309032 45.853020
v -9.074931 12.306920 45.853085
v -9.075426 12.304832 45.853142
v -9.075935 12.302778 45.853191
v -9.076455 12.300766 45.853230
v -9.076986 12.298804 45.853256
v -9.077526 12.296901 45.853271
v -9.078529 12.293541 45.853275
v -9.079546 12.290298 45.853264
v -9.080561 12.287191 45.853233
v -9.081560 12.284243 45.853188
v -9.082531 12.281471 45.853134
v -9.083459 12.278896 45.853069
v -9.084332 12.276540 45.853004
v -9.085133 12.274421 45.852936
v -9.085851 12.272558 45.852875
v -9.086471 12.270974 45.852814
v -9.086979 12.269688 45.852764
v -9.087362 12.268718 45.852726
v -9.088869 12.266327 45.852398
v -9.090736 12.264132 45.851894
v -9.092949 12.262161 45.851215
v -9.095492 12.260436 45.850368
v -9.098353 12.258984 45.849354
v -9.101517 12.257828 45.848171
v -9.104970 12.256994 45.846828
v -9.108698 12.256508 45.845325
v -9.112686 12.256393 45.843666
v -9.116922 12.256676 45.841854
v -9.121390 12.257380 45.839890
v -9.126078 12.258530 45.837776
v -9.128649 12.259336 45.836594
v -9.131319 12.260304 45.835350
v -9.134087 12.261435 45.834045
v -9.136951 12.262732 45.832676
v -9.139911 12.264196 45.831249
v -9.142964 12.265832 45.829758
v -9.146111 12.267641 45.828209
v -9.149350 12.269627 45.826595
v -9.152679 12.271791 45.824924
v -9.156098 12.274136 45.823193
v -9.159606 12.276665 45.821396
v -9.163201 12.279380 45.819542
v -8.971144 12.224338 45.907146
v -8.970913 12.221792 45.907566
v -8.970674 12.219187 45.907997
v -8.970428 12.216535 45.908440
v -8.970181 12.213848 45.908882
v -8.969934 12.211140 45.909332
v -8.969690 12.208423 45.909779
v -8.969452 12.205710 45.910225
v -8.969221 12.203014 45.910664
v -8.969003 12.200348 45.911095
v -8.968798 12.197724 45.911514
v -8.968609 12.195156 45.911922
v -8.968439 12.192657 45.912312
v -8.948265 12.186837 45.921516
v -8.960327 12.328833 45.898396
v -8.980502 12.334652 45.889187
v -9.066892 12.221056 45.867382
v -9.046818 12.215265 45.876541
v -9.027633 12.240632 45.881367
v -9.010747 12.262700 45.885647
v -9.007673 12.266768 45.886417
v -9.004668 12.270738 45.887177
v -9.001715 12.274631 45.887920
v -8.998796 12.278472 45.888657
v -8.995893 12.282287 45.889389
v -8.992993 12.286099 45.890121
v -8.990076 12.289934 45.890858
v -8.987126 12.293815 45.891602
v -8.984125 12.297768 45.892357
v -8.981057 12.301816 45.893131
v -8.977905 12.305984 45.893925
v -8.977442 12.300746 45.894783
v -8.976999 12.295663 45.895618
v -8.976571 12.290704 45.896427
v -8.976154 12.285838 45.897221
v -8.975745 12.281036 45.898003
v -8.975340 12.276268 45.898781
v -8.974934 12.271502 45.899555
v -8.974523 12.266707 45.900337
v -8.974103 12.261853 45.901131
v -8.973670 12.256910 45.901943
v -8.973221 12.251847 45.902775
v -8.972751 12.246634 45.903637
v -9.013906 12.258506 45.884853
v -8.921890 12.214206 45.929104
v -8.923087 12.206231 45.929615
v -8.923216 12.199375 45.930435
v -8.922317 12.193519 45.931557
v -8.920428 12.188539 45.932983
v -8.917592 12.184313 45.934711
v -8.913848 12.180719 45.936737
v -8.909235 12.177638 45.939068
v -8.903793 12.174945 45.941692
v -8.897564 12.172519 45.944614
v -8.890586 12.170238 45.947834
v -8.882899 12.167982 45.951347
v -8.834247 12.154067 45.973534
v -8.797050 12.281973 45.972878
v -8.842847 12.295183 45.951977
v -8.844810 12.295749 45.951084
v -8.846717 12.296295 45.950211
v -8.848571 12.296821 45.949368
v -8.850372 12.297322 45.948547
v -8.852125 12.297799 45.947750
v -8.853832 12.298247 45.946980
v -8.855495 12.298666 45.946228
v -8.857118 12.299052 45.945496
v -8.858702 12.299404 45.944786
v -8.860249 12.299719 45.944099
v -8.861763 12.299996 45.943428
v -8.863246 12.300232 45.942776
v -8.868012 12.300707 45.940716
v -8.872407 12.300699 45.938869
v -8.876449 12.300200 45.937237
v -8.880157 12.299202 45.935810
v -8.883548 12.297697 45.934578
v -8.886642 12.295676 45.933537
v -8.889459 12.293134 45.932678
v -8.892015 12.290060 45.931995
v -8.894330 12.286448 45.931484
v -8.896422 12.282290 45.931133
v -8.898311 12.277576 45.930943
v -8.900014 12.272302 45.930897
v -8.900563 12.270308 45.930920
v -8.901041 12.268345 45.930969
v -8.901444 12.266414 45.931046
v -8.901769 12.264514 45.931152
v -8.902010 12.262647 45.931286
v -8.902165 12.260813 45.931454
v -8.902232 12.259012 45.931656
v -8.902205 12.257247 45.931892
v -8.902081 12.255516 45.932163
v -8.901857 12.253821 45.932472
v -8.901529 12.252163 45.932823
v -8.901093 12.250542 45.933212
v -8.903376 12.249413 45.932396
v -8.905485 12.248062 45.931683
v -8.907433 12.246496 45.931065
v -8.909229 12.244718 45.930538
v -8.910888 12.242734 45.930096
v -8.912418 12.240550 45.929729
v -8.913832 12.238171 45.929440
v -8.915141 12.235601 45.929214
v -8.916356 12.232847 45.929058
v -8.917489 12.229915 45.928955
v -8.918550 12.226809 45.928902
v -8.919553 12.223534 45.928898
v -8.919585 12.223424 45.928902
v -8.831211 12.238375 45.964085
v -8.832570 12.238760 45.963467
v -8.833927 12.239141 45.962849
v -8.835284 12.239521 45.962231
v -8.836641 12.239899 45.961613
v -8.838000 12.240275 45.960995
v -8.839360 12.240653 45.960377
v -8.840724 12.241033 45.959755
v -8.842092 12.241415 45.959133
v -8.843463 12.241800 45.958508
v -8.844841 12.242191 45.957882
v -8.846225 12.242588 45.957249
v -8.864583 12.247884 45.948872
v -8.866908 12.248579 45.947807
v -8.869046 12.249269 45.946823
v -8.871004 12.249954 45.945915
v -8.872789 12.250635 45.945080
v -8.874408 12.251313 45.944313
v -8.875867 12.251989 45.943615
v -8.877174 12.252663 45.942978
v -8.878337 12.253336 45.942406
v -8.879361 12.254009 45.941891
v -8.880254 12.254683 45.941429
v -8.881022 12.255358 45.941021
v -8.881675 12.256035 45.940662
v -8.882002 12.256457 45.940472
v -8.882285 12.256934 45.940292
v -8.882518 12.257476 45.940125
v -8.882696 12.258093 45.939972
v -8.882813 12.258798 45.939835
v -8.882865 12.259600 45.939709
v -8.882847 12.260511 45.939602
v -8.882753 12.261543 45.939510
v -8.882579 12.262705 45.939434
v -8.882319 12.264009 45.939377
v -8.881968 12.265467 45.939339
v -8.881522 12.267087 45.939320
v -8.880385 12.270590 45.939354
v -8.879160 12.273472 45.939499
v -8.877784 12.275764 45.939785
v -8.876198 12.277499 45.940231
v -8.874340 12.278711 45.940857
v -8.872151 12.279431 45.941685
v -8.869569 12.279693 45.942734
v -8.866533 12.279528 45.944027
v -8.862984 12.278970 45.945591
v -8.858858 12.278050 45.947437
v -8.854098 12.276803 45.949593
v -8.848640 12.275260 45.952080
v -8.821304 12.267374 45.964558
v -8.829851 12.237985 45.964706
v -8.899854 12.222027 45.937359
v -8.898530 12.225144 45.937519
v -8.897059 12.227604 45.937820
v -8.895383 12.229447 45.938290
v -8.893441 12.230716 45.938946
v -8.891173 12.231454 45.939800
v -8.888519 12.231703 45.940884
v -8.885419 12.231504 45.942211
v -8.881812 12.230901 45.943802
v -8.877638 12.229936 45.945675
v -8.872838 12.228650 45.947853
v -8.867351 12.227088 45.950356
v -8.835677 12.217951 45.964809
v -8.846880 12.179425 45.965008
v -8.850814 12.180624 45.963203
v -8.854733 12.181826 45.961407
v -8.858638 12.183029 45.959614
v -8.862535 12.184233 45.957829
v -8.866426 12.185433 45.956039
v -8.870314 12.186632 45.954258
v -8.874204 12.187826 45.952473
v -8.878098 12.189013 45.950687
v -8.882002 12.190194 45.948898
v -8.885917 12.191365 45.947105
v -8.889847 12.192526 45.945309
v -8.893796 12.193674 45.943508
v -8.895776 12.194634 45.942554
v -8.897547 12.195680 45.941677
v -8.899096 12.196843 45.940880
v -8.900413 12.198159 45.940159
v -8.901484 12.199658 45.939518
v -8.902298 12.201376 45.938957
v -8.902843 12.203344 45.938480
v -8.903109 12.205596 45.938084
v -8.903082 12.208164 45.937767
v -8.902750 12.211082 45.937534
v -8.902102 12.214382 45.937386
v -8.901125 12.218099 45.937325
v -8.901093 12.218209 45.937325
v -8.921890 12.214206 45.929104
v -8.906517 12.209547 45.892471
v -8.923087 12.206231 45.929615
v -8.907714 12.201571 45.892982
v -8.923216 12.199375 45.930435
v -8.907843 12.194716 45.893803
v -8.922317 12.193519 45.931557
v -8.906943 12.188860 45.894924
v -8.920428 12.188539 45.932983
v -8.905055 12.183879 45.896351
v -8.917592 12.184313 45.934711
v -8.902219 12.179653 45.898079
v -8.913848 12.180719 45.936737
v -8.898474 12.176061 45.900105
v -8.909235 12.177638 45.939068
v -8.893861 12.172978 45.902435
v -8.903793 12.174945 45.941692
v -8.888420 12.170285 45.905060
v -8.897564 12.172519 45.944614
v -8.882190 12.167860 45.907982
v -8.890586 12.170238 45.947834
v -8.875212 12.165580 45.911201
v -8.882899 12.167982 45.951347
v -8.867525 12.163322 45.914715
v -8.834247 12.154067 45.973534
v -8.818872 12.149407 45.936901
v -8.797050 12.281973 45.972878
v -8.781677 12.277313 45.936245
v -8.842847 12.295183 45.951977
v -8.827474 12.290524 45.915344
v -8.844810 12.295749 45.951084
v -8.829436 12.291090 45.914452
v -8.846717 12.296295 45.950211
v -8.831344 12.291636 45.913578
v -8.848571 12.296821 45.949368
v -8.833197 12.292162 45.912735
v -8.850372 12.297322 45.948547
v -8.834998 12.292664 45.911915
v -8.852125 12.297799 45.947750
v -8.836752 12.293139 45.911118
v -8.853832 12.298247 45.946980
v -8.838459 12.293589 45.910347
v -8.855495 12.298666 45.946228
v -8.840122 12.294006 45.909595
v -8.857118 12.299052 45.945496
v -8.841744 12.294393 45.908863
v -8.858702 12.299404 45.944786
v -8.843328 12.294744 45.908154
v -8.860249 12.299719 45.944099
v -8.844875 12.295060 45.907467
v -8.861763 12.299996 45.943428
v -8.846389 12.295337 45.906796
v -8.863246 12.300232 45.942776
v -8.847872 12.295573 45.906143
v -8.868012 12.300707 45.940716
v -8.852638 12.296048 45.904083
v -8.872407 12.300699 45.938869
v -8.857033 12.296041 45.902237
v -8.876449 12.300200 45.937237
v -8.861074 12.295541 45.900604
v -8.880157 12.299202 45.935810
v -8.864782 12.294543 45.899178
v -8.883548 12.297697 45.934578
v -8.868174 12.293037 45.897945
v -8.886642 12.295676 45.933537
v -8.871268 12.291018 45.896904
v -8.889459 12.293134 45.932678
v -8.874084 12.288474 45.896046
v -8.892015 12.290060 45.931995
v -8.876641 12.285401 45.895363
v -8.894330 12.286448 45.931484
v -8.878956 12.281789 45.894852
v -8.896422 12.282290 45.931133
v -8.881048 12.277631 45.894501
v -8.898311 12.277576 45.930943
v -8.882937 12.272918 45.894310
v -8.900014 12.272302 45.930897
v -8.884640 12.267643 45.894264
v -8.900563 12.270308 45.930920
v -8.885190 12.265649 45.894287
v -8.901041 12.268345 45.930969
v -8.885668 12.263686 45.894337
v -8.901444 12.266414 45.931046
v -8.886070 12.261754 45.894413
v -8.901769 12.264514 45.931152
v -8.886395 12.259854 45.894520
v -8.902010 12.262647 45.931286
v -8.886636 12.257988 45.894653
v -8.902165 12.260813 45.931454
v -8.886792 12.256154 45.894821
v -8.902232 12.259012 45.931656
v -8.886858 12.254354 45.895023
v -8.902205 12.257247 45.931892
v -8.886831 12.252588 45.895260
v -8.902081 12.255516 45.932163
v -8.886707 12.250857 45.895531
v -8.901857 12.253821 45.932472
v -8.886483 12.249163 45.895840
v -8.901529 12.252163 45.932823
v -8.886155 12.247504 45.896191
v -8.901093 12.250542 45.933212
v -8.885720 12.245882 45.896580
v -8.903376 12.249413 45.932396
v -8.888002 12.244754 45.895763
v -8.905485 12.248062 45.931683
v -8.890112 12.243403 45.895050
v -8.907433 12.246496 45.931065
v -8.892059 12.241837 45.894432
v -8.909229 12.244718 45.930538
v -8.893856 12.240059 45.893906
v -8.910888 12.242734 45.930096
v -8.895514 12.238075 45.893463
v -8.912418 12.240550 45.929729
v -8.897044 12.235890 45.893097
v -8.913832 12.238171 45.929440
v -8.898458 12.233511 45.892807
v -8.915141 12.235601 45.929214
v -8.899767 12.230942 45.892582
v -8.916356 12.232847 45.929058
v -8.900982 12.228189 45.892426
v -8.917489 12.229915 45.928955
v -8.902115 12.225256 45.892323
v -8.918550 12.226809 45.928902
v -8.903177 12.222150 45.892269
v -8.919553 12.223534 45.928898
v -8.904180 12.218875 45.892265
v -8.919585 12.223424 45.928902
v -8.904211 12.218764 45.892269
v -8.831211 12.238375 45.964085
v -8.815838 12.233715 45.927452
v -8.832570 12.238760 45.963467
v -8.817196 12.234100 45.926834
v -8.833927 12.239141 45.962849
v -8.818553 12.234483 45.926216
v -8.835284 12.239521 45.962231
v -8.819910 12.234861 45.925598
v -8.836641 12.239899 45.961613
v -8.821267 12.235239 45.924980
v -8.838000 12.240275 45.960995
v -8.822626 12.235617 45.924362
v -8.839360 12.240653 45.960377
v -8.823987 12.235994 45.923744
v -8.840724 12.241033 45.959755
v -8.825351 12.236373 45.923122
v -8.842092 12.241415 45.959133
v -8.826717 12.236755 45.922501
v -8.843463 12.241800 45.958508
v -8.828090 12.237142 45.921875
v -8.844841 12.242191 45.957882
v -8.829467 12.237533 45.921249
v -8.846225 12.242588 45.957249
v -8.830851 12.237929 45.920616
v -8.864583 12.247884 45.948872
v -8.849210 12.243225 45.912239
v -8.866908 12.248579 45.947807
v -8.851535 12.243920 45.911175
v -8.869046 12.249269 45.946823
v -8.853673 12.244610 45.910191
v -8.871004 12.249954 45.945915
v -8.855631 12.245296 45.909283
v -8.872789 12.250635 45.945080
v -8.857415 12.245976 45.908447
v -8.874408 12.251313 45.944313
v -8.859034 12.246655 45.907681
v -8.875867 12.251989 45.943615
v -8.860494 12.247330 45.906982
v -8.877174 12.252663 45.942978
v -8.861801 12.248004 45.906345
v -8.878337 12.253336 45.942406
v -8.862964 12.248677 45.905773
v -8.879361 12.254009 45.941891
v -8.863987 12.249350 45.905258
v -8.880254 12.254683 45.941429
v -8.864881 12.250024 45.904797
v -8.881022 12.255358 45.941021
v -8.865649 12.250699 45.904388
v -8.881675 12.256035 45.940662
v -8.866301 12.251376 45.904030
v -8.882002 12.256457 45.940472
v -8.866629 12.251799 45.903839
v -8.882285 12.256934 45.940292
v -8.866912 12.252275 45.903660
v -8.882518 12.257476 45.940125
v -8.867145 12.252816 45.903492
v -8.882696 12.258093 45.939972
v -8.867322 12.253434 45.903339
v -8.882813 12.258798 45.939835
v -8.867439 12.254139 45.903202
v -8.882865 12.259600 45.939709
v -8.867492 12.254941 45.903076
v -8.882847 12.260511 45.939602
v -8.867474 12.255853 45.902969
v -8.882753 12.261543 45.939510
v -8.867380 12.256884 45.902878
v -8.882579 12.262705 45.939434
v -8.867206 12.258046 45.902802
v -8.882319 12.264009 45.939377
v -8.866945 12.259350 45.902744
v -8.881968 12.265467 45.939339
v -8.866594 12.260807 45.902706
v -8.881522 12.267087 45.939320
v -8.866148 12.262427 45.902687
v -8.880385 12.270590 45.939354
v -8.865011 12.265931 45.902721
v -8.879160 12.273472 45.939499
v -8.863786 12.268812 45.902866
v -8.877784 12.275764 45.939785
v -8.862411 12.271105 45.903152
v -8.876198 12.277499 45.940231
v -8.860825 12.272840 45.903599
v -8.874340 12.278711 45.940857
v -8.858967 12.274052 45.904224
v -8.872151 12.279431 45.941685
v -8.856777 12.274773 45.905052
v -8.869569 12.279693 45.942734
v -8.854195 12.275034 45.906101
v -8.866533 12.279528 45.944027
v -8.851159 12.274869 45.907394
v -8.862984 12.278970 45.945591
v -8.847610 12.274311 45.908958
v -8.858858 12.278050 45.947437
v -8.843485 12.273392 45.910805
v -8.854098 12.276803 45.949593
v -8.838724 12.272144 45.912960
v -8.848640 12.275260 45.952080
v -8.833267 12.270600 45.915447
v -8.821304 12.267374 45.964558
v -8.805930 12.262715 45.927925
v -8.829851 12.237985 45.964706
v -8.814477 12.233325 45.928074
v -8.899854 12.222027 45.937359
v -8.884480 12.217368 45.900726
v -8.898530 12.225144 45.937519
v -8.883156 12.220486 45.900887
v -8.897059 12.227604 45.937820
v -8.881685 12.222945 45.901188
v -8.895383 12.229447 45.938290
v -8.880010 12.224788 45.901657
v -8.893441 12.230716 45.938946
v -8.878068 12.226057 45.902313
v -8.891173 12.231454 45.939800
v -8.875800 12.226795 45.903168
v -8.888519 12.231703 45.940884
v -8.873145 12.227043 45.904251
v -8.885419 12.231504 45.942211
v -8.870045 12.226845 45.905579
v -8.881812 12.230901 45.943802
v -8.866438 12.226242 45.907169
v -8.877638 12.229936 45.945675
v -8.862265 12.225277 45.909042
v -8.872838 12.228650 45.947853
v -8.857464 12.223991 45.911221
v -8.867351 12.227088 45.950356
v -8.851977 12.222428 45.913723
v -8.835677 12.217951 45.964809
v -8.820303 12.213292 45.928177
v -8.846880 12.179425 45.965008
v -8.831507 12.174766 45.928375
v -8.850814 12.180624 45.963203
v -8.835441 12.175965 45.926571
v -8.854733 12.181826 45.961407
v -8.839358 12.177167 45.924774
v -8.858638 12.183029 45.959614
v -8.843265 12.178370 45.922981
v -8.862535 12.184233 45.957829
v -8.847160 12.179573 45.921196
v -8.866426 12.185433 45.956039
v -8.851051 12.180775 45.919407
v -8.870314 12.186632 45.954258
v -8.854940 12.181973 45.917625
v -8.874204 12.187826 45.952473
v -8.858830 12.183167 45.915840
v -8.878098 12.189013 45.950687
v -8.862725 12.184355 45.914055
v -8.882002 12.190194 45.948898
v -8.866629 12.185534 45.912266
v -8.885917 12.191365 45.947105
v -8.870543 12.186706 45.910473
v -8.889847 12.192526 45.945309
v -8.874474 12.187866 45.908676
v -8.893796 12.193674 45.943508
v -8.878422 12.189015 45.906876
v -8.895776 12.194634 45.942554
v -8.880403 12.189975 45.905922
v -8.897547 12.195680 45.941677
v -8.882173 12.191020 45.905045
v -8.899096 12.196843 45.940880
v -8.883722 12.192184 45.904247
v -8.900413 12.198159 45.940159
v -8.885038 12.193500 45.903526
v -8.901484 12.199658 45.939518
v -8.886110 12.195000 45.902885
v -8.902298 12.201376 45.938957
v -8.886925 12.196717 45.902325
v -8.902843 12.203344 45.938480
v -8.887470 12.198685 45.901848
v -8.903109 12.205596 45.938084
v -8.887735 12.200936 45.901451
v -8.903082 12.208164 45.937767
v -8.887708 12.203505 45.901134
v -8.902750 12.211082 45.937534
v -8.887376 12.206423 45.900902
v -8.902102 12.214382 45.937386
v -8.886727 12.209723 45.900753
v -8.901125 12.218099 45.937325
v -8.885752 12.213440 45.900692
v -8.901093 12.218209 45.937325
v -8.885719 12.213550 45.900692
v -8.971144 12.224338 45.907146
v -8.955770 12.219678 45.870514
v -8.970913 12.221792 45.907566
v -8.955539 12.217133 45.870934
v -8.970674 12.219187 45.907997
v -8.955299 12.214527 45.871365
v -8.970428 12.216535 45.908440
v -8.955055 12.211875 45.871807
v -8.970181 12.213848 45.908882
v -8.954807 12.209188 45.872250
v -8.969934 12.211140 45.909332
v -8.954560 12.206481 45.872700
v -8.969690 12.208423 45.909779
v -8.954316 12.203764 45.873146
v -8.969452 12.205710 45.910225
v -8.954078 12.201051 45.873592
v -8.969221 12.203014 45.910664
v -8.953848 12.198356 45.874031
v -8.969003 12.200348 45.911095
v -8.953629 12.195689 45.874462
v -8.968798 12.197724 45.911514
v -8.953424 12.193066 45.874882
v -8.968609 12.195156 45.911922
v -8.953235 12.190497 45.875290
v -8.968439 12.192657 45.912312
v -8.953066 12.187998 45.875679
v -8.948265 12.186837 45.921516
v -8.932891 12.182178 45.884884
v -8.960327 12.328833 45.898396
v -8.944954 12.324173 45.861763
v -8.980502 12.334652 45.889187
v -8.965128 12.329993 45.852554
v -9.066892 12.221056 45.867382
v -9.051517 12.216396 45.830750
v -9.046818 12.215265 45.876541
v -9.031444 12.210607 45.839909
v -9.027633 12.240632 45.881367
v -9.012259 12.235972 45.844734
v -9.010747 12.262700 45.885647
v -8.995374 12.258040 45.849014
v -9.007673 12.266768 45.886417
v -8.992300 12.262110 45.849785
v -9.004668 12.270738 45.887177
v -8.989294 12.266078 45.850544
v -9.001715 12.274631 45.887920
v -8.986341 12.269971 45.851288
v -8.998796 12.278472 45.888657
v -8.983421 12.273812 45.852024
v -8.995893 12.282287 45.889389
v -8.980520 12.277628 45.852757
v -8.992993 12.286099 45.890121
v -8.977619 12.281440 45.853489
v -8.990076 12.289934 45.890858
v -8.974703 12.285275 45.854225
v -8.987126 12.293815 45.891602
v -8.971752 12.289156 45.854969
v -8.984125 12.297768 45.892357
v -8.968752 12.293109 45.855724
v -8.981057 12.301816 45.893131
v -8.965684 12.297157 45.856499
v -8.977905 12.305984 45.893925
v -8.962531 12.301326 45.857292
v -8.977442 12.300746 45.894783
v -8.962069 12.296087 45.858150
v -8.976999 12.295663 45.895618
v -8.961625 12.291003 45.858986
v -8.976571 12.290704 45.896427
v -8.961198 12.286044 45.859795
v -8.976154 12.285838 45.897221
v -8.960781 12.281179 45.860588
v -8.975745 12.281036 45.898003
v -8.960372 12.276378 45.861370
v -8.975340 12.276268 45.898781
v -8.959966 12.271609 45.862148
v -8.974934 12.271502 45.899555
v -8.959559 12.266843 45.862923
v -8.974523 12.266707 45.900337
v -8.959148 12.262048 45.863705
v -8.974103 12.261853 45.901131
v -8.958729 12.257195 45.864498
v -8.973670 12.256910 45.901943
v -8.958296 12.252252 45.865311
v -8.973221 12.251847 45.902775
v -8.957847 12.247189 45.866142
v -8.972751 12.246634 45.903637
v -8.957377 12.241975 45.867004
v -9.013906 12.258506 45.884853
v -8.998533 12.253847 45.848221
v -9.174860 12.262222 45.816833
v -9.159487 12.257563 45.780201
v -9.170868 12.259166 45.818897
v -9.155494 12.254506 45.782265
v -9.166947 12.256315 45.820904
v -9.151573 12.251657 45.784271
v -9.163100 12.253668 45.822857
v -9.147726 12.249008 45.786224
v -9.159328 12.251219 45.824753
v -9.143953 12.246560 45.788120
v -9.155629 12.248966 45.826588
v -9.140256 12.244308 45.789955
v -9.152008 12.246905 45.828373
v -9.136634 12.242247 45.791740
v -9.148463 12.245034 45.830097
v -9.133090 12.240375 45.793465
v -9.144998 12.243347 45.831764
v -9.129623 12.238688 45.795132
v -9.141610 12.241843 45.833378
v -9.126237 12.237184 45.796745
v -9.138304 12.240517 45.834934
v -9.122931 12.235858 45.798302
v -9.135078 12.239366 45.836433
v -9.119704 12.234707 45.799801
v -9.131935 12.238386 45.837879
v -9.116561 12.233727 45.801247
v -9.125091 12.236748 45.840961
v -9.109716 12.232088 45.804329
v -9.118405 12.235806 45.843884
v -9.103031 12.231147 45.807251
v -9.111922 12.235546 45.846638
v -9.096549 12.230886 45.810005
v -9.105687 12.235950 45.849205
v -9.090313 12.231290 45.812572
v -9.099741 12.237000 45.851566
v -9.084367 12.232341 45.814934
v -9.094129 12.238681 45.853706
v -9.078755 12.234022 45.817074
v -9.088894 12.240975 45.855614
v -9.073521 12.236316 45.818981
v -9.084081 12.243866 45.857265
v -9.068707 12.239207 45.820633
v -9.079732 12.247336 45.858650
v -9.064358 12.242678 45.822018
v -9.075891 12.251370 45.859749
v -9.060517 12.246711 45.823116
v -9.072602 12.255950 45.860546
v -9.057229 12.251291 45.823914
v -9.069909 12.261059 45.861027
v -9.054536 12.256400 45.824394
v -9.069611 12.261801 45.861057
v -9.054237 12.257142 45.824425
v -9.069148 12.262942 45.861107
v -9.053774 12.258283 45.824474
v -9.068538 12.264461 45.861168
v -9.053164 12.259802 45.824535
v -9.067796 12.266335 45.861240
v -9.052422 12.261676 45.824608
v -9.066940 12.268545 45.861320
v -9.051566 12.263885 45.824688
v -9.065988 12.271068 45.861401
v -9.050613 12.266409 45.824768
v -9.064954 12.273884 45.861473
v -9.049580 12.269224 45.824841
v -9.063856 12.276971 45.861542
v -9.048483 12.272311 45.824909
v -9.062713 12.280308 45.861599
v -9.047338 12.275648 45.824966
v -9.061539 12.283873 45.861637
v -9.046165 12.279214 45.825005
v -9.060351 12.287646 45.861656
v -9.044977 12.282987 45.825024
v -9.059168 12.291605 45.861649
v -9.043794 12.286946 45.825016
v -9.058544 12.293787 45.861633
v -9.043171 12.289128 45.825001
v -9.057926 12.296032 45.861607
v -9.042553 12.291373 45.824974
v -9.057318 12.298329 45.861568
v -9.041945 12.293670 45.824936
v -9.056723 12.300666 45.861523
v -9.041349 12.296006 45.824890
v -9.056146 12.303030 45.861465
v -9.040771 12.298371 45.824833
v -9.055590 12.305412 45.861393
v -9.040216 12.300753 45.824760
v -9.055059 12.307798 45.861313
v -9.039686 12.303140 45.824680
v -9.054560 12.310179 45.861221
v -9.039186 12.305519 45.824589
v -9.054094 12.312540 45.861115
v -9.038721 12.307880 45.824482
v -9.053667 12.314872 45.861000
v -9.038293 12.310212 45.824368
v -9.053282 12.317162 45.860870
v -9.037909 12.312502 45.824238
v -9.052944 12.319398 45.860725
v -9.037570 12.314739 45.824093
v -9.052516 12.325101 45.860180
v -9.037143 12.320442 45.823547
v -9.052869 12.330672 45.859325
v -9.037495 12.326014 45.822693
v -9.053974 12.336076 45.858173
v -9.038600 12.331417 45.821541
v -9.055807 12.341275 45.856743
v -9.040433 12.336616 45.820110
v -9.058339 12.346233 45.855049
v -9.042966 12.341575 45.818417
v -9.061545 12.350916 45.853107
v -9.046171 12.346256 45.816475
v -9.065398 12.355285 45.850937
v -9.050025 12.350626 45.814304
v -9.069871 12.359304 45.848545
v -9.054498 12.354646 45.811913
v -9.074938 12.362938 45.845959
v -9.059565 12.358279 45.809326
v -9.080571 12.366151 45.843185
v -9.065198 12.361491 45.806553
v -9.086745 12.368905 45.840244
v -9.071371 12.364245 45.803612
v -9.093432 12.371164 45.837151
v -9.078058 12.366506 45.800518
v -9.096591 12.372004 45.835716
v -9.081218 12.367344 45.799084
v -9.099916 12.372742 45.834229
v -9.084542 12.368082 45.797596
v -9.103406 12.373376 45.832684
v -9.088033 12.368717 45.796051
v -9.107063 12.373903 45.831081
v -9.091690 12.369245 45.794449
v -9.110888 12.374320 45.829422
v -9.095514 12.369661 45.792789
v -9.114882 12.374622 45.827709
v -9.099507 12.369964 45.791077
v -9.119042 12.374807 45.825939
v -9.103669 12.370148 45.789307
v -9.123373 12.374870 45.824112
v -9.108000 12.370211 45.787479
v -9.127873 12.374808 45.822231
v -9.112500 12.370149 45.785599
v -9.132545 12.374618 45.820297
v -9.117171 12.369958 45.783665
v -9.137388 12.374295 45.818306
v -9.122014 12.369636 45.781673
v -9.142403 12.373837 45.816257
v -9.127028 12.369178 45.779625
v -9.141755 12.353129 45.819164
v -9.126381 12.348470 45.782532
v -9.137210 12.353521 45.821022
v -9.121837 12.348863 45.784389
v -9.132856 12.353799 45.822815
v -9.117483 12.349140 45.786182
v -9.128692 12.353966 45.824539
v -9.113318 12.349306 45.787907
v -9.124714 12.354024 45.826202
v -9.109340 12.349365 45.789570
v -9.120919 12.353978 45.827801
v -9.105545 12.349319 45.791168
v -9.117306 12.353831 45.829334
v -9.101932 12.349173 45.792702
v -9.113871 12.353587 45.830807
v -9.098497 12.348928 45.794174
v -9.110612 12.353249 45.832218
v -9.095239 12.348590 45.795586
v -9.107528 12.352819 45.833569
v -9.092154 12.348160 45.796936
v -9.104613 12.352303 45.834858
v -9.089240 12.347644 45.798225
v -9.101869 12.351702 45.836086
v -9.086495 12.347043 45.799454
v -9.099290 12.351021 45.837254
v -9.083916 12.346362 45.800621
v -9.094575 12.349464 45.839432
v -9.079202 12.344805 45.802799
v -9.090314 12.347662 45.841450
v -9.074940 12.343002 45.804817
v -9.086503 12.345640 45.843304
v -9.071129 12.340981 45.806671
v -9.083139 12.343424 45.844997
v -9.067765 12.338764 45.808365
v -9.080219 12.341039 45.846527
v -9.064845 12.336380 45.809895
v -9.077740 12.338511 45.847889
v -9.062366 12.333852 45.811256
v -9.075698 12.335866 45.849083
v -9.060324 12.331207 45.812450
v -9.074090 12.333129 45.850105
v -9.058716 12.328470 45.813473
v -9.072912 12.330326 45.850956
v -9.057539 12.325666 45.814323
v -9.072163 12.327481 45.851631
v -9.056789 12.322823 45.814999
v -9.071837 12.324622 45.852131
v -9.056464 12.319963 45.815498
v -9.071934 12.321774 45.852455
v -9.056560 12.317115 45.815823
v -9.072302 12.319684 45.852566
v -9.056929 12.315025 45.815933
v -9.072693 12.317570 45.852669
v -9.057319 12.312911 45.816036
v -9.073104 12.315439 45.852768
v -9.057730 12.310781 45.816135
v -9.073535 12.313301 45.852859
v -9.058161 12.308641 45.816227
v -9.073983 12.311163 45.852943
v -9.058610 12.306503 45.816311
v -9.074450 12.309032 45.853020
v -9.059075 12.304374 45.816387
v -9.074931 12.306920 45.853085
v -9.059557 12.302260 45.816452
v -9.075426 12.304832 45.853142
v -9.060053 12.300173 45.816509
v -9.075935 12.302778 45.853191
v -9.060561 12.298120 45.816559
v -9.076455 12.300766 45.853230
v -9.061082 12.296107 45.816597
v -9.076986 12.298804 45.853256
v -9.061613 12.294146 45.816624
v -9.077526 12.296901 45.853271
v -9.062153 12.292242 45.816639
v -9.078529 12.293541 45.853275
v -9.063156 12.288881 45.816643
v -9.079546 12.290298 45.853264
v -9.064172 12.285638 45.816631
v -9.080561 12.287191 45.853233
v -9.065187 12.282532 45.816601
v -9.081560 12.284243 45.853188
v -9.066186 12.279583 45.816555
v -9.082531 12.281471 45.853134
v -9.067157 12.276812 45.816502
v -9.083459 12.278896 45.853069
v -9.068086 12.274238 45.816437
v -9.084332 12.276540 45.853004
v -9.068957 12.271881 45.816372
v -9.085133 12.274421 45.852936
v -9.069759 12.269761 45.816303
v -9.085851 12.272558 45.852875
v -9.070477 12.267900 45.816242
v -9.086471 12.270974 45.852814
v -9.071096 12.266315 45.816181
v -9.086979 12.269688 45.852764
v -9.071606 12.265028 45.816132
v -9.087362 12.268718 45.852726
v -9.071988 12.264059 45.816093
v -9.088869 12.266327 45.852398
v -9.073496 12.261667 45.815765
v -9.090736 12.264132 45.851894
v -9.075363 12.259474 45.815262
v -9.092949 12.262161 45.851215
v -9.077575 12.257502 45.814583
v -9.095492 12.260436 45.850368
v -9.080118 12.255777 45.813736
v -9.098353 12.258984 45.849354
v -9.082979 12.254325 45.812721
v -9.101517 12.257828 45.848171
v -9.086143 12.253169 45.811539
v -9.104970 12.256994 45.846828
v -9.089596 12.252336 45.810196
v -9.108698 12.256508 45.845325
v -9.093324 12.251849 45.808693
v -9.112686 12.256393 45.843666
v -9.097313 12.251735 45.807034
v -9.116922 12.256676 45.841854
v -9.101548 12.252016 45.805222
v -9.121390 12.257380 45.839890
v -9.106017 12.252720 45.803257
v -9.126078 12.258530 45.837776
v -9.110703 12.253871 45.801144
v -9.128649 12.259336 45.836594
v -9.113276 12.254678 45.799961
v -9.131319 12.260304 45.835350
v -9.115946 12.255645 45.798717
v -9.134087 12.261435 45.834045
v -9.118713 12.256776 45.797413
v -9.136951 12.262732 45.832676
v -9.121577 12.258072 45.796043
v -9.139911 12.264196 45.831249
v -9.124537 12.259537 45.794617
v -9.142964 12.265832 45.829758
v -9.127590 12.261173 45.793125
v -9.146111 12.267641 45.828209
v -9.130737 12.262982 45.791576
v -9.149350 12.269627 45.826595
v -9.133976 12.264967 45.789963
v -9.152679 12.271791 45.824924
v -9.137305 12.267131 45.788292
v -9.156098 12.274136 45.823193
v -9.140725 12.269476 45.786560
v -9.159606 12.276665 45.821396
v -9.144233 12.272005 45.784763
v -9.163201 12.279380 45.819542
v -9.147827 12.274720 45.782909
v -9.289619 12.285303 45.765736
v -9.274245 12.280644 45.729103
v -9.271058 12.279949 45.774208
v -9.255685 12.275290 45.737576
v -9.256814 12.328932 45.773956
v -9.241440 12.324273 45.737324
v -9.256126 12.330645 45.774025
v -9.240752 12.325985 45.737392
v -9.255203 12.332221 45.774212
v -9.239830 12.327561 45.737579
v -9.254046 12.333642 45.774517
v -9.238673 12.328983 45.737885
v -9.252656 12.334891 45.774940
v -9.237282 12.330232 45.738308
v -9.251030 12.335948 45.775490
v -9.235657 12.331288 45.738857
v -9.249170 12.336794 45.776161
v -9.233797 12.332134 45.739529
v -9.247077 12.337411 45.776962
v -9.231703 12.332752 45.740330
v -9.244749 12.337780 45.777893
v -9.229375 12.333121 45.741261
v -9.242188 12.337883 45.778954
v -9.226814 12.333224 45.742321
v -9.239392 12.337702 45.780151
v -9.224018 12.333042 45.743519
v -9.236363 12.337216 45.781483
v -9.220989 12.332557 45.744850
v -9.233101 12.336409 45.782955
v -9.217727 12.331750 45.746323
v -9.230607 12.335610 45.784103
v -9.215233 12.330952 45.747471
v -9.228022 12.334623 45.785313
v -9.212648 12.329965 45.748680
v -9.225352 12.333441 45.786583
v -9.209978 12.328782 45.749950
v -9.222603 12.332055 45.787914
v -9.207230 12.327395 45.751282
v -9.219782 12.330460 45.789303
v -9.204409 12.325800 45.752670
v -9.216894 12.328647 45.790745
v -9.201520 12.323988 45.754112
v -9.213946 12.326611 45.792240
v -9.198572 12.321951 45.755608
v -9.210944 12.324344 45.793789
v -9.195570 12.319685 45.757156
v -9.207894 12.321839 45.795387
v -9.192520 12.317181 45.758755
v -9.204803 12.319091 45.797035
v -9.189428 12.314431 45.760403
v -9.201675 12.316091 45.798729
v -9.186302 12.311432 45.762096
v -9.198519 12.312832 45.800468
v -9.183146 12.308173 45.763836
v -9.212955 12.263189 45.800724
v -9.197582 12.258530 45.764091
v -9.194496 12.257864 45.809147
v -9.179122 12.253205 45.772514
v -9.157364 12.385550 45.808491
v -9.141991 12.380891 45.771858
v -9.175824 12.390875 45.800064
v -9.160450 12.386215 45.763432
v -9.191989 12.335287 45.800350
v -9.176616 12.330628 45.763718
v -9.193704 12.336801 45.799438
v -9.178329 12.332142 45.762806
v -9.195422 12.338266 45.798531
v -9.180048 12.333608 45.761898
v -9.197145 12.339684 45.797630
v -9.181770 12.335025 45.760998
v -9.198869 12.341054 45.796730
v -9.183495 12.336395 45.760098
v -9.200595 12.342377 45.795837
v -9.185221 12.337717 45.759205
v -9.202322 12.343652 45.794952
v -9.186948 12.338992 45.758320
v -9.204048 12.344879 45.794071
v -9.188675 12.340220 45.757439
v -9.205775 12.346060 45.793198
v -9.190401 12.341401 45.756565
v -9.207500 12.347194 45.792328
v -9.192126 12.342535 45.755695
v -9.209222 12.348281 45.791466
v -9.193849 12.343622 45.754833
v -9.210941 12.349322 45.790611
v -9.195567 12.344663 45.753979
v -9.212656 12.350316 45.789768
v -9.197283 12.345657 45.753136
v -9.213028 12.350543 45.789581
v -9.197654 12.345883 45.752949
v -9.218510 12.353497 45.786907
v -9.203136 12.348838 45.750275
v -9.223240 12.356656 45.784519
v -9.207866 12.351997 45.747887
v -9.227241 12.360032 45.782410
v -9.211867 12.355372 45.745777
v -9.230536 12.363635 45.780567
v -9.215162 12.358976 45.743935
v -9.233150 12.367478 45.778984
v -9.217777 12.362820 45.742352
v -9.235107 12.371572 45.777641
v -9.219733 12.366913 45.741009
v -9.236429 12.375927 45.776531
v -9.221056 12.371268 45.739899
v -9.237141 12.380555 45.775646
v -9.221767 12.375896 45.739014
v -9.237266 12.385469 45.774967
v -9.221891 12.380810 45.738335
v -9.236827 12.390678 45.774490
v -9.221453 12.386020 45.737858
v -9.235848 12.396195 45.774197
v -9.220474 12.391537 45.737564
v -9.234354 12.402031 45.774082
v -9.218980 12.397372 45.737450
v -9.232754 12.407535 45.774055
v -9.217380 12.402876 45.737423
v -9.251011 12.412802 45.765724
v -9.235638 12.408142 45.729092
v -9.252612 12.407298 45.765751
v -9.237238 12.402638 45.729118
v -9.253781 12.402920 45.765816
v -9.238408 12.398261 45.729183
v -9.254742 12.398546 45.765972
v -9.239367 12.393887 45.729340
v -9.255483 12.394188 45.766212
v -9.240109 12.389528 45.729580
v -9.255999 12.389857 45.766548
v -9.240625 12.385199 45.729916
v -9.256282 12.385568 45.766975
v -9.240908 12.380909 45.730343
v -9.256323 12.381330 45.767498
v -9.240950 12.376671 45.730865
v -9.256115 12.377158 45.768112
v -9.240742 12.372499 45.731483
v -9.255651 12.373063 45.768829
v -9.240277 12.368403 45.732197
v -9.254923 12.369057 45.769646
v -9.239549 12.364398 45.733013
v -9.253922 12.365153 45.770561
v -9.238548 12.360494 45.733929
v -9.252641 12.361363 45.771580
v -9.237267 12.356704 45.734947
v -9.251072 12.357699 45.772705
v -9.235699 12.353040 45.736073
v -9.251544 12.357567 45.772526
v -9.236170 12.352907 45.735893
v -9.252008 12.357430 45.772346
v -9.236635 12.352772 45.735714
v -9.252467 12.357290 45.772171
v -9.237094 12.352632 45.735538
v -9.252922 12.357145 45.771999
v -9.237548 12.352487 45.735367
v -9.253374 12.356995 45.771828
v -9.238000 12.352336 45.735195
v -9.253824 12.356837 45.771660
v -9.238450 12.352179 45.735027
v -9.254274 12.356672 45.771492
v -9.238900 12.352014 45.734859
v -9.254725 12.356500 45.771324
v -9.239352 12.351840 45.734692
v -9.255179 12.356317 45.771156
v -9.239806 12.351658 45.734524
v -9.255638 12.356125 45.770988
v -9.240264 12.351465 45.734356
v -9.256102 12.355922 45.770821
v -9.240727 12.351262 45.734188
v -9.256572 12.355706 45.770649
v -9.241199 12.351048 45.734016
v -9.258761 12.354716 45.769859
v -9.243387 12.350057 45.733227
v -9.260859 12.353564 45.769123
v -9.245486 12.348905 45.732491
v -9.262861 12.352256 45.768452
v -9.247487 12.347597 45.731819
v -9.264758 12.350799 45.767841
v -9.249384 12.346140 45.731209
v -9.266542 12.349198 45.767296
v -9.251169 12.344539 45.730663
v -9.268209 12.347461 45.766815
v -9.252835 12.342801 45.730183
v -9.269749 12.345592 45.766407
v -9.254375 12.340933 45.729774
v -9.271156 12.343599 45.766071
v -9.255782 12.338940 45.729439
v -9.272423 12.341488 45.765808
v -9.257049 12.336828 45.729176
v -9.273542 12.339264 45.765621
v -9.258168 12.334605 45.728989
v -9.274508 12.336935 45.765511
v -9.259133 12.332276 45.728878
v -9.275311 12.334506 45.765484
v -9.259937 12.329847 45.728851
vn 0.3843 -0.1165 -0.9158
vn 0.3844 -0.1165 -0.9158
vn -0.3843 0.1165 0.9158
vn -0.3844 0.1165 0.9158
vn -0.9022 0.1628 -0.3993
vn -0.9194 0.0415 -0.3911
vn -0.9209 -0.1188 -0.3714
vn -0.8895 -0.3124 -0.3336
vn -0.8127 -0.5132 -0.2758
vn -0.6990 -0.6848 -0.2062
vn -0.5755 -0.8059 -0.1390
vn -0.4675 -0.8800 -0.0843
vn -0.3854 -0.9217 -0.0445
vn -0.3293 -0.9440 -0.0181
vn -0.2952 -0.9554 -0.0024
vn -0.2802 -0.9599 0.0045
vn 0.4256 -0.8579 0.2877
vn 0.8197 0.4995 0.2805
vn 0.2791 0.9602 -0.0050
vn 0.2785 0.9604 -0.0053
vn 0.2767 0.9609 -0.0061
vn 0.2737 0.9618 -0.0075
vn 0.2692 0.9630 -0.0095
vn 0.2633 0.9646 -0.0122
vn 0.2556 0.9666 -0.0157
vn 0.2462 0.9690 -0.0199
vn 0.2349 0.9717 -0.0250
vn 0.2215 0.9747 -0.0310
vn 0.2059 0.9778 -0.0380
vn 0.1879 0.9811 -0.0459
vn 0.1540 0.9862 -0.0608
vn 0.0866 0.9922 -0.0898
vn -0.0087 0.9915 -0.1297
vn -0.1220 0.9769 -0.1754
vn -0.2499 0.9418 -0.2247
vn -0.3843 0.8818 -0.2734
vn -0.5132 0.7976 -0.3168
vn -0.6255 0.6968 -0.3511
vn -0.7147 0.5904 -0.3750
vn -0.7807 0.4885 -0.3898
vn -0.8270 0.3975 -0.3976
vn -0.8584 0.3199 -0.4009
vn -0.8776 0.2618 -0.4016
vn -0.8884 0.2232 -0.4012
vn -0.8965 0.1896 -0.4004
vn -0.9043 0.1524 -0.3989
vn -0.9112 0.1112 -0.3966
vn -0.9171 0.0659 -0.3933
vn -0.9212 0.0165 -0.3887
vn -0.9231 -0.0370 -0.3827
vn -0.9222 -0.0944 -0.3750
vn -0.9178 -0.1554 -0.3654
vn -0.9093 -0.2192 -0.3537
vn -0.8962 -0.2851 -0.3399
vn -0.8306 0.3894 -0.3981
vn -0.3976 0.8744 -0.2781
vn -0.4869 0.8173 -0.3083
vn -0.5688 0.7515 -0.3343
vn -0.6406 0.6807 -0.3554
vn -0.7009 0.6089 -0.3716
vn -0.7497 0.5395 -0.3833
vn -0.7882 0.4750 -0.3912
vn -0.8179 0.4170 -0.3963
vn -0.8405 0.3661 -0.3993
vn -0.8576 0.3223 -0.4009
vn -0.8703 0.2854 -0.4015
vn -0.8778 0.2612 -0.4016
vn -0.8855 0.2339 -0.4014
vn 0.2768 0.9609 -0.0060
vn 0.2748 0.9615 -0.0070
vn 0.2732 0.9619 -0.0077
vn 0.2720 0.9623 -0.0082
vn 0.2713 0.9624 -0.0085
vn 0.2711 0.9625 -0.0086
vn 0.2714 0.9624 -0.0085
vn 0.2721 0.9622 -0.0082
vn 0.2786 0.9604 -0.0052
vn 0.2832 0.9591 -0.0031
vn 0.2957 0.9553 0.0026
vn 0.3141 0.9493 0.0111
vn 0.3349 0.9420 0.0207
vn 0.3584 0.9330 0.0317
vn 0.3851 0.9218 0.0444
vn 0.4154 0.9077 0.0589
vn 0.4497 0.8900 0.0756
vn 0.4885 0.8674 0.0947
vn 0.5318 0.8388 0.1165
vn 0.5798 0.8024 0.1413
vn 0.6318 0.7565 0.1689
vn 0.6901 0.6952 0.2012
vn 0.7541 0.6119 0.2386
vn 0.8149 0.5090 0.2772
vn 0.8640 0.3949 0.3124
vn 0.8977 0.2788 0.3413
vn 0.9163 0.1695 0.3630
vn 0.9229 0.0723 0.3781
vn 0.9215 -0.0108 0.3881
vn 0.9155 -0.0799 0.3944
vn 0.9071 -0.1369 0.3981
vn 0.8979 -0.1835 0.4002
vn 0.8887 -0.2218 0.4012
vn 0.8774 -0.2625 0.4016
vn 0.8542 -0.3314 0.4006
vn 0.8046 -0.4441 0.3942
vn 0.7096 -0.5974 0.3738
vn 0.5510 -0.7670 0.3288
vn 0.3428 -0.9031 0.2587
vn 0.1366 -0.9739 0.1812
vn -0.0248 -0.9930 0.1159
vn -0.1342 -0.9885 0.0694
vn -0.2031 -0.9784 0.0392
vn -0.2443 -0.9695 0.0208
vn -0.2672 -0.9636 0.0104
vn -0.2771 -0.9608 0.0059
vn -0.8197 -0.4995 -0.2805
vn -0.4254 0.8581 -0.2877
vn 0.8543 -0.3313 0.4006
vn 0.8051 -0.4431 0.3942
vn 0.7108 -0.5956 0.3741
vn 0.5522 -0.7659 0.3292
vn 0.3418 -0.9035 0.2584
vn 0.1319 -0.9749 0.1794
vn -0.0322 -0.9931 0.1128
vn -0.1424 -0.9876 0.0659
vn -0.2104 -0.9769 0.0359
vn -0.2498 -0.9681 0.0183
vn -0.2701 -0.9628 0.0091
vn -0.2779 -0.9606 0.0056
vn -0.4191 0.8619 -0.2855
vn 0.2920 0.9564 0.0009
vn 0.2932 0.9560 0.0015
vn 0.2940 0.9558 0.0018
vn 0.2942 0.9557 0.0019
vn 0.2933 0.9560 0.0015
vn 0.2921 0.9564 0.0010
vn 0.2905 0.9569 0.0002
vn 0.2883 0.9575 -0.0008
vn 0.2857 0.9583 -0.0020
vn 0.2827 0.9592 -0.0034
vn 0.3480 0.9371 0.0269
vn 0.4438 0.8932 0.0726
vn 0.5142 0.8509 0.1076
vn 0.6007 0.7849 0.1523
vn 0.6962 0.6881 0.2047
vn 0.7874 0.5592 0.2594
vn 0.8595 0.4071 0.3089
vn 0.9038 0.2498 0.3475
vn 0.9217 0.1047 0.3735
vn 0.9211 -0.0179 0.3889
vn 0.9105 -0.1163 0.3969
vn 0.8957 -0.1930 0.4005
vn 0.8838 -0.2401 0.4015
vn 0.8751 -0.2699 0.4016
vn -0.7177 -0.6616 -0.2171
vn -0.9188 -0.1448 -0.3672
vn -0.9187 -0.1455 -0.3671
vn -0.9188 -0.1450 -0.3672
vn -0.9189 -0.1439 -0.3673
vn -0.9190 -0.1422 -0.3676
vn -0.9193 -0.1398 -0.3680
vn -0.9195 -0.1368 -0.3685
vn -0.9198 -0.1331 -0.3691
vn -0.9202 -0.1286 -0.3698
vn -0.9206 -0.1231 -0.3707
vn -0.7248 -0.6525 -0.2212
vn 0.5784 -0.7428 0.3372
vn 0.7195 0.6593 0.2181
vn -0.2544 0.9402 -0.2263
vn -0.8874 -0.3200 -0.3317
vn 0.2557 -0.9398 0.2268
vn 0.7055 -0.6028 0.3727
vn 0.7047 -0.6039 0.3725
vn 0.7040 -0.6047 0.3724
vn 0.7035 -0.6054 0.3722
vn 0.7031 -0.6059 0.3721
vn 0.7029 -0.6062 0.3721
vn 0.7030 -0.6060 0.3721
vn 0.7033 -0.6056 0.3722
vn 0.7038 -0.6050 0.3723
vn 0.7044 -0.6042 0.3725
vn -0.2764 -0.9610 0.0062
vn -0.9192 -0.1410 -0.3678
vn -0.9192 -0.1399 -0.3680
vn -0.9193 -0.1391 -0.3681
vn -0.9194 -0.1385 -0.3682
vn -0.9194 -0.1383 -0.3683
vn -0.9194 -0.1386 -0.3682
vn -0.9193 -0.1393 -0.3681
vn -0.9192 -0.1402 -0.3679
vn -0.9191 -0.1414 -0.3678
vn -0.9190 -0.1427 -0.3675
vn -0.5804 0.7410 -0.3378
vn 0.8868 0.3222 0.3312
vn -0.9147 -0.1826 -0.3606
vn -0.5507 -0.8251 -0.1262
vn -0.5331 -0.8379 -0.1172
vn -0.5144 -0.8508 -0.1077
vn -0.4944 -0.8637 -0.0977
vn -0.4732 -0.8766 -0.0871
vn -0.4506 -0.8895 -0.0760
vn -0.4265 -0.9022 -0.0642
vn -0.4007 -0.9147 -0.0518
vn -0.3732 -0.9269 -0.0388
vn -0.3439 -0.9387 -0.0249
vn -0.3125 -0.9499 -0.0104
vn -0.2693 -0.9630 0.0095
vn -0.2029 -0.9784 0.0393
vn -0.1215 -0.9898 0.0749
vn -0.0345 -0.9931 0.1118
vn 0.0583 -0.9870 0.1500
vn 0.1566 -0.9694 0.1890
vn 0.2598 -0.9383 0.2284
vn 0.3664 -0.8913 0.2671
vn 0.4739 -0.8264 0.3040
vn 0.5787 -0.7426 0.3373
vn 0.6760 -0.6401 0.3651
vn 0.7610 -0.5216 0.3857
vn 0.8224 -0.4074 0.3970
vn 0.8440 -0.3577 0.3997
vn 0.8439 -0.3578 0.3997
vn 0.8457 -0.3534 0.3999
vn 0.8483 -0.3469 0.4001
vn 0.8514 -0.3389 0.4004
vn 0.8548 -0.3299 0.4007
vn 0.8584 -0.3199 0.4009
vn 0.8624 -0.3088 0.4012
vn 0.8665 -0.2967 0.4014
vn 0.8708 -0.2836 0.4015
vn 0.8754 -0.2692 0.4016
vn 0.8795 -0.2552 0.4016
vn 0.8828 -0.2437 0.4015
vn 0.8856 -0.2336 0.4014
vn 0.8883 -0.2235 0.4012
vn 0.8909 -0.2132 0.4010
vn 0.8935 -0.2025 0.4007
vn 0.8961 -0.1914 0.4004
vn 0.8988 -0.1795 0.4000
vn 0.9014 -0.1668 0.3995
vn 0.9041 -0.1531 0.3989
vn 0.9069 -0.1380 0.3981
vn 0.9097 -0.1213 0.3972
vn 0.9164 -0.0722 0.3938
vn 0.9232 0.0420 0.3821
vn 0.9140 0.1873 0.3598
vn 0.8859 0.3256 0.3304
vn 0.8417 0.4518 0.2958
vn 0.7850 0.5633 0.2578
vn 0.7197 0.6591 0.2182
vn 0.6491 0.7395 0.1783
vn 0.5755 0.8059 0.1390
vn 0.5009 0.8596 0.1009
vn 0.4262 0.9024 0.0641
vn 0.3523 0.9355 0.0289
vn 0.2888 0.9574 -0.0006
vn 0.2453 0.9692 -0.0203
vn 0.2127 0.9765 -0.0349
vn 0.1815 0.9822 -0.0487
vn 0.1517 0.9865 -0.0618
vn 0.1233 0.9896 -0.0741
vn 0.0961 0.9917 -0.0858
vn 0.0702 0.9928 -0.0968
vn 0.0454 0.9932 -0.1073
vn 0.0217 0.9929 -0.1172
vn -0.0010 0.9920 -0.1266
vn -0.0227 0.9905 -0.1355
vn -0.6751 0.6411 -0.3649
vn -0.6312 -0.7570 -0.1686
vn 0.0194 -0.9908 0.1341
vn -0.0006 -0.9920 0.1259
vn -0.0216 -0.9929 0.1172
vn -0.0439 -0.9932 0.1079
vn -0.0676 -0.9929 0.0979
vn -0.0927 -0.9919 0.0873
vn -0.1193 -0.9900 0.0758
vn -0.1476 -0.9870 0.0636
vn -0.1776 -0.9828 0.0504
vn -0.2096 -0.9771 0.0363
vn -0.2435 -0.9697 0.0211
vn -0.2855 -0.9584 0.0021
vn -0.3419 -0.9394 -0.0240
vn -0.4073 -0.9117 -0.0550
vn -0.4754 -0.8753 -0.0882
vn -0.5457 -0.8288 -0.1236
vn -0.6172 -0.7702 -0.1610
vn -0.6881 -0.6975 -0.2000
vn -0.7560 -0.6090 -0.2398
vn -0.8177 -0.5033 -0.2792
vn -0.8691 -0.3803 -0.3164
vn -0.9054 -0.2414 -0.3493
vn -0.9224 -0.0905 -0.3756
vn -0.9173 0.0633 -0.3930
vn -0.9060 0.1431 -0.3984
vn -0.9044 0.1517 -0.3988
vn -0.9027 0.1603 -0.3992
vn -0.9010 0.1690 -0.3996
vn -0.8991 0.1778 -0.4000
vn -0.8971 0.1869 -0.4003
vn -0.8950 0.1964 -0.4006
vn -0.8926 0.2063 -0.4008
vn -0.8900 0.2169 -0.4011
vn -0.8871 0.2282 -0.4013
vn -0.8837 0.2406 -0.4015
vn -0.8799 0.2541 -0.4016
vn -0.8756 0.2683 -0.4016
vn -0.8715 0.2817 -0.4015
vn -0.8675 0.2938 -0.4014
vn -0.8638 0.3047 -0.4013
vn -0.8603 0.3146 -0.4011
vn -0.8571 0.3236 -0.4009
vn -0.8542 0.3315 -0.4006
vn -0.8515 0.3385 -0.4004
vn -0.8493 0.3442 -0.4002
vn -0.8477 0.3484 -0.4001
vn -0.8470 0.3501 -0.4000
vn -0.8057 0.4421 -0.3943
vn -0.7136 0.5919 -0.3748
vn -0.6191 0.7033 -0.3493
vn -0.5174 0.7944 -0.3182
vn -0.4131 0.8655 -0.2834
vn -0.3096 0.9183 -0.2467
vn -0.2092 0.9552 -0.2093
vn -0.1135 0.9785 -0.1721
vn -0.0232 0.9905 -0.1357
vn 0.0611 0.9930 -0.1006
vn 0.1395 0.9879 -0.0671
vn 0.2121 0.9766 -0.0352
vn 0.2724 0.9621 -0.0080
vn 0.3153 0.9489 0.0116
vn 0.3483 0.9370 0.0270
vn 0.3784 0.9247 0.0412
vn 0.4060 0.9123 0.0544
vn 0.4312 0.8998 0.0665
vn 0.4544 0.8874 0.0779
vn 0.4759 0.8751 0.0884
vn 0.4957 0.8629 0.0983
vn 0.5140 0.8510 0.1075
vn 0.5311 0.8393 0.1162
vn 0.5471 0.8278 0.1243
vn -0.1279 0.9757 -0.1778
vn 0.4248 -0.8585 0.2874
vn 0.8636 -0.3053 0.4013
vn 0.8122 -0.4289 0.3954
vn 0.7305 -0.5682 0.3788
vn 0.6282 -0.6939 0.3519
vn 0.5113 -0.7992 0.3162
vn 0.3873 -0.8801 0.2745
vn 0.2640 -0.9367 0.2299
vn 0.1472 -0.9716 0.1853
vn 0.0402 -0.9890 0.1426
vn -0.0555 -0.9931 0.1030
vn -0.1400 -0.9879 0.0669
vn -0.2140 -0.9762 0.0344
vn -0.2754 -0.9613 0.0067
vn -0.3243 -0.9458 -0.0158
vn -0.3664 -0.9298 -0.0355
vn -0.4058 -0.9124 -0.0543
vn -0.4426 -0.8938 -0.0721
vn -0.4772 -0.8743 -0.0891
vn -0.5096 -0.8540 -0.1052
vn -0.5400 -0.8330 -0.1207
vn -0.5686 -0.8114 -0.1354
vn -0.5955 -0.7893 -0.1495
vn -0.6208 -0.7669 -0.1630
vn -0.6445 -0.7441 -0.1758
vn -0.8975 -0.2797 -0.3411
vn -0.4248 0.8585 -0.2874
vn -0.2495 0.9420 -0.2245
vn 0.6005 0.7850 0.1522
vn 0.5891 0.7948 0.1461
vn 0.5774 0.8044 0.1400
vn 0.5655 0.8138 0.1338
vn 0.5533 0.8231 0.1275
vn 0.5410 0.8323 0.1212
vn 0.5283 0.8413 0.1147
vn 0.5154 0.8501 0.1082
vn 0.5023 0.8587 0.1016
vn 0.4889 0.8672 0.0949
vn 0.4751 0.8755 0.0881
vn 0.4763 0.8748 0.0886
vn 0.4649 0.8815 0.0830
vn 0.4801 0.8725 0.0905
vn 0.5535 0.8230 0.1276
vn 0.6336 0.7548 0.1699
vn 0.7156 0.6644 0.2158
vn 0.7921 0.5512 0.2623
vn 0.8547 0.4198 0.3053
vn 0.8975 0.2796 0.3411
vn 0.9190 0.1422 0.3676
vn 0.9227 0.0170 0.3851
vn 0.9141 -0.0908 0.3952
vn 0.8987 -0.1799 0.4000
vn 0.8847 -0.2369 0.4014
vn -0.8832 0.2424 -0.4015
vn -0.8925 0.2070 -0.4009
vn -0.9032 0.1577 -0.3991
vn -0.9121 0.1055 -0.3962
vn -0.9186 0.0503 -0.3919
vn -0.9224 -0.0081 -0.3861
vn -0.9230 -0.0697 -0.3785
vn -0.9197 -0.1344 -0.3689
vn -0.9120 -0.2019 -0.3571
vn -0.8992 -0.2718 -0.3428
vn -0.8808 -0.3433 -0.3260
vn -0.8564 -0.4155 -0.3066
vn -0.8234 0.4053 -0.3971
vn -0.1967 0.9589 -0.2045
vn -0.2063 0.9561 -0.2082
vn -0.2166 0.9529 -0.2121
vn -0.2279 0.9493 -0.2164
vn -0.2399 0.9453 -0.2209
vn -0.2524 0.9410 -0.2256
vn -0.2653 0.9362 -0.2304
vn -0.2786 0.9311 -0.2353
vn -0.2920 0.9257 -0.2403
vn -0.3054 0.9201 -0.2452
vn -0.3186 0.9143 -0.2500
vn -0.3236 0.9121 -0.2518
vn -0.3548 0.8972 -0.2630
vn -0.4192 0.8618 -0.2856
vn -0.4816 0.8210 -0.3065
vn -0.5415 0.7750 -0.3258
vn -0.5985 0.7239 -0.3432
vn -0.6521 0.6680 -0.3586
vn -0.7019 0.6076 -0.3718
vn -0.7474 0.5430 -0.3827
vn -0.7883 0.4748 -0.3912
vn -0.8243 0.4035 -0.3972
vn -0.8549 0.3296 -0.4007
vn -0.8742 0.2729 -0.4016
vt 0.589474 0.000000
vt 0.610526 0.000000
vt 0.600000 0.000000
vt 0.621053 0.000000
vt 0.294737 0.000000
vt 0.315789 0.000000
vt 0.305263 0.000000
vt 0.326316 0.000000
vt 0.578947 0.000000
vt 0.631579 0.000000
vt 0.642105 0.000000
vt 0.568421 0.000000
vt 0.652632 0.000000
vt 0.557895 0.000000
vt 0.663158 0.000000
vt 0.547368 0.000000
vt 0.673684 0.000000
vt 0.536842 0.000000
vt 0.684211 0.000000
vt 0.526316 0.000000
vt 0.694737 0.000000
vt 0.515789 0.000000
vt 0.705263 0.000000
vt 0.505263 0.000000
vt 0.715789 0.000000
vt 0.494737 0.000000
vt 0.726316 0.000000
vt 0.484211 0.000000
vt 0.473684 0.000000
vt 0.736842 0.000000
vt 0.463158 0.000000
vt 0.452632 0.000000
vt 0.442105 0.000000
vt 0.747368 0.000000
vt 0.431579 0.000000
vt 0.421053 0.000000
vt 0.410526 0.000000
vt 0.400000 0.000000
vt 0.389474 0.000000
vt 0.378947 0.000000
vt 0.757895 0.000000
vt 0.768421 0.000000
vt 0.778947 0.000000
vt 0.368421 0.000000
vt 0.789474 0.000000
vt 0.800000 0.000000
vt 0.810526 0.000000
vt 0.357895 0.000000
vt 0.821053 0.000000
vt 0.831579 0.000000
vt 0.842105 0.000000
vt 0.347368 0.000000
vt 0.852632 0.000000
vt 0.863158 0.000000
vt 0.873684 0.000000
vt 0.336842 0.000000
vt 0.884211 0.000000
vt 0.894737 0.000000
vt 0.273684 0.000000
vt 0.263158 0.000000
vt 0.252632 0.000000
vt 0.242105 0.000000
vt 0.231579 0.000000
vt 0.221053 0.000000
vt 0.210526 0.000000
vt 0.200000 0.000000
vt 0.189474 0.000000
vt 0.178947 0.000000
vt 0.905263 0.000000
vt 0.168421 0.000000
vt 0.915789 0.000000
vt 0.157895 0.000000
vt 0.926316 0.000000
vt 0.147368 0.000000
vt 0.936842 0.000000
vt 0.947368 0.000000
vt 0.136842 0.000000
vt 0.126316 0.000000
vt 0.115789 0.000000
vt 0.105263 0.000000
vt 0.957895 0.000000
vt 0.094737 0.000000
vt 0.084211 0.000000
vt 0.968421 0.000000
vt 0.073684 0.000000
vt 0.063158 0.000000
vt 0.978947 0.000000
vt 0.052632 0.000000
vt 0.042105 0.000000
vt 0.989474 0.000000
vt 0.031579 0.000000
vt 1.000000 0.000000
vt 0.021053 0.000000
vt 0.284211 0.000000
vt 0.000000 0.000000
vt 0.010526 0.000000
vt 0.406897 0.000000
vt 0.420690 0.000000
vt 0.413793 0.000000
vt 0.427586 0.000000
vt 0.434483 0.000000
vt 0.441379 0.000000
vt 0.448276 0.000000
vt 0.393103 0.000000
vt 0.455172 0.000000
vt 0.462069 0.000000
vt 0.386207 0.000000
vt 0.468966 0.000000
vt 0.475862 0.000000
vt 0.379310 0.000000
vt 0.482759 0.000000
vt 0.372414 0.000000
vt 0.489655 0.000000
vt 0.496552 0.000000
vt 0.365517 0.000000
vt 0.558621 0.000000
vt 0.551724 0.000000
vt 0.544828 0.000000
vt 0.537931 0.000000
vt 0.531034 0.000000
vt 0.524138 0.000000
vt 0.517241 0.000000
vt 0.510345 0.000000
vt 0.503448 0.000000
vt 0.358621 0.000000
vt 0.579310 0.000000
vt 0.572414 0.000000
vt 0.565517 0.000000
vt 0.351724 0.000000
vt 0.586207 0.000000
vt 0.593103 0.000000
vt 0.606897 0.000000
vt 0.613793 0.000000
vt 0.344828 0.000000
vt 0.620690 0.000000
vt 0.627586 0.000000
vt 0.634483 0.000000
vt 0.337931 0.000000
vt 0.641379 0.000000
vt 0.648276 0.000000
vt 0.331034 0.000000
vt 0.655172 0.000000
vt 0.662069 0.000000
vt 0.324138 0.000000
vt 0.668966 0.000000
vt 0.317241 0.000000
vt 0.675862 0.000000
vt 0.310345 0.000000
vt 0.682759 0.000000
vt 0.303448 0.000000
vt 0.689655 0.000000
vt 0.296552 0.000000
vt 0.696552 0.000000
vt 0.703448 0.000000
vt 0.289655 0.000000
vt 0.710345 0.000000
vt 0.282759 0.000000
vt 0.717241 0.000000
vt 0.275862 0.000000
vt 0.724138 0.000000
vt 0.268966 0.000000
vt 0.731034 0.000000
vt 0.262069 0.000000
vt 0.737931 0.000000
vt 0.255172 0.000000
vt 0.744828 0.000000
vt 0.248276 0.000000
vt 0.751724 0.000000
vt 0.241379 0.000000
vt 0.758621 0.000000
vt 0.765517 0.000000
vt 0.234483 0.000000
vt 0.772414 0.000000
vt 0.227586 0.000000
vt 0.779310 0.000000
vt 0.220690 0.000000
vt 0.786207 0.000000
vt 0.213793 0.000000
vt 0.793103 0.000000
vt 0.206897 0.000000
vt 0.806897 0.000000
vt 0.813793 0.000000
vt 0.193103 0.000000
vt 0.820690 0.000000
vt 0.186207 0.000000
vt 0.827586 0.000000
vt 0.179310 0.000000
vt 0.834483 0.000000
vt 0.841379 0.000000
vt 0.172414 0.000000
vt 0.165517 0.000000
vt 0.158621 0.000000
vt 0.848276 0.000000
vt 0.855172 0.000000
vt 0.862069 0.000000
vt 0.151724 0.000000
vt 0.868966 0.000000
vt 0.993103 0.000000
vt 0.986207 0.000000
vt 0.875862 0.000000
vt 0.144828 0.000000
vt 0.979310 0.000000
vt 0.882759 0.000000
vt 0.972414 0.000000
vt 0.889655 0.000000
vt 0.965517 0.000000
vt 0.958621 0.000000
vt 0.896552 0.000000
vt 0.951724 0.000000
vt 0.137931 0.000000
vt 0.903448 0.000000
vt 0.944828 0.000000
vt 0.937931 0.000000
vt 0.910345 0.000000
vt 0.931035 0.000000
vt 0.924138 0.000000
vt 0.917241 0.000000
vt 0.131034 0.000000
vt 0.124138 0.000000
vt 0.006897 0.000000
vt 0.117241 0.000000
vt 0.013793 0.000000
vt 0.110345 0.000000
vt 0.020690 0.000000
vt 0.027586 0.000000
vt 0.103448 0.000000
vt 0.034483 0.000000
vt 0.041379 0.000000
vt 0.096552 0.000000
vt 0.048276 0.000000
vt 0.055172 0.000000
vt 0.089655 0.000000
vt 0.062069 0.000000
vt 0.068966 0.000000
vt 0.082759 0.000000
vt 0.075862 0.000000
vt 0.302326 0.000000
vt 0.348837 0.000000
vt 0.325581 0.000000
vt 0.697674 0.000000
vt 0.372093 0.000000
vt 0.720930 0.000000
vt 0.674419 0.000000
vt 0.651163 0.000000
vt 0.744186 0.000000
vt 0.627907 0.000000
vt 0.767442 0.000000
vt 0.604651 0.000000
vt 0.790698 0.000000
vt 0.581395 0.000000
vt 0.813953 0.000000
vt 0.558140 0.000000
vt 0.837209 0.000000
vt 0.534884 0.000000
vt 0.860465 0.000000
vt 0.511628 0.000000
vt 0.883721 0.000000
vt 0.488372 0.000000
vt 0.906977 0.000000
vt 0.465116 0.000000
vt 0.930233 0.000000
vt 0.441860 0.000000
vt 0.953488 0.000000
vt 0.976744 0.000000
vt 0.418605 0.000000
vt 0.023256 0.000000
vt 0.395349 0.000000
vt 0.046512 0.000000
vt 0.069767 0.000000
vt 0.093023 0.000000
vt 0.116279 0.000000
vt 0.139535 0.000000
vt 0.162791 0.000000
vt 0.186047 0.000000
vt 0.209302 0.000000
vt 0.232558 0.000000
vt 0.255814 0.000000
vt 0.279070 0.000000
vt 0.078431 0.000000
vt 0.738562 0.000000
vt 0.084967 0.000000
vt 0.091503 0.000000
vt 0.098039 0.000000
vt 0.104575 0.000000
vt 0.111111 0.000000
vt 0.117647 0.000000
vt 0.124183 0.000000
vt 0.130719 0.000000
vt 0.137255 0.000000
vt 0.143791 0.000000
vt 0.150327 0.000000
vt 0.156863 0.000000
vt 0.163399 0.000000
vt 0.169935 0.000000
vt 0.176471 0.000000
vt 0.183007 0.000000
vt 0.189542 0.000000
vt 0.196078 0.000000
vt 0.202614 0.000000
vt 0.209150 0.000000
vt 0.215686 0.000000
vt 0.222222 0.000000
vt 0.732026 0.000000
vt 0.725490 0.000000
vt 0.718954 0.000000
vt 0.228758 0.000000
vt 0.745098 0.000000
vt 0.712418 0.000000
vt 0.705882 0.000000
vt 0.699346 0.000000
vt 0.692810 0.000000
vt 0.235294 0.000000
vt 0.686275 0.000000
vt 0.679739 0.000000
vt 0.673203 0.000000
vt 0.241830 0.000000
vt 0.666667 0.000000
vt 0.660131 0.000000
vt 0.248366 0.000000
vt 0.653595 0.000000
vt 0.647059 0.000000
vt 0.254902 0.000000
vt 0.640523 0.000000
vt 0.261438 0.000000
vt 0.633987 0.000000
vt 0.267974 0.000000
vt 0.627451 0.000000
vt 0.620915 0.000000
vt 0.274510 0.000000
vt 0.614379 0.000000
vt 0.607843 0.000000
vt 0.281046 0.000000
vt 0.601307 0.000000
vt 0.594771 0.000000
vt 0.588235 0.000000
vt 0.287582 0.000000
vt 0.581699 0.000000
vt 0.575163 0.000000
vt 0.568627 0.000000
vt 0.562092 0.000000
vt 0.555556 0.000000
vt 0.294118 0.000000
vt 0.549020 0.000000
vt 0.542484 0.000000
vt 0.535948 0.000000
vt 0.529412 0.000000
vt 0.522876 0.000000
vt 0.516340 0.000000
vt 0.300654 0.000000
vt 0.509804 0.000000
vt 0.418301 0.000000
vt 0.424837 0.000000
vt 0.431373 0.000000
vt 0.437909 0.000000
vt 0.503268 0.000000
vt 0.830065 0.000000
vt 0.444444 0.000000
vt 0.450980 0.000000
vt 0.457516 0.000000
vt 0.464052 0.000000
vt 0.470588 0.000000
vt 0.496732 0.000000
vt 0.477124 0.000000
vt 0.483660 0.000000
vt 0.490196 0.000000
vt 0.307190 0.000000
vt 0.313726 0.000000
vt 0.320261 0.000000
vt 0.326797 0.000000
vt 0.333333 0.000000
vt 0.339869 0.000000
vt 0.346405 0.000000
vt 0.352941 0.000000
vt 0.359477 0.000000
vt 0.366013 0.000000
vt 0.823529 0.000000
vt 0.816993 0.000000
vt 0.810458 0.000000
vt 0.803922 0.000000
vt 0.372549 0.000000
vt 0.836601 0.000000
vt 0.797386 0.000000
vt 0.790850 0.000000
vt 0.784314 0.000000
vt 0.379085 0.000000
vt 0.777778 0.000000
vt 0.771242 0.000000
vt 0.385621 0.000000
vt 0.764706 0.000000
vt 0.758170 0.000000
vt 0.392157 0.000000
vt 0.751634 0.000000
vt 0.398693 0.000000
vt 0.405229 0.000000
vt 0.993464 0.000000
vt 0.411765 0.000000
vt 0.986928 0.000000
vt 0.980392 0.000000
vt 0.973856 0.000000
vt 0.006536 0.000000
vt 0.967320 0.000000
vt 0.960784 0.000000
vt 0.954248 0.000000
vt 0.947712 0.000000
vt 0.013072 0.000000
vt 0.941176 0.000000
vt 0.934641 0.000000
vt 0.928105 0.000000
vt 0.921569 0.000000
vt 0.915033 0.000000
vt 0.908497 0.000000
vt 0.901961 0.000000
vt 0.895425 0.000000
vt 0.888889 0.000000
vt 0.882353 0.000000
vt 0.875817 0.000000
vt 0.869281 0.000000
vt 0.862745 0.000000
vt 0.856209 0.000000
vt 0.849673 0.000000
vt 0.843137 0.000000
vt 0.019608 0.000000
vt 0.026144 0.000000
vt 0.032680 0.000000
vt 0.039216 0.000000
vt 0.045752 0.000000
vt 0.052288 0.000000
vt 0.058824 0.000000
vt 0.065359 0.000000
vt 0.071895 0.000000
vt 0.000000 1.000000
vt 0.015625 1.000000
vt 0.015625 0.000000
vt 0.031250 1.000000
vt 0.031250 0.000000
vt 0.046875 1.000000
vt 0.046875 0.000000
vt 0.062500 1.000000
vt 0.062500 0.000000
vt 0.078125 1.000000
vt 0.078125 0.000000
vt 0.093750 1.000000
vt 0.093750 0.000000
vt 0.109375 1.000000
vt 0.109375 0.000000
vt 0.125000 1.000000
vt 0.125000 0.000000
vt 0.140625 1.000000
vt 0.140625 0.000000
vt 0.156250 1.000000
vt 0.156250 0.000000
vt 0.171875 1.000000
vt 0.171875 0.000000
vt 0.187500 1.000000
vt 0.187500 0.000000
vt 0.203125 1.000000
vt 0.203125 0.000000
vt 0.218750 1.000000
vt 0.218750 0.000000
vt 0.234375 1.000000
vt 0.234375 0.000000
vt 0.250000 1.000000
vt 0.250000 0.000000
vt 0.265625 1.000000
vt 0.265625 0.000000
vt 0.281250 1.000000
vt 0.281250 0.000000
vt 0.296875 1.000000
vt 0.296875 0.000000
vt 0.312500 1.000000
vt 0.312500 0.000000
vt 0.328125 1.000000
vt 0.328125 0.000000
vt 0.343750 1.000000
vt 0.343750 0.000000
vt 0.359375 1.000000
vt 0.359375 0.000000
vt 0.375000 1.000000
vt 0.375000 0.000000
vt 0.390625 1.000000
vt 0.390625 0.000000
vt 0.406250 1.000000
vt 0.406250 0.000000
vt 0.421875 1.000000
vt 0.421875 0.000000
vt 0.437500 1.000000
vt 0.437500 0.000000
vt 0.453125 1.000000
vt 0.453125 0.000000
vt 0.468750 1.000000
vt 0.468750 0.000000
vt 0.484375 1.000000
vt 0.484375 0.000000
vt 0.500000 1.000000
vt 0.500000 0.000000
vt 0.515625 1.000000
vt 0.515625 0.000000
vt 0.531250 1.000000
vt 0.531250 0.000000
vt 0.546875 1.000000
vt 0.546875 0.000000
vt 0.562500 1.000000
vt 0.562500 0.000000
vt 0.578125 1.000000
vt 0.578125 0.000000
vt 0.593750 1.000000
vt 0.593750 0.000000
vt 0.609375 1.000000
vt 0.609375 0.000000
vt 0.625000 1.000000
vt 0.625000 0.000000
vt 0.640625 1.000000
vt 0.640625 0.000000
vt 0.656250 1.000000
vt 0.656250 0.000000
vt 0.671875 1.000000
vt 0.671875 0.000000
vt 0.687500 1.000000
vt 0.687500 0.000000
vt 0.703125 1.000000
vt 0.703125 0.000000
vt 0.718750 1.000000
vt 0.718750 0.000000
vt 0.734375 1.000000
vt 0.734375 0.000000
vt 0.750000 1.000000
vt 0.750000 0.000000
vt 0.765625 1.000000
vt 0.765625 0.000000
vt 0.781250 1.000000
vt 0.781250 0.000000
vt 0.796875 1.000000
vt 0.796875 0.000000
vt 0.812500 1.000000
vt 0.812500 0.000000
vt 0.828125 1.000000
vt 0.828125 0.000000
vt 0.843750 1.000000
vt 0.843750 0.000000
vt 0.859375 1.000000
vt 0.859375 0.000000
vt 0.875000 1.000000
vt 0.875000 0.000000
vt 0.890625 1.000000
vt 0.890625 0.000000
vt 0.906250 1.000000
vt 0.906250 0.000000
vt 0.921875 1.000000
vt 0.921875 0.000000
vt 0.937500 1.000000
vt 0.937500 0.000000
vt 0.953125 1.000000
vt 0.953125 0.000000
vt 0.968750 1.000000
vt 0.968750 0.000000
vt 0.984375 1.000000
vt 0.984375 0.000000
vt 1.000000 1.000000
vt 0.019608 1.000000
vt 0.039216 1.000000
vt 0.058824 1.000000
vt 0.078431 1.000000
vt 0.098039 1.000000
vt 0.117647 1.000000
vt 0.137255 1.000000
vt 0.156863 1.000000
vt 0.176471 1.000000
vt 0.196078 1.000000
vt 0.215686 1.000000
vt 0.235294 1.000000
vt 0.254902 1.000000
vt 0.274510 1.000000
vt 0.294118 1.000000
vt 0.313726 1.000000
vt 0.333333 1.000000
vt 0.352941 1.000000
vt 0.372549 1.000000
vt 0.392157 1.000000
vt 0.411765 1.000000
vt 0.431373 1.000000
vt 0.450980 1.000000
vt 0.470588 1.000000
vt 0.490196 1.000000
vt 0.509804 1.000000
vt 0.529412 1.000000
vt 0.549020 1.000000
vt 0.568627 1.000000
vt 0.588235 1.000000
vt 0.607843 1.000000
vt 0.627451 1.000000
vt 0.647059 1.000000
vt 0.666667 1.000000
vt 0.686275 1.000000
vt 0.705882 1.000000
vt 0.725490 1.000000
vt 0.745098 1.000000
vt 0.764706 1.000000
vt 0.784314 1.000000
vt 0.803922 1.000000
vt 0.823529 1.000000
vt 0.843137 1.000000
vt 0.862745 1.000000
vt 0.882353 1.000000
vt 0.901961 1.000000
vt 0.921569 1.000000
vt 0.941176 1.000000
vt 0.960784 1.000000
vt 0.980392 1.000000
vt 0.025641 1.000000
vt 0.025641 0.000000
vt 0.051282 1.000000
vt 0.051282 0.000000
vt 0.076923 1.000000
vt 0.076923 0.000000
vt 0.102564 1.000000
vt 0.102564 0.000000
vt 0.128205 1.000000
vt 0.128205 0.000000
vt 0.153846 1.000000
vt 0.153846 0.000000
vt 0.179487 1.000000
vt 0.179487 0.000000
vt 0.205128 1.000000
vt 0.205128 0.000000
vt 0.230769 1.000000
vt 0.230769 0.000000
vt 0.256410 1.000000
vt 0.256410 0.000000
vt 0.282051 1.000000
vt 0.282051 0.000000
vt 0.307692 1.000000
vt 0.307692 0.000000
vt 0.358974 1.000000
vt 0.358974 0.000000
vt 0.384615 1.000000
vt 0.384615 0.000000
vt 0.410256 1.000000
vt 0.410256 0.000000
vt 0.435897 1.000000
vt 0.435897 0.000000
vt 0.461538 1.000000
vt 0.461538 0.000000
vt 0.487179 1.000000
vt 0.487179 0.000000
vt 0.512821 1.000000
vt 0.512821 0.000000
vt 0.538462 1.000000
vt 0.538462 0.000000
vt 0.564103 1.000000
vt 0.564103 0.000000
vt 0.589744 1.000000
vt 0.589744 0.000000
vt 0.615385 1.000000
vt 0.615385 0.000000
vt 0.641026 1.000000
vt 0.641026 0.000000
vt 0.692308 1.000000
vt 0.692308 0.000000
vt 0.717949 1.000000
vt 0.717949 0.000000
vt 0.743590 1.000000
vt 0.743590 0.000000
vt 0.769231 1.000000
vt 0.769231 0.000000
vt 0.794872 1.000000
vt 0.794872 0.000000
vt 0.820513 1.000000
vt 0.820513 0.000000
vt 0.846154 1.000000
vt 0.846154 0.000000
vt 0.871795 1.000000
vt 0.871795 0.000000
vt 0.897436 1.000000
vt 0.897436 0.000000
vt 0.923077 1.000000
vt 0.923077 0.000000
vt 0.948718 1.000000
vt 0.948718 0.000000
vt 0.974359 1.000000
vt 0.974359 0.000000
vt 0.052632 1.000000
vt 0.105263 1.000000
vt 0.157895 1.000000
vt 0.210526 1.000000
vt 0.263158 1.000000
vt 0.315789 1.000000
vt 0.368421 1.000000
vt 0.421053 1.000000
vt 0.473684 1.000000
vt 0.526316 1.000000
vt 0.578947 1.000000
vt 0.631579 1.000000
vt 0.684211 1.000000
vt 0.736842 1.000000
vt 0.789474 1.000000
vt 0.842105 1.000000
vt 0.894737 1.000000
vt 0.947368 1.000000
vt 0.040000 1.000000
vt 0.040000 0.000000
vt 0.080000 1.000000
vt 0.080000 0.000000
vt 0.120000 1.000000
vt 0.120000 0.000000
vt 0.160000 1.000000
vt 0.160000 0.000000
vt 0.200000 1.000000
vt 0.240000 1.000000
vt 0.240000 0.000000
vt 0.280000 1.000000
vt 0.280000 0.000000
vt 0.320000 1.000000
vt 0.320000 0.000000
vt 0.360000 1.000000
vt 0.360000 0.000000
vt 0.400000 1.000000
vt 0.440000 1.000000
vt 0.440000 0.000000
vt 0.480000 1.000000
vt 0.480000 0.000000
vt 0.520000 1.000000
vt 0.520000 0.000000
vt 0.560000 1.000000
vt 0.560000 0.000000
vt 0.600000 1.000000
vt 0.640000 1.000000
vt 0.640000 0.000000
vt 0.680000 1.000000
vt 0.680000 0.000000
vt 0.720000 1.000000
vt 0.720000 0.000000
vt 0.760000 1.000000
vt 0.760000 0.000000
vt 0.800000 1.000000
vt 0.840000 1.000000
vt 0.840000 0.000000
vt 0.880000 1.000000
vt 0.880000 0.000000
vt 0.920000 1.000000
vt 0.920000 0.000000
vt 0.960000 1.000000
vt 0.960000 0.000000
vt 0.006849 1.000000
vt 0.006849 0.000000
vt 0.013699 1.000000
vt 0.013699 0.000000
vt 0.020548 1.000000
vt 0.020548 0.000000
vt 0.027397 1.000000
vt 0.027397 0.000000
vt 0.034247 1.000000
vt 0.034247 0.000000
vt 0.041096 1.000000
vt 0.041096 0.000000
vt 0.047945 1.000000
vt 0.047945 0.000000
vt 0.054795 1.000000
vt 0.054795 0.000000
vt 0.061644 1.000000
vt 0.061644 0.000000
vt 0.068493 1.000000
vt 0.068493 0.000000
vt 0.075342 1.000000
vt 0.075342 0.000000
vt 0.082192 1.000000
vt 0.082192 0.000000
vt 0.089041 1.000000
vt 0.089041 0.000000
vt 0.095890 1.000000
vt 0.095890 0.000000
vt 0.102740 1.000000
vt 0.102740 0.000000
vt 0.109589 1.000000
vt 0.109589 0.000000
vt 0.116438 1.000000
vt 0.116438 0.000000
vt 0.123288 1.000000
vt 0.123288 0.000000
vt 0.130137 1.000000
vt 0.130137 0.000000
vt 0.136986 1.000000
vt 0.136986 0.000000
vt 0.143836 1.000000
vt 0.143836 0.000000
vt 0.150685 1.000000
vt 0.150685 0.000000
vt 0.157534 1.000000
vt 0.157534 0.000000
vt 0.164384 1.000000
vt 0.164384 0.000000
vt 0.171233 1.000000
vt 0.171233 0.000000
vt 0.178082 1.000000
vt 0.178082 0.000000
vt 0.184932 1.000000
vt 0.184932 0.000000
vt 0.191781 1.000000
vt 0.191781 0.000000
vt 0.198630 1.000000
vt 0.198630 0.000000
vt 0.205479 1.000000
vt 0.205479 0.000000
vt 0.212329 1.000000
vt 0.212329 0.000000
vt 0.219178 1.000000
vt 0.219178 0.000000
vt 0.226027 1.000000
vt 0.226027 0.000000
vt 0.232877 1.000000
vt 0.232877 0.000000
vt 0.239726 1.000000
vt 0.239726 0.000000
vt 0.246575 1.000000
vt 0.246575 0.000000
vt 0.253425 1.000000
vt 0.253425 0.000000
vt 0.260274 1.000000
vt 0.260274 0.000000
vt 0.267123 1.000000
vt 0.267123 0.000000
vt 0.273973 1.000000
vt 0.273973 0.000000
vt 0.280822 1.000000
vt 0.280822 0.000000
vt 0.287671 1.000000
vt 0.287671 0.000000
vt 0.294521 1.000000
vt 0.294521 0.000000
vt 0.301370 1.000000
vt 0.301370 0.000000
vt 0.308219 1.000000
vt 0.308219 0.000000
vt 0.315068 1.000000
vt 0.315068 0.000000
vt 0.321918 1.000000
vt 0.321918 0.000000
vt 0.328767 1.000000
vt 0.328767 0.000000
vt 0.335616 1.000000
vt 0.335616 0.000000
vt 0.342466 1.000000
vt 0.342466 0.000000
vt 0.349315 1.000000
vt 0.349315 0.000000
vt 0.356164 1.000000
vt 0.356164 0.000000
vt 0.363014 1.000000
vt 0.363014 0.000000
vt 0.369863 1.000000
vt 0.369863 0.000000
vt 0.376712 1.000000
vt 0.376712 0.000000
vt 0.383562 1.000000
vt 0.383562 0.000000
vt 0.390411 1.000000
vt 0.390411 0.000000
vt 0.397260 1.000000
vt 0.397260 0.000000
vt 0.404110 1.000000
vt 0.404110 0.000000
vt 0.410959 1.000000
vt 0.410959 0.000000
vt 0.417808 1.000000
vt 0.417808 0.000000
vt 0.424658 1.000000
vt 0.424658 0.000000
vt 0.431507 1.000000
vt 0.431507 0.000000
vt 0.438356 1.000000
vt 0.438356 0.000000
vt 0.445205 1.000000
vt 0.445205 0.000000
vt 0.452055 1.000000
vt 0.452055 0.000000
vt 0.458904 1.000000
vt 0.458904 0.000000
vt 0.465753 1.000000
vt 0.465753 0.000000
vt 0.472603 1.000000
vt 0.472603 0.000000
vt 0.479452 1.000000
vt 0.479452 0.000000
vt 0.486301 1.000000
vt 0.486301 0.000000
vt 0.493151 1.000000
vt 0.493151 0.000000
vt 0.506849 1.000000
vt 0.506849 0.000000
vt 0.513699 1.000000
vt 0.513699 0.000000
vt 0.520548 1.000000
vt 0.520548 0.000000
vt 0.527397 1.000000
vt 0.527397 0.000000
vt 0.534247 1.000000
vt 0.534247 0.000000
vt 0.541096 1.000000
vt 0.541096 0.000000
vt 0.547945 1.000000
vt 0.547945 0.000000
vt 0.554795 1.000000
vt 0.554795 0.000000
vt 0.561644 1.000000
vt 0.561644 0.000000
vt 0.568493 1.000000
vt 0.568493 0.000000
vt 0.575342 1.000000
vt 0.575342 0.000000
vt 0.582192 1.000000
vt 0.582192 0.000000
vt 0.589041 1.000000
vt 0.589041 0.000000
vt 0.595890 1.000000
vt 0.595890 0.000000
vt 0.602740 1.000000
vt 0.602740 0.000000
vt 0.609589 1.000000
vt 0.609589 0.000000
vt 0.616438 1.000000
vt 0.616438 0.000000
vt 0.623288 1.000000
vt 0.623288 0.000000
vt 0.630137 1.000000
vt 0.630137 0.000000
vt 0.636986 1.000000
vt 0.636986 0.000000
vt 0.643836 1.000000
vt 0.643836 0.000000
vt 0.650685 1.000000
vt 0.650685 0.000000
vt 0.657534 1.000000
vt 0.657534 0.000000
vt 0.664384 1.000000
vt 0.664384 0.000000
vt 0.671233 1.000000
vt 0.671233 0.000000
vt 0.678082 1.000000
vt 0.678082 0.000000
vt 0.684932 1.000000
vt 0.684932 0.000000
vt 0.691781 1.000000
vt 0.691781 0.000000
vt 0.698630 1.000000
vt 0.698630 0.000000
vt 0.705479 1.000000
vt 0.705479 0.000000
vt 0.712329 1.000000
vt 0.712329 0.000000
vt 0.719178 1.000000
vt 0.719178 0.000000
vt 0.726027 1.000000
vt 0.726027 0.000000
vt 0.732877 1.000000
vt 0.732877 0.000000
vt 0.739726 1.000000
vt 0.739726 0.000000
vt 0.746575 1.000000
vt 0.746575 0.000000
vt 0.753425 1.000000
vt 0.753425 0.000000
vt 0.760274 1.000000
vt 0.760274 0.000000
vt 0.767123 1.000000
vt 0.767123 0.000000
vt 0.773973 1.000000
vt 0.773973 0.000000
vt 0.780822 1.000000
vt 0.780822 0.000000
vt 0.787671 1.000000
vt 0.787671 0.000000
vt 0.794521 1.000000
vt 0.794521 0.000000
vt 0.801370 1.000000
vt 0.801370 0.000000
vt 0.808219 1.000000
vt 0.808219 0.000000
vt 0.815068 1.000000
vt 0.815068 0.000000
vt 0.821918 1.000000
vt 0.821918 0.000000
vt 0.828767 1.000000
vt 0.828767 0.000000
vt 0.835616 1.000000
vt 0.835616 0.000000
vt 0.842466 1.000000
vt 0.842466 0.000000
vt 0.849315 1.000000
vt 0.849315 0.000000
vt 0.856164 1.000000
vt 0.856164 0.000000
vt 0.863014 1.000000
vt 0.863014 0.000000
vt 0.869863 1.000000
vt 0.869863 0.000000
vt 0.876712 1.000000
vt 0.876712 0.000000
vt 0.883562 1.000000
vt 0.883562 0.000000
vt 0.890411 1.000000
vt 0.890411 0.000000
vt 0.897260 1.000000
vt 0.897260 0.000000
vt 0.904110 1.000000
vt 0.904110 0.000000
vt 0.910959 1.000000
vt 0.910959 0.000000
vt 0.917808 1.000000
vt 0.917808 0.000000
vt 0.924658 1.000000
vt 0.924658 0.000000
vt 0.931507 1.000000
vt 0.931507 0.000000
vt 0.938356 1.000000
vt 0.938356 0.000000
vt 0.945205 1.000000
vt 0.945205 0.000000
vt 0.952055 1.000000
vt 0.952055 0.000000
vt 0.958904 1.000000
vt 0.958904 0.000000
vt 0.965753 1.000000
vt 0.965753 0.000000
vt 0.972603 1.000000
vt 0.972603 0.000000
vt 0.979452 1.000000
vt 0.979452 0.000000
vt 0.986301 1.000000
vt 0.986301 0.000000
vt 0.993151 1.000000
vt 0.993151 0.000000
vt 0.010417 1.000000
vt 0.010417 0.000000
vt 0.020833 1.000000
vt 0.020833 0.000000
vt 0.041667 1.000000
vt 0.041667 0.000000
vt 0.052083 1.000000
vt 0.052083 0.000000
vt 0.072917 1.000000
vt 0.072917 0.000000
vt 0.083333 1.000000
vt 0.083333 0.000000
vt 0.104167 1.000000
vt 0.104167 0.000000
vt 0.114583 1.000000
vt 0.114583 0.000000
vt 0.135417 1.000000
vt 0.135417 0.000000
vt 0.145833 1.000000
vt 0.145833 0.000000
vt 0.166667 1.000000
vt 0.166667 0.000000
vt 0.177083 1.000000
vt 0.177083 0.000000
vt 0.197917 1.000000
vt 0.197917 0.000000
vt 0.208333 1.000000
vt 0.208333 0.000000
vt 0.229167 1.000000
vt 0.229167 0.000000
vt 0.239583 1.000000
vt 0.239583 0.000000
vt 0.260417 1.000000
vt 0.260417 0.000000
vt 0.270833 1.000000
vt 0.270833 0.000000
vt 0.291667 1.000000
vt 0.291667 0.000000
vt 0.302083 1.000000
vt 0.302083 0.000000
vt 0.322917 1.000000
vt 0.322917 0.000000
vt 0.354167 1.000000
vt 0.354167 0.000000
vt 0.364583 1.000000
vt 0.364583 0.000000
vt 0.385417 1.000000
vt 0.385417 0.000000
vt 0.395833 1.000000
vt 0.395833 0.000000
vt 0.416667 1.000000
vt 0.416667 0.000000
vt 0.427083 1.000000
vt 0.427083 0.000000
vt 0.447917 1.000000
vt 0.447917 0.000000
vt 0.458333 1.000000
vt 0.458333 0.000000
vt 0.479167 1.000000
vt 0.479167 0.000000
vt 0.489583 1.000000
vt 0.489583 0.000000
vt 0.510417 1.000000
vt 0.510417 0.000000
vt 0.520833 1.000000
vt 0.520833 0.000000
vt 0.541667 1.000000
vt 0.541667 0.000000
vt 0.552083 1.000000
vt 0.552083 0.000000
vt 0.572917 1.000000
vt 0.572917 0.000000
vt 0.583333 1.000000
vt 0.583333 0.000000
vt 0.604167 1.000000
vt 0.604167 0.000000
vt 0.614583 1.000000
vt 0.614583 0.000000
vt 0.635417 1.000000
vt 0.635417 0.000000
vt 0.645833 1.000000
vt 0.645833 0.000000
vt 0.677083 1.000000
vt 0.677083 0.000000
vt 0.697917 1.000000
vt 0.697917 0.000000
vt 0.708333 1.000000
vt 0.708333 0.000000
vt 0.729167 1.000000
vt 0.729167 0.000000
vt 0.739583 1.000000
vt 0.739583 0.000000
vt 0.760417 1.000000
vt 0.760417 0.000000
vt 0.770833 1.000000
vt 0.770833 0.000000
vt 0.791667 1.000000
vt 0.791667 0.000000
vt 0.802083 1.000000
vt 0.802083 0.000000
vt 0.822917 1.000000
vt 0.822917 0.000000
vt 0.833333 1.000000
vt 0.833333 0.000000
vt 0.854167 1.000000
vt 0.854167 0.000000
vt 0.864583 1.000000
vt 0.864583 0.000000
vt 0.885417 1.000000
vt 0.885417 0.000000
vt 0.895833 1.000000
vt 0.895833 0.000000
vt 0.916667 1.000000
vt 0.916667 0.000000
vt 0.927083 1.000000
vt 0.927083 0.000000
vt 0.947917 1.000000
vt 0.947917 0.000000
vt 0.958333 1.000000
vt 0.958333 0.000000
vt 0.979167 1.000000
vt 0.979167 0.000000
vt 0.989583 1.000000
vt 0.989583 0.000000
s 0
usemtl Material.007
f 57/1/1 59/2/1 58/3/1
f 57/1/1 60/4/1 59/2/1
f 29/5/1 31/6/1 30/7/1
f 29/5/1 32/8/1 31/6/1
f 56/9/1 60/4/1 57/1/1
f 56/9/1 61/10/1 60/4/1
f 56/9/1 62/11/1 61/10/1
f 55/12/1 62/11/1 56/9/1
f 55/12/1 63/13/1 62/11/1
f 54/14/1 63/13/1 55/12/1
f 54/14/1 64/15/1 63/13/1
f 53/16/1 64/15/1 54/14/1
f 53/16/1 65/17/1 64/15/1
f 52/18/1 65/17/1 53/16/1
f 52/18/1 66/19/1 65/17/1
f 51/20/1 66/19/1 52/18/1
f 51/20/1 67/21/1 66/19/1
f 50/22/1 67/21/1 51/20/1
f 50/22/1 68/23/1 67/21/1
f 49/24/1 68/23/1 50/22/1
f 49/24/1 69/25/1 68/23/1
f 48/26/1 69/25/1 49/24/1
f 48/26/1 70/27/1 69/25/1
f 47/28/1 70/27/1 48/26/1
f 46/29/1 70/27/1 47/28/1
f 46/29/1 71/30/1 70/27/1
f 45/31/1 71/30/1 46/29/1
f 44/32/1 71/30/1 45/31/1
f 43/33/1 71/30/1 44/32/1
f 43/33/1 72/34/1 71/30/1
f 42/35/1 72/34/1 43/33/1
f 41/36/1 72/34/1 42/35/1
f 40/37/1 72/34/1 41/36/1
f 39/38/1 72/34/1 40/37/1
f 38/39/1 72/34/1 39/38/1
f 37/40/1 72/34/1 38/39/1
f 37/40/1 73/41/1 72/34/1
f 37/40/1 74/42/1 73/41/1
f 37/40/1 75/43/1 74/42/1
f 36/44/1 75/43/1 37/40/1
f 36/44/1 76/45/1 75/43/1
f 36/44/1 77/46/1 76/45/1
f 36/44/1 78/47/1 77/46/1
f 35/48/1 78/47/1 36/44/1
f 35/48/1 79/49/1 78/47/1
f 35/48/1 80/50/1 79/49/1
f 35/48/1 81/51/1 80/50/1
f 34/52/1 81/51/1 35/48/1
f 34/52/1 82/53/1 81/51/1
f 34/52/1 83/54/1 82/53/1
f 34/52/1 84/55/1 83/54/1
f 33/56/1 84/55/1 34/52/1
f 33/56/1 85/57/1 84/55/1
f 32/8/1 85/57/1 33/56/1
f 32/8/1 86/58/1 85/57/1
f 29/5/1 27/59/1 32/8/1
f 27/59/1 26/60/1 32/8/1
f 26/60/1 25/61/1 32/8/1
f 25/61/1 24/62/1 32/8/1
f 24/62/1 23/63/1 32/8/1
f 23/63/1 22/64/1 32/8/1
f 22/64/1 21/65/1 32/8/1
f 21/65/1 20/66/1 32/8/1
f 20/66/1 19/67/1 32/8/1
f 19/67/1 86/58/1 32/8/1
f 19/67/1 18/68/1 86/58/1
f 18/68/1 87/69/1 86/58/1
f 18/68/1 17/70/1 87/69/1
f 17/70/1 88/71/1 87/69/1
f 17/70/1 16/72/1 88/71/1
f 16/72/1 89/73/1 88/71/1
f 16/72/1 15/74/1 89/73/1
f 15/74/1 90/75/1 89/73/1
f 15/74/1 91/76/1 90/75/1
f 14/77/1 91/76/1 15/74/1
f 13/78/1 91/76/1 14/77/1
f 12/79/1 91/76/1 13/78/1
f 11/80/1 91/76/1 12/79/1
f 11/80/1 92/81/1 91/76/1
f 10/82/1 92/81/1 11/80/1
f 9/83/1 92/81/1 10/82/1
f 9/83/1 93/84/1 92/81/1
f 8/85/1 93/84/1 9/83/1
f 7/86/1 93/84/1 8/85/1
f 7/86/1 94/87/1 93/84/1
f 6/88/1 94/87/1 7/86/1
f 5/89/1 94/87/1 6/88/1
f 5/89/1 95/90/1 94/87/1
f 4/91/1 95/90/1 5/89/1
f 4/91/1 96/92/1 95/90/1
f 3/93/1 96/92/1 4/91/1
f 29/5/1 28/94/1 27/59/1
f 3/93/1 1/95/1 96/92/1
f 2/96/1 1/95/1 3/93/1
f 156/97/1 158/98/1 157/99/1
f 156/97/1 159/100/1 158/98/1
f 156/97/1 160/101/1 159/100/1
f 155/38/1 160/101/1 156/97/1
f 155/38/1 161/102/1 160/101/1
f 155/38/1 162/103/1 161/102/1
f 154/104/1 162/103/1 155/38/1
f 154/104/1 163/105/1 162/103/1
f 154/104/1 164/106/1 163/105/1
f 153/107/1 164/106/1 154/104/1
f 153/107/1 165/108/1 164/106/1
f 153/107/1 166/109/1 165/108/1
f 152/110/1 166/109/1 153/107/1
f 152/110/1 167/111/1 166/109/1
f 151/112/1 167/111/1 152/110/1
f 151/112/1 168/113/1 167/111/1
f 151/112/1 169/114/1 168/113/1
f 150/115/1 169/114/1 151/112/1
f 150/115/1 178/116/1 169/114/1
f 178/116/1 177/117/1 169/114/1
f 177/117/1 176/118/1 169/114/1
f 176/118/1 175/119/1 169/114/1
f 175/119/1 174/120/1 169/114/1
f 174/120/1 173/121/1 169/114/1
f 173/121/1 172/122/1 169/114/1
f 172/122/1 171/123/1 169/114/1
f 171/123/1 170/124/1 169/114/1
f 149/125/1 181/126/1 150/115/1
f 181/126/1 180/127/1 150/115/1
f 180/127/1 179/128/1 150/115/1
f 179/128/1 178/116/1 150/115/1
f 148/129/1 182/130/1 149/125/1
f 182/130/1 181/126/1 149/125/1
f 148/129/2 183/131/2 182/130/2
f 148/129/1 184/3/1 183/131/1
f 148/129/1 185/132/1 184/3/1
f 148/129/1 186/133/1 185/132/1
f 147/134/1 186/133/1 148/129/1
f 147/134/1 187/135/1 186/133/1
f 147/134/1 188/136/1 187/135/1
f 147/134/1 189/137/1 188/136/1
f 146/138/1 189/137/1 147/134/1
f 146/138/1 190/139/1 189/137/1
f 146/138/1 191/140/1 190/139/1
f 145/141/1 191/140/1 146/138/1
f 145/141/1 192/142/1 191/140/1
f 145/141/1 193/143/1 192/142/1
f 144/144/1 193/143/1 145/141/1
f 144/144/1 194/145/1 193/143/1
f 143/146/1 194/145/1 144/144/1
f 143/146/1 195/147/1 194/145/1
f 142/148/1 195/147/1 143/146/1
f 142/148/1 196/149/1 195/147/1
f 141/150/1 196/149/1 142/148/1
f 141/150/1 197/151/1 196/149/1
f 140/152/1 197/151/1 141/150/1
f 140/152/1 198/153/1 197/151/1
f 140/152/1 199/154/1 198/153/1
f 139/155/1 199/154/1 140/152/1
f 139/155/1 200/156/1 199/154/1
f 138/157/1 200/156/1 139/155/1
f 138/157/1 201/158/1 200/156/1
f 137/159/1 201/158/1 138/157/1
f 137/159/1 202/160/1 201/158/1
f 136/161/1 202/160/1 137/159/1
f 136/161/1 203/162/1 202/160/1
f 135/163/1 203/162/1 136/161/1
f 135/163/1 204/164/1 203/162/1
f 134/165/1 204/164/1 135/163/1
f 134/165/1 205/166/1 204/164/1
f 133/167/1 205/166/1 134/165/1
f 133/167/1 206/168/1 205/166/1
f 132/169/1 206/168/1 133/167/1
f 132/169/1 207/170/1 206/168/1
f 132/169/1 208/171/1 207/170/1
f 131/172/1 208/171/1 132/169/1
f 131/172/1 209/173/1 208/171/1
f 130/174/1 209/173/1 131/172/1
f 130/174/1 210/175/1 209/173/1
f 129/176/1 210/175/1 130/174/1
f 129/176/1 211/177/1 210/175/1
f 128/178/1 211/177/1 129/176/1
f 128/178/1 212/179/1 211/177/1
f 127/180/1 212/179/1 128/178/1
f 127/180/1 213/46/1 212/179/1
f 127/180/1 214/181/1 213/46/1
f 126/66/1 214/181/1 127/180/1
f 126/66/1 215/182/1 214/181/1
f 125/183/1 215/182/1 126/66/1
f 125/183/1 216/184/1 215/182/1
f 124/185/1 216/184/1 125/183/1
f 124/185/1 217/186/1 216/184/1
f 123/187/1 217/186/1 124/185/1
f 123/187/1 218/188/1 217/186/1
f 123/187/1 219/189/1 218/188/1
f 122/190/1 219/189/1 123/187/1
f 121/191/1 219/189/1 122/190/1
f 120/192/1 219/189/1 121/191/1
f 120/192/1 220/193/1 219/189/1
f 120/192/1 221/194/1 220/193/1
f 120/192/1 222/195/1 221/194/1
f 119/196/1 222/195/1 120/192/1
f 119/196/1 223/197/1 222/195/1
f 241/198/1 97/95/1 242/92/1
f 240/199/1 97/95/1 241/198/1
f 119/196/1 224/200/1 223/197/1
f 118/201/1 224/200/1 119/196/1
f 239/202/1 97/95/1 240/199/1
f 118/201/1 225/203/1 224/200/1
f 238/204/1 97/95/1 239/202/1
f 118/201/1 226/205/1 225/203/1
f 237/206/1 97/95/1 238/204/1
f 236/207/1 97/95/1 237/206/1
f 118/201/1 227/208/1 226/205/1
f 235/209/1 97/95/1 236/207/1
f 117/210/1 227/208/1 118/201/1
f 117/210/1 228/211/1 227/208/1
f 234/212/1 97/95/1 235/209/1
f 233/213/1 97/95/1 234/212/1
f 117/210/1 229/214/1 228/211/1
f 232/215/1 97/95/1 233/213/1
f 231/216/1 97/95/1 232/215/1
f 117/210/1 230/217/1 229/214/1
f 230/217/1 97/95/1 231/216/1
f 117/210/1 97/95/1 230/217/1
f 116/218/1 97/95/1 117/210/1
f 115/219/1 97/95/1 116/218/1
f 115/219/1 98/220/1 97/95/1
f 114/221/1 98/220/1 115/219/1
f 114/221/1 99/222/1 98/220/1
f 113/223/1 99/222/1 114/221/1
f 113/223/1 100/224/1 99/222/1
f 113/223/1 101/225/1 100/224/1
f 112/226/1 101/225/1 113/223/1
f 112/226/1 102/227/1 101/225/1
f 112/226/1 103/228/1 102/227/1
f 111/229/1 103/228/1 112/226/1
f 111/229/1 104/230/1 103/228/1
f 111/229/1 105/231/1 104/230/1
f 110/232/1 105/231/1 111/229/1
f 110/232/1 106/233/1 105/231/1
f 110/232/1 107/234/1 106/233/1
f 109/235/1 107/234/1 110/232/1
f 109/235/1 108/236/1 107/234/1
f 256/237/1 258/238/1 257/239/1
f 256/237/1 273/240/1 258/238/1
f 273/240/1 259/241/1 258/238/1
f 256/237/1 274/242/1 273/240/1
f 272/243/1 259/241/1 273/240/1
f 271/244/1 259/241/1 272/243/1
f 256/237/1 275/245/1 274/242/1
f 270/246/1 259/241/1 271/244/1
f 256/237/1 276/247/1 275/245/1
f 269/248/1 259/241/1 270/246/1
f 256/237/1 277/249/1 276/247/1
f 268/250/1 259/241/1 269/248/1
f 256/237/1 278/251/1 277/249/1
f 267/252/1 259/241/1 268/250/1
f 256/237/1 279/253/1 278/251/1
f 266/254/1 259/241/1 267/252/1
f 256/237/1 280/255/1 279/253/1
f 265/256/1 259/241/1 266/254/1
f 256/237/1 281/257/1 280/255/1
f 264/258/1 259/241/1 265/256/1
f 256/237/1 282/259/1 281/257/1
f 263/260/1 259/241/1 264/258/1
f 256/237/1 283/261/1 282/259/1
f 262/262/1 259/241/1 263/260/1
f 256/237/1 284/263/1 283/261/1
f 286/92/1 259/241/1 262/262/1
f 256/237/1 285/264/1 284/263/1
f 256/237/1 243/95/1 285/264/1
f 243/95/1 286/92/1 285/264/1
f 243/95/1 261/265/1 286/92/1
f 261/265/1 259/241/1 286/92/1
f 256/237/1 244/266/1 243/95/1
f 260/267/1 259/241/1 261/265/1
f 256/237/1 245/268/1 244/266/1
f 256/237/1 246/269/1 245/268/1
f 256/237/1 247/270/1 246/269/1
f 256/237/1 248/271/1 247/270/1
f 256/237/1 249/272/1 248/271/1
f 256/237/1 250/273/1 249/272/1
f 256/237/1 251/274/1 250/273/1
f 256/237/1 252/275/1 251/274/1
f 256/237/1 253/276/1 252/275/1
f 256/237/1 254/277/1 253/276/1
f 256/237/1 255/278/1 254/277/1
f 299/279/1 400/280/1 300/281/1
f 400/280/1 301/282/1 300/281/1
f 400/280/1 302/283/1 301/282/1
f 400/280/1 303/284/1 302/283/1
f 400/280/1 304/285/1 303/284/1
f 400/280/1 305/286/1 304/285/1
f 400/280/1 306/287/1 305/286/1
f 400/280/1 307/288/1 306/287/1
f 400/280/1 308/289/1 307/288/1
f 400/280/1 309/290/1 308/289/1
f 400/280/1 310/291/1 309/290/1
f 400/280/1 311/292/1 310/291/1
f 400/280/1 312/293/1 311/292/1
f 400/280/1 313/294/1 312/293/1
f 400/280/1 314/295/1 313/294/1
f 400/280/1 315/296/1 314/295/1
f 400/280/1 316/297/1 315/296/1
f 400/280/1 317/298/1 316/297/1
f 400/280/1 318/299/1 317/298/1
f 400/280/1 319/300/1 318/299/1
f 400/280/1 320/301/1 319/300/1
f 400/280/1 321/302/1 320/301/1
f 400/280/1 399/303/1 321/302/1
f 399/303/1 398/304/1 321/302/1
f 398/304/1 397/305/1 321/302/1
f 397/305/1 322/306/1 321/302/1
f 299/279/1 401/307/1 400/280/1
f 396/308/1 322/306/1 397/305/1
f 395/309/1 322/306/1 396/308/1
f 394/310/1 322/306/1 395/309/1
f 393/311/1 322/306/1 394/310/1
f 393/311/1 323/312/1 322/306/1
f 392/313/1 323/312/1 393/311/1
f 391/314/1 323/312/1 392/313/1
f 390/315/1 323/312/1 391/314/1
f 390/315/1 324/316/1 323/312/1
f 389/317/1 324/316/1 390/315/1
f 388/318/1 324/316/1 389/317/1
f 388/318/1 325/319/1 324/316/1
f 387/320/1 325/319/1 388/318/1
f 386/321/1 325/319/1 387/320/1
f 386/321/1 326/322/1 325/319/1
f 385/323/1 326/322/1 386/321/1
f 385/323/1 327/324/1 326/322/1
f 384/325/1 327/324/1 385/323/1
f 384/325/1 328/326/1 327/324/1
f 383/327/1 328/326/1 384/325/1
f 382/328/1 328/326/1 383/327/1
f 382/328/1 329/329/1 328/326/1
f 381/330/1 329/329/1 382/328/1
f 380/331/1 329/329/1 381/330/1
f 380/331/1 330/332/1 329/329/1
f 379/333/1 330/332/1 380/331/1
f 378/334/1 330/332/1 379/333/1
f 377/335/1 330/332/1 378/334/1
f 377/335/1 331/336/1 330/332/1
f 376/337/1 331/336/1 377/335/1
f 375/338/1 331/336/1 376/337/1
f 374/339/1 331/336/1 375/338/1
f 373/340/1 331/336/1 374/339/1
f 372/341/1 331/336/1 373/340/1
f 372/341/1 332/342/1 331/336/1
f 371/343/1 332/342/1 372/341/1
f 370/344/1 332/342/1 371/343/1
f 369/345/1 332/342/1 370/344/1
f 368/346/1 332/342/1 369/345/1
f 367/347/1 332/342/1 368/346/1
f 366/348/1 332/342/1 367/347/1
f 366/348/1 333/349/1 332/342/1
f 365/350/1 333/349/1 366/348/1
f 299/279/1 351/351/1 401/307/1
f 299/279/1 352/352/1 351/351/1
f 299/279/1 353/353/1 352/352/1
f 299/279/1 354/354/1 353/353/1
f 364/355/1 333/349/1 365/350/1
f 299/279/1 414/356/1 354/354/1
f 414/356/1 355/357/1 354/354/1
f 414/356/1 356/358/1 355/357/1
f 414/356/1 357/359/1 356/358/1
f 414/356/1 358/360/1 357/359/1
f 414/356/1 359/361/1 358/360/1
f 363/362/1 333/349/1 364/355/1
f 414/356/1 360/363/1 359/361/1
f 414/356/1 361/364/1 360/363/1
f 414/356/1 362/365/1 361/364/1
f 414/356/1 363/362/1 362/365/1
f 414/356/1 333/349/1 363/362/1
f 414/356/1 334/366/1 333/349/1
f 414/356/1 335/367/1 334/366/1
f 414/356/1 336/368/1 335/367/1
f 414/356/1 337/369/1 336/368/1
f 414/356/1 338/370/1 337/369/1
f 414/356/1 339/371/1 338/370/1
f 414/356/1 340/372/1 339/371/1
f 414/356/1 341/373/1 340/372/1
f 414/356/1 342/374/1 341/373/1
f 414/356/1 343/375/1 342/374/1
f 414/356/1 413/376/1 343/375/1
f 413/376/1 412/377/1 343/375/1
f 412/377/1 411/378/1 343/375/1
f 411/378/1 410/379/1 343/375/1
f 410/379/1 344/380/1 343/375/1
f 299/279/1 415/381/1 414/356/1
f 409/382/1 344/380/1 410/379/1
f 408/383/1 344/380/1 409/382/1
f 407/384/1 344/380/1 408/383/1
f 407/384/1 345/385/1 344/380/1
f 406/386/1 345/385/1 407/384/1
f 405/387/1 345/385/1 406/386/1
f 405/387/1 346/388/1 345/385/1
f 404/389/1 346/388/1 405/387/1
f 403/390/1 346/388/1 404/389/1
f 403/390/1 347/391/1 346/388/1
f 402/392/1 347/391/1 403/390/1
f 402/392/1 348/393/1 347/391/1
f 440/92/1 348/393/1 402/392/1
f 440/92/1 349/394/1 348/393/1
f 439/395/1 349/394/1 440/92/1
f 439/395/1 350/396/1 349/394/1
f 438/397/1 350/396/1 439/395/1
f 438/397/1 287/95/1 350/396/1
f 437/398/1 287/95/1 438/397/1
f 436/399/1 287/95/1 437/398/1
f 436/399/1 288/400/1 287/95/1
f 435/401/1 288/400/1 436/399/1
f 434/402/1 288/400/1 435/401/1
f 433/403/1 288/400/1 434/402/1
f 432/404/1 288/400/1 433/403/1
f 432/404/1 289/405/1 288/400/1
f 431/406/1 289/405/1 432/404/1
f 430/407/1 289/405/1 431/406/1
f 429/408/1 289/405/1 430/407/1
f 428/409/1 289/405/1 429/408/1
f 427/410/1 289/405/1 428/409/1
f 426/411/1 289/405/1 427/410/1
f 425/412/1 289/405/1 426/411/1
f 424/413/1 289/405/1 425/412/1
f 423/414/1 289/405/1 424/413/1
f 422/415/1 289/405/1 423/414/1
f 421/416/1 289/405/1 422/415/1
f 420/417/1 289/405/1 421/416/1
f 419/418/1 289/405/1 420/417/1
f 418/419/1 289/405/1 419/418/1
f 417/420/1 289/405/1 418/419/1
f 416/421/1 289/405/1 417/420/1
f 415/381/1 289/405/1 416/421/1
f 299/279/1 289/405/1 415/381/1
f 299/279/1 290/422/1 289/405/1
f 299/279/1 291/423/1 290/422/1
f 299/279/1 292/424/1 291/423/1
f 299/279/1 293/425/1 292/424/1
f 299/279/1 294/426/1 293/425/1
f 299/279/1 295/427/1 294/426/1
f 299/279/1 296/428/1 295/427/1
f 299/279/1 297/429/1 296/428/1
f 298/430/1 297/429/1 299/279/1
f 497/1/3 498/3/3 499/2/3
f 497/1/3 499/2/3 500/4/3
f 469/5/3 470/7/3 471/6/3
f 469/5/3 471/6/3 472/8/3
f 496/9/3 497/1/3 500/4/3
f 496/9/3 500/4/3 501/10/3
f 496/9/3 501/10/3 502/11/3
f 495/12/3 496/9/3 502/11/3
f 495/12/3 502/11/3 503/13/3
f 494/14/3 495/12/3 503/13/3
f 494/14/3 503/13/3 504/15/3
f 493/16/3 494/14/3 504/15/3
f 493/16/3 504/15/3 505/17/3
f 492/18/3 493/16/3 505/17/3
f 492/18/3 505/17/3 506/19/3
f 491/20/3 492/18/3 506/19/3
f 491/20/3 506/19/3 507/21/3
f 490/22/3 491/20/3 507/21/3
f 490/22/3 507/21/3 508/23/3
f 489/24/3 490/22/3 508/23/3
f 489/24/3 508/23/3 509/25/3
f 488/26/3 489/24/3 509/25/3
f 488/26/3 509/25/3 510/27/3
f 487/28/3 488/26/3 510/27/3
f 486/29/3 487/28/3 510/27/3
f 486/29/3 510/27/3 511/30/3
f 485/31/3 486/29/3 511/30/3
f 484/32/3 485/31/3 511/30/3
f 483/33/3 484/32/3 511/30/3
f 483/33/3 511/30/3 512/34/3
f 482/35/3 483/33/3 512/34/3
f 481/36/3 482/35/3 512/34/3
f 480/37/3 481/36/3 512/34/3
f 479/38/3 480/37/3 512/34/3
f 478/39/3 479/38/3 512/34/3
f 477/40/3 478/39/3 512/34/3
f 477/40/3 512/34/3 513/41/3
f 477/40/3 513/41/3 514/42/3
f 477/40/3 514/42/3 515/43/3
f 476/44/3 477/40/3 515/43/3
f 476/44/3 515/43/3 516/45/3
f 476/44/3 516/45/3 517/46/3
f 476/44/3 517/46/3 518/47/3
f 475/48/3 476/44/3 518/47/3
f 475/48/3 518/47/3 519/49/3
f 475/48/3 519/49/3 520/50/3
f 475/48/3 520/50/3 521/51/3
f 474/52/3 475/48/3 521/51/3
f 474/52/3 521/51/3 522/53/3
f 474/52/3 522/53/3 523/54/3
f 474/52/3 523/54/3 524/55/3
f 473/56/3 474/52/3 524/55/3
f 473/56/3 524/55/3 525/57/3
f 472/8/3 473/56/3 525/57/3
f 472/8/3 525/57/3 526/58/3
f 469/5/3 472/8/3 467/59/3
f 467/59/3 472/8/3 466/60/3
f 466/60/3 472/8/3 465/61/3
f 465/61/3 472/8/3 464/62/3
f 464/62/3 472/8/3 463/63/3
f 463/63/3 472/8/3 462/64/3
f 462/64/3 472/8/3 461/65/3
f 461/65/3 472/8/3 460/66/3
f 460/66/3 472/8/3 459/67/3
f 459/67/3 472/8/3 526/58/3
f 459/67/3 526/58/3 458/68/3
f 458/68/3 526/58/3 527/69/3
f 458/68/3 527/69/3 457/70/3
f 457/70/3 527/69/3 528/71/3
f 457/70/3 528/71/3 456/72/3
f 456/72/3 528/71/3 529/73/3
f 456/72/3 529/73/3 455/74/3
f 455/74/3 529/73/3 530/75/3
f 455/74/3 530/75/3 531/76/3
f 454/77/4 455/74/4 531/76/4
f 453/78/3 454/77/3 531/76/3
f 452/79/3 453/78/3 531/76/3
f 451/80/3 452/79/3 531/76/3
f 451/80/3 531/76/3 532/81/3
f 450/82/3 451/80/3 532/81/3
f 449/83/3 450/82/3 532/81/3
f 449/83/3 532/81/3 533/84/3
f 448/85/3 449/83/3 533/84/3
f 447/86/3 448/85/3 533/84/3
f 447/86/3 533/84/3 534/87/3
f 446/88/3 447/86/3 534/87/3
f 445/89/3 446/88/3 534/87/3
f 445/89/3 534/87/3 535/90/3
f 444/91/3 445/89/3 535/90/3
f 444/91/3 535/90/3 536/92/3
f 443/93/3 444/91/3 536/92/3
f 469/5/3 467/59/3 468/94/3
f 443/93/3 536/92/3 441/95/3
f 442/96/3 443/93/3 441/95/3
f 596/97/3 597/99/3 598/98/3
f 596/97/3 598/98/3 599/100/3
f 596/97/3 599/100/3 600/101/3
f 595/38/3 596/97/3 600/101/3
f 595/38/3 600/101/3 601/102/3
f 595/38/3 601/102/3 602/103/3
f 594/104/3 595/38/3 602/103/3
f 594/104/3 602/103/3 603/105/3
f 594/104/3 603/105/3 604/106/3
f 593/107/3 594/104/3 604/106/3
f 593/107/3 604/106/3 605/108/3
f 593/107/3 605/108/3 606/109/3
f 592/110/3 593/107/3 606/109/3
f 592/110/3 606/109/3 607/111/3
f 591/112/3 592/110/3 607/111/3
f 591/112/3 607/111/3 608/113/3
f 591/112/3 608/113/3 609/114/3
f 590/115/3 591/112/3 609/114/3
f 590/115/3 609/114/3 618/116/3
f 618/116/3 609/114/3 617/117/3
f 617/117/3 609/114/3 616/118/3
f 616/118/3 609/114/3 615/119/3
f 615/119/3 609/114/3 614/120/3
f 614/120/3 609/114/3 613/121/3
f 613/121/3 609/114/3 612/122/3
f 612/122/3 609/114/3 611/123/3
f 611/123/3 609/114/3 610/124/3
f 589/125/3 590/115/3 621/126/3
f 621/126/3 590/115/3 620/127/3
f 620/127/3 590/115/3 619/128/3
f 619/128/4 590/115/4 618/116/4
f 588/129/3 589/125/3 622/130/3
f 622/130/3 589/125/3 621/126/3
f 588/129/3 622/130/3 623/131/3
f 588/129/3 623/131/3 624/3/3
f 588/129/3 624/3/3 625/132/3
f 588/129/3 625/132/3 626/133/3
f 587/134/3 588/129/3 626/133/3
f 587/134/3 626/133/3 627/135/3
f 587/134/3 627/135/3 628/136/3
f 587/134/3 628/136/3 629/137/3
f 586/138/3 587/134/3 629/137/3
f 586/138/3 629/137/3 630/139/3
f 586/138/3 630/139/3 631/140/3
f 585/141/3 586/138/3 631/140/3
f 585/141/3 631/140/3 632/142/3
f 585/141/3 632/142/3 633/143/3
f 584/144/3 585/141/3 633/143/3
f 584/144/3 633/143/3 634/145/3
f 583/146/3 584/144/3 634/145/3
f 583/146/3 634/145/3 635/147/3
f 582/148/3 583/146/3 635/147/3
f 582/148/3 635/147/3 636/149/3
f 581/150/3 582/148/3 636/149/3
f 581/150/3 636/149/3 637/151/3
f 580/152/3 581/150/3 637/151/3
f 580/152/3 637/151/3 638/153/3
f 580/152/3 638/153/3 639/154/3
f 579/155/3 580/152/3 639/154/3
f 579/155/3 639/154/3 640/156/3
f 578/157/3 579/155/3 640/156/3
f 578/157/3 640/156/3 641/158/3
f 577/159/3 578/157/3 641/158/3
f 577/159/3 641/158/3 642/160/3
f 576/161/3 577/159/3 642/160/3
f 576/161/3 642/160/3 643/162/3
f 575/163/3 576/161/3 643/162/3
f 575/163/3 643/162/3 644/164/3
f 574/165/3 575/163/3 644/164/3
f 574/165/3 644/164/3 645/166/3
f 573/167/3 574/165/3 645/166/3
f 573/167/3 645/166/3 646/168/3
f 572/169/3 573/167/3 646/168/3
f 572/169/3 646/168/3 647/170/3
f 572/169/3 647/170/3 648/171/3
f 571/172/3 572/169/3 648/171/3
f 571/172/3 648/171/3 649/173/3
f 570/174/3 571/172/3 649/173/3
f 570/174/3 649/173/3 650/175/3
f 569/176/3 570/174/3 650/175/3
f 569/176/3 650/175/3 651/177/3
f 568/178/3 569/176/3 651/177/3
f 568/178/3 651/177/3 652/179/3
f 567/180/3 568/178/3 652/179/3
f 567/180/3 652/179/3 653/46/3
f 567/180/3 653/46/3 654/181/3
f 566/66/3 567/180/3 654/181/3
f 566/66/3 654/181/3 655/182/3
f 565/183/3 566/66/3 655/182/3
f 565/183/3 655/182/3 656/184/3
f 564/185/3 565/183/3 656/184/3
f 564/185/3 656/184/3 657/186/3
f 563/187/3 564/185/3 657/186/3
f 563/187/3 657/186/3 658/188/3
f 563/187/3 658/188/3 659/189/3
f 562/190/3 563/187/3 659/189/3
f 561/191/3 562/190/3 659/189/3
f 560/192/3 561/191/3 659/189/3
f 560/192/3 659/189/3 660/193/3
f 560/192/3 660/193/3 661/194/3
f 560/192/3 661/194/3 662/195/3
f 559/196/3 560/192/3 662/195/3
f 559/196/3 662/195/3 663/197/3
f 681/198/3 682/92/3 537/95/3
f 680/199/3 681/198/3 537/95/3
f 559/196/3 663/197/3 664/200/3
f 558/201/3 559/196/3 664/200/3
f 679/202/3 680/199/3 537/95/3
f 558/201/3 664/200/3 665/203/3
f 678/204/3 679/202/3 537/95/3
f 558/201/3 665/203/3 666/205/3
f 677/206/3 678/204/3 537/95/3
f 676/207/3 677/206/3 537/95/3
f 558/201/3 666/205/3 667/208/3
f 675/209/3 676/207/3 537/95/3
f 557/210/3 558/201/3 667/208/3
f 557/210/3 667/208/3 668/211/3
f 674/212/3 675/209/3 537/95/3
f 673/213/3 674/212/3 537/95/3
f 557/210/3 668/211/3 669/214/3
f 672/215/3 673/213/3 537/95/3
f 671/216/3 672/215/3 537/95/3
f 557/210/3 669/214/3 670/217/3
f 670/217/3 671/216/3 537/95/3
f 557/210/3 670/217/3 537/95/3
f 556/218/3 557/210/3 537/95/3
f 555/219/3 556/218/3 537/95/3
f 555/219/3 537/95/3 538/220/3
f 554/221/3 555/219/3 538/220/3
f 554/221/3 538/220/3 539/222/3
f 553/223/3 554/221/3 539/222/3
f 553/223/3 539/222/3 540/224/3
f 553/223/3 540/224/3 541/225/3
f 552/226/3 553/223/3 541/225/3
f 552/226/3 541/225/3 542/227/3
f 552/226/3 542/227/3 543/228/3
f 551/229/3 552/226/3 543/228/3
f 551/229/3 543/228/3 544/230/3
f 551/229/3 544/230/3 545/231/3
f 550/232/3 551/229/3 545/231/3
f 550/232/3 545/231/3 546/233/3
f 550/232/3 546/233/3 547/234/3
f 549/235/3 550/232/3 547/234/3
f 549/235/3 547/234/3 548/236/3
f 696/237/3 697/239/3 698/238/3
f 696/237/3 698/238/3 713/240/3
f 713/240/3 698/238/3 699/241/3
f 696/237/3 713/240/3 714/242/3
f 712/243/3 713/240/3 699/241/3
f 711/244/3 712/243/3 699/241/3
f 696/237/3 714/242/3 715/245/3
f 710/246/3 711/244/3 699/241/3
f 696/237/3 715/245/3 716/247/3
f 709/248/3 710/246/3 699/241/3
f 696/237/3 716/247/3 717/249/3
f 708/250/3 709/248/3 699/241/3
f 696/237/3 717/249/3 718/251/3
f 707/252/3 708/250/3 699/241/3
f 696/237/3 718/251/3 719/253/3
f 706/254/3 707/252/3 699/241/3
f 696/237/3 719/253/3 720/255/3
f 705/256/3 706/254/3 699/241/3
f 696/237/3 720/255/3 721/257/3
f 704/258/3 705/256/3 699/241/3
f 696/237/3 721/257/3 722/259/3
f 703/260/3 704/258/3 699/241/3
f 696/237/3 722/259/3 723/261/3
f 702/262/3 703/260/3 699/241/3
f 696/237/3 723/261/3 724/263/3
f 726/92/3 702/262/3 699/241/3
f 696/237/3 724/263/3 725/264/3
f 696/237/3 725/264/3 683/95/3
f 683/95/3 725/264/3 726/92/3
f 683/95/3 726/92/3 701/265/3
f 701/265/3 726/92/3 699/241/3
f 696/237/3 683/95/3 684/266/3
f 700/267/3 701/265/3 699/241/3
f 696/237/3 684/266/3 685/268/3
f 696/237/3 685/268/3 686/269/3
f 696/237/3 686/269/3 687/270/3
f 696/237/3 687/270/3 688/271/3
f 696/237/3 688/271/3 689/272/3
f 696/237/3 689/272/3 690/273/3
f 696/237/3 690/273/3 691/274/3
f 696/237/3 691/274/3 692/275/3
f 696/237/3 692/275/3 693/276/3
f 696/237/3 693/276/3 694/277/3
f 696/237/3 694/277/3 695/278/3
f 739/279/3 740/281/3 840/280/3
f 840/280/3 740/281/3 741/282/3
f 840/280/3 741/282/3 742/283/3
f 840/280/3 742/283/3 743/284/3
f 840/280/3 743/284/3 744/285/3
f 840/280/3 744/285/3 745/286/3
f 840/280/3 745/286/3 746/287/3
f 840/280/3 746/287/3 747/288/3
f 840/280/3 747/288/3 748/289/3
f 840/280/3 748/289/3 749/290/3
f 840/280/3 749/290/3 750/291/3
f 840/280/3 750/291/3 751/292/3
f 840/280/3 751/292/3 752/293/3
f 840/280/3 752/293/3 753/294/3
f 840/280/3 753/294/3 754/295/3
f 840/280/3 754/295/3 755/296/3
f 840/280/3 755/296/3 756/297/3
f 840/280/3 756/297/3 757/298/3
f 840/280/3 757/298/3 758/299/3
f 840/280/3 758/299/3 759/300/3
f 840/280/3 759/300/3 760/301/3
f 840/280/3 760/301/3 761/302/3
f 840/280/3 761/302/3 839/303/3
f 839/303/3 761/302/3 838/304/3
f 838/304/3 761/302/3 837/305/3
f 837/305/3 761/302/3 762/306/3
f 739/279/3 840/280/3 841/307/3
f 836/308/3 837/305/3 762/306/3
f 835/309/3 836/308/3 762/306/3
f 834/310/3 835/309/3 762/306/3
f 833/311/3 834/310/3 762/306/3
f 833/311/3 762/306/3 763/312/3
f 832/313/3 833/311/3 763/312/3
f 831/314/3 832/313/3 763/312/3
f 830/315/3 831/314/3 763/312/3
f 830/315/3 763/312/3 764/316/3
f 829/317/3 830/315/3 764/316/3
f 828/318/3 829/317/3 764/316/3
f 828/318/3 764/316/3 765/319/3
f 827/320/3 828/318/3 765/319/3
f 826/321/3 827/320/3 765/319/3
f 826/321/3 765/319/3 766/322/3
f 825/323/3 826/321/3 766/322/3
f 825/323/3 766/322/3 767/324/3
f 824/325/3 825/323/3 767/324/3
f 824/325/3 767/324/3 768/326/3
f 823/327/3 824/325/3 768/326/3
f 822/328/3 823/327/3 768/326/3
f 822/328/3 768/326/3 769/329/3
f 821/330/3 822/328/3 769/329/3
f 820/331/3 821/330/3 769/329/3
f 820/331/3 769/329/3 770/332/3
f 819/333/3 820/331/3 770/332/3
f 818/334/3 819/333/3 770/332/3
f 817/335/3 818/334/3 770/332/3
f 817/335/3 770/332/3 771/336/3
f 816/337/3 817/335/3 771/336/3
f 815/338/3 816/337/3 771/336/3
f 814/339/3 815/338/3 771/336/3
f 813/340/3 814/339/3 771/336/3
f 812/341/3 813/340/3 771/336/3
f 812/341/3 771/336/3 772/342/3
f 811/343/3 812/341/3 772/342/3
f 810/344/3 811/343/3 772/342/3
f 809/345/3 810/344/3 772/342/3
f 808/346/3 809/345/3 772/342/3
f 807/347/3 808/346/3 772/342/3
f 806/348/3 807/347/3 772/342/3
f 806/348/3 772/342/3 773/349/3
f 805/350/3 806/348/3 773/349/3
f 739/279/3 841/307/3 791/351/3
f 739/279/3 791/351/3 792/352/3
f 739/279/3 792/352/3 793/353/3
f 739/279/3 793/353/3 794/354/3
f 804/355/3 805/350/3 773/349/3
f 739/279/3 794/354/3 854/356/3
f 854/356/3 794/354/3 795/357/3
f 854/356/3 795/357/3 796/358/3
f 854/356/3 796/358/3 797/359/3
f 854/356/3 797/359/3 798/360/3
f 854/356/3 798/360/3 799/361/3
f 803/362/3 804/355/3 773/349/3
f 854/356/3 799/361/3 800/363/3
f 854/356/3 800/363/3 801/364/3
f 854/356/3 801/364/3 802/365/3
f 854/356/3 802/365/3 803/362/3
f 854/356/3 803/362/3 773/349/3
f 854/356/3 773/349/3 774/366/3
f 854/356/3 774/366/3 775/367/3
f 854/356/3 775/367/3 776/368/3
f 854/356/3 776/368/3 777/369/3
f 854/356/3 777/369/3 778/370/3
f 854/356/3 778/370/3 779/371/3
f 854/356/3 779/371/3 780/372/3
f 854/356/3 780/372/3 781/373/3
f 854/356/3 781/373/3 782/374/3
f 854/356/3 782/374/3 783/375/3
f 854/356/3 783/375/3 853/376/3
f 853/376/3 783/375/3 852/377/3
f 852/377/3 783/375/3 851/378/3
f 851/378/3 783/375/3 850/379/3
f 850/379/3 783/375/3 784/380/3
f 739/279/3 854/356/3 855/381/3
f 849/382/3 850/379/3 784/380/3
f 848/383/3 849/382/3 784/380/3
f 847/384/3 848/383/3 784/380/3
f 847/384/3 784/380/3 785/385/3
f 846/386/3 847/384/3 785/385/3
f 845/387/3 846/386/3 785/385/3
f 845/387/3 785/385/3 786/388/3
f 844/389/3 845/387/3 786/388/3
f 843/390/3 844/389/3 786/388/3
f 843/390/3 786/388/3 787/391/3
f 842/392/3 843/390/3 787/391/3
f 842/392/3 787/391/3 788/393/3
f 880/92/3 842/392/3 788/393/3
f 880/92/3 788/393/3 789/394/3
f 879/395/3 880/92/3 789/394/3
f 879/395/3 789/394/3 790/396/3
f 878/397/3 879/395/3 790/396/3
f 878/397/3 790/396/3 727/95/3
f 877/398/3 878/397/3 727/95/3
f 876/399/3 877/398/3 727/95/3
f 876/399/3 727/95/3 728/400/3
f 875/401/3 876/399/3 728/400/3
f 874/402/3 875/401/3 728/400/3
f 873/403/3 874/402/3 728/400/3
f 872/404/3 873/403/3 728/400/3
f 872/404/3 728/400/3 729/405/3
f 871/406/3 872/404/3 729/405/3
f 870/407/3 871/406/3 729/405/3
f 869/408/3 870/407/3 729/405/3
f 868/409/3 869/408/3 729/405/3
f 867/410/3 868/409/3 729/405/3
f 866/411/3 867/410/3 729/405/3
f 865/412/3 866/411/3 729/405/3
f 864/413/3 865/412/3 729/405/3
f 863/414/3 864/413/3 729/405/3
f 862/415/3 863/414/3 729/405/3
f 861/416/3 862/415/3 729/405/3
f 860/417/3 861/416/3 729/405/3
f 859/418/3 860/417/3 729/405/3
f 858/419/3 859/418/3 729/405/3
f 857/420/3 858/419/3 729/405/3
f 856/421/3 857/420/3 729/405/3
f 855/381/3 856/421/3 729/405/3
f 739/279/3 855/381/3 729/405/3
f 739/279/3 729/405/3 730/422/3
f 739/279/3 730/422/3 731/423/3
f 739/279/3 731/423/3 732/424/3
f 739/279/3 732/424/3 733/425/3
f 739/279/3 733/425/3 734/426/3
f 739/279/3 734/426/3 735/427/3
f 739/279/3 735/427/3 736/428/3
f 739/279/3 736/428/3 737/429/3
f 738/430/3 739/279/3 737/429/3
s 1
f 882/431/5 884/432/6 883/433/6 881/95/5
f 884/432/6 886/434/7 885/435/7 883/433/6
f 886/434/7 888/436/8 887/437/8 885/435/7
f 888/436/8 890/438/9 889/439/9 887/437/8
f 890/438/9 892/440/10 891/441/10 889/439/9
f 892/440/10 894/442/11 893/443/11 891/441/10
f 894/442/11 896/444/12 895/445/12 893/443/11
f 896/444/12 898/446/13 897/447/13 895/445/12
f 898/446/13 900/448/14 899/449/14 897/447/13
f 900/448/14 902/450/15 901/451/15 899/449/14
f 902/450/15 904/452/16 903/453/16 901/451/15
f 904/452/16 906/454/17 905/455/17 903/453/16
f 906/454/17 908/456/18 907/457/18 905/455/17
f 908/456/18 910/458/19 909/459/19 907/457/18
f 910/458/19 912/460/20 911/461/20 909/459/19
f 912/460/20 914/462/21 913/463/21 911/461/20
f 914/462/21 916/464/22 915/465/22 913/463/21
f 916/464/22 918/466/23 917/467/23 915/465/22
f 918/466/23 920/468/24 919/469/24 917/467/23
f 920/468/24 922/470/25 921/471/25 919/469/24
f 922/470/25 924/472/26 923/473/26 921/471/25
f 924/472/26 926/474/27 925/475/27 923/473/26
f 926/474/27 928/476/28 927/477/28 925/475/27
f 928/476/28 930/478/29 929/479/29 927/477/28
f 930/478/29 932/480/30 931/481/30 929/479/29
f 932/480/30 934/482/31 933/483/31 931/481/30
f 934/482/31 936/484/32 935/485/32 933/483/31
f 936/484/32 938/486/33 937/487/33 935/485/32
f 938/486/33 940/488/34 939/489/34 937/487/33
f 940/488/34 942/490/35 941/491/35 939/489/34
f 942/490/35 944/492/36 943/493/36 941/491/35
f 944/492/36 946/494/37 945/495/37 943/493/36
f 946/494/37 948/496/38 947/497/38 945/495/37
f 948/496/38 950/498/39 949/499/39 947/497/38
f 950/498/39 952/500/40 951/501/40 949/499/39
f 952/500/40 954/502/41 953/503/41 951/501/40
f 954/502/41 956/504/42 955/505/42 953/503/41
f 956/504/42 958/506/43 957/507/43 955/505/42
f 958/506/43 960/508/44 959/509/44 957/507/43
f 960/508/44 962/510/45 961/511/45 959/509/44
f 962/510/45 964/512/46 963/513/46 961/511/45
f 964/512/46 966/514/47 965/515/47 963/513/46
f 966/514/47 968/516/48 967/517/48 965/515/47
f 968/516/48 970/518/49 969/519/49 967/517/48
f 970/518/49 972/520/50 971/521/50 969/519/49
f 972/520/50 974/522/51 973/523/51 971/521/50
f 974/522/51 976/524/52 975/525/52 973/523/51
f 976/524/52 978/526/53 977/527/53 975/525/52
f 978/526/53 980/528/54 979/529/54 977/527/53
f 980/528/54 982/530/55 981/531/55 979/529/54
f 982/530/55 984/532/56 983/533/56 981/531/55
f 984/532/56 986/534/57 985/535/57 983/533/56
f 986/534/57 988/536/58 987/537/58 985/535/57
f 988/536/58 990/538/59 989/539/59 987/537/58
f 990/538/59 992/540/60 991/541/60 989/539/59
f 992/540/60 994/542/61 993/543/61 991/541/60
f 994/542/61 996/544/62 995/545/62 993/543/61
f 996/544/62 998/546/63 997/547/63 995/545/62
f 998/546/63 1000/548/64 999/549/64 997/547/63
f 1000/548/64 1002/550/65 1001/551/65 999/549/64
f 1002/550/65 1004/552/66 1003/553/66 1001/551/65
f 1004/552/66 1006/554/67 1005/555/67 1003/553/66
f 1006/554/67 1008/556/68 1007/557/68 1005/555/67
f 1008/556/68 882/558/5 881/92/5 1007/557/68
f 1010/431/69 1012/559/70 1011/422/70 1009/95/69
f 1012/559/70 1014/560/71 1013/425/71 1011/422/70
f 1014/560/71 1016/561/72 1015/428/72 1013/425/71
f 1016/561/72 1018/562/73 1017/279/73 1015/428/72
f 1018/562/73 1020/563/74 1019/283/74 1017/279/73
f 1020/563/74 1022/564/75 1021/286/75 1019/283/74
f 1022/564/75 1024/565/76 1023/289/76 1021/286/75
f 1024/565/76 1026/566/71 1025/292/71 1023/289/76
f 1026/566/71 1028/567/70 1027/295/70 1025/292/71
f 1028/567/70 1030/568/69 1029/298/69 1027/295/70
f 1030/568/69 1032/569/77 1031/301/77 1029/298/69
f 1032/569/77 1034/570/78 1033/312/78 1031/301/77
f 1034/570/78 1036/571/79 1035/322/79 1033/312/78
f 1036/571/79 1038/572/80 1037/329/80 1035/322/79
f 1038/572/80 1040/573/81 1039/342/81 1037/329/80
f 1040/573/81 1042/574/82 1041/367/82 1039/342/81
f 1042/574/82 1044/575/83 1043/370/83 1041/367/82
f 1044/575/83 1046/576/84 1045/373/84 1043/370/83
f 1046/576/84 1048/577/85 1047/380/85 1045/373/84
f 1048/577/85 1050/578/86 1049/391/86 1047/380/85
f 1050/578/86 1052/579/87 1051/396/87 1049/391/86
f 1052/579/87 1054/580/88 1053/353/88 1051/396/87
f 1054/580/88 1056/581/89 1055/358/89 1053/353/88
f 1056/581/89 1058/582/90 1057/361/90 1055/358/89
f 1058/582/90 1060/583/91 1059/365/91 1057/361/90
f 1060/583/91 1062/584/92 1061/350/92 1059/365/91
f 1062/584/92 1064/585/93 1063/346/93 1061/350/92
f 1064/585/93 1066/586/94 1065/343/94 1063/346/93
f 1066/586/94 1068/587/95 1067/339/95 1065/343/94
f 1068/587/95 1070/588/96 1069/335/96 1067/339/95
f 1070/588/96 1072/589/97 1071/331/97 1069/335/96
f 1072/589/97 1074/590/98 1073/327/98 1071/331/97
f 1074/590/98 1076/591/99 1075/321/99 1073/327/98
f 1076/591/99 1078/592/100 1077/317/100 1075/321/99
f 1078/592/100 1080/593/101 1079/313/101 1077/317/100
f 1080/593/101 1082/594/102 1081/309/102 1079/313/101
f 1082/594/102 1084/595/103 1083/304/103 1081/309/102
f 1084/595/103 1086/596/104 1085/307/104 1083/304/103
f 1086/596/104 1088/597/105 1087/389/105 1085/307/104
f 1088/597/105 1090/598/106 1089/384/106 1087/389/105
f 1090/598/106 1092/599/107 1091/379/107 1089/384/106
f 1092/599/107 1094/600/108 1093/376/108 1091/379/107
f 1094/600/108 1096/601/109 1095/421/109 1093/376/108
f 1096/601/109 1098/602/110 1097/418/110 1095/421/109
f 1098/602/110 1100/603/111 1099/415/111 1097/418/110
f 1100/603/111 1102/604/112 1101/412/112 1099/415/111
f 1102/604/112 1104/605/113 1103/409/113 1101/412/112
f 1104/605/113 1106/606/114 1105/406/114 1103/409/113
f 1106/606/114 1108/607/115 1107/402/115 1105/406/114
f 1108/607/115 1110/608/116 1109/398/116 1107/402/115
f 1110/608/116 1010/558/69 1009/92/69 1109/398/116
f 1112/431/117 1114/609/118 1113/610/118 1111/95/117
f 1114/609/118 1116/611/119 1115/612/119 1113/610/118
f 1116/611/119 1118/613/120 1117/614/120 1115/612/119
f 1118/613/120 1120/615/121 1119/616/121 1117/614/120
f 1120/615/121 1122/617/122 1121/618/122 1119/616/121
f 1122/617/122 1124/619/123 1123/620/123 1121/618/122
f 1124/619/123 1126/621/124 1125/622/124 1123/620/123
f 1126/621/124 1128/623/125 1127/624/125 1125/622/124
f 1128/623/125 1130/625/126 1129/626/126 1127/624/125
f 1130/625/126 1132/627/127 1131/628/127 1129/626/126
f 1132/627/127 1134/629/128 1133/630/128 1131/628/127
f 1134/629/128 1136/631/115 1135/632/115 1133/630/128
f 1136/631/115 1138/575/129 1137/370/129 1135/632/115
f 1138/575/129 1140/633/130 1139/634/130 1137/370/129
f 1140/633/130 1142/635/131 1141/636/131 1139/634/130
f 1142/635/131 1144/637/132 1143/638/132 1141/636/131
f 1144/637/132 1146/639/133 1145/640/133 1143/638/132
f 1146/639/133 1148/641/132 1147/642/132 1145/640/133
f 1148/641/132 1150/643/134 1149/644/134 1147/642/132
f 1150/643/134 1152/645/135 1151/646/135 1149/644/134
f 1152/645/135 1154/647/136 1153/648/136 1151/646/135
f 1154/647/136 1156/649/137 1155/650/137 1153/648/136
f 1156/649/137 1158/651/138 1157/652/138 1155/650/137
f 1158/651/138 1160/653/139 1159/654/139 1157/652/138
f 1160/653/139 1162/655/140 1161/656/140 1159/654/139
f 1162/655/140 1164/592/141 1163/317/141 1161/656/140
f 1164/592/141 1166/657/142 1165/658/142 1163/317/141
f 1166/657/142 1168/659/143 1167/660/143 1165/658/142
f 1168/659/143 1170/661/144 1169/662/144 1167/660/143
f 1170/661/144 1172/663/145 1171/664/145 1169/662/144
f 1172/663/145 1174/665/146 1173/666/146 1171/664/145
f 1174/665/146 1176/667/147 1175/668/147 1173/666/146
f 1176/667/147 1178/669/148 1177/670/148 1175/668/147
f 1178/669/148 1180/671/149 1179/672/149 1177/670/148
f 1180/671/149 1182/673/150 1181/674/150 1179/672/149
f 1182/673/150 1184/675/151 1183/676/151 1181/674/150
f 1184/675/151 1186/677/152 1185/678/152 1183/676/151
f 1186/677/152 1188/679/153 1187/680/153 1185/678/152
f 1188/679/153 1112/558/117 1111/92/117 1187/680/153
f 1190/431/154 1192/681/155 1191/88/155 1189/95/154
f 1192/681/155 1194/682/156 1193/80/156 1191/88/155
f 1194/682/156 1196/683/156 1195/72/156 1193/80/156
f 1196/683/156 1198/684/157 1197/65/157 1195/72/156
f 1198/684/157 1200/685/158 1199/60/158 1197/65/157
f 1200/685/158 1202/686/159 1201/6/159 1199/60/158
f 1202/686/159 1204/687/160 1203/44/160 1201/6/159
f 1204/687/160 1206/688/161 1205/36/161 1203/44/160
f 1206/688/161 1208/689/162 1207/29/162 1205/36/161
f 1208/689/162 1210/690/163 1209/20/163 1207/29/162
f 1210/690/163 1212/691/164 1211/9/164 1209/20/163
f 1212/691/164 1214/692/165 1213/10/165 1211/9/164
f 1214/692/165 1216/693/166 1215/19/166 1213/10/165
f 1216/693/166 1218/694/167 1217/30/167 1215/19/166
f 1218/694/167 1220/695/168 1219/45/168 1217/30/167
f 1220/695/168 1222/696/169 1221/51/169 1219/45/168
f 1222/696/169 1224/697/170 1223/58/170 1221/51/169
f 1224/697/170 1226/698/170 1225/76/170 1223/58/170
f 1226/698/170 1190/558/154 1189/92/154 1225/76/170
f 1228/431/171 1230/699/172 1229/700/172 1227/95/171
f 1230/699/172 1232/701/173 1231/702/173 1229/700/172
f 1232/701/173 1234/703/174 1233/704/174 1231/702/173
f 1234/703/174 1236/705/175 1235/706/175 1233/704/174
f 1236/705/175 1238/707/176 1237/66/176 1235/706/175
f 1238/707/176 1240/708/176 1239/709/176 1237/66/176
f 1240/708/176 1242/710/177 1241/711/177 1239/709/176
f 1242/710/177 1244/712/178 1243/713/178 1241/711/177
f 1244/712/178 1246/714/179 1245/715/179 1243/713/178
f 1246/714/179 1248/716/180 1247/38/180 1245/715/179
f 1248/716/180 1250/717/181 1249/718/181 1247/38/180
f 1250/717/181 1252/719/182 1251/720/182 1249/718/181
f 1252/719/182 1254/721/183 1253/722/183 1251/720/182
f 1254/721/183 1256/723/184 1255/724/184 1253/722/183
f 1256/723/184 1258/725/185 1257/3/185 1255/724/184
f 1258/725/185 1260/726/186 1259/727/186 1257/3/185
f 1260/726/186 1262/728/186 1261/729/186 1259/727/186
f 1262/728/186 1264/730/187 1263/731/187 1261/729/186
f 1264/730/187 1266/732/188 1265/733/188 1263/731/187
f 1266/732/188 1268/734/189 1267/46/189 1265/733/188
f 1268/734/189 1270/735/190 1269/736/190 1267/46/189
f 1270/735/190 1272/737/191 1271/738/191 1269/736/190
f 1272/737/191 1274/739/192 1273/740/192 1271/738/191
f 1274/739/192 1276/741/193 1275/742/193 1273/740/192
f 1276/741/193 1228/558/171 1227/92/171 1275/742/193
f 1278/431/194 1280/743/195 1279/744/195 1277/95/194
f 1280/743/195 1282/745/196 1281/746/196 1279/744/195
f 1282/745/196 1284/747/197 1283/748/197 1281/746/196
f 1284/747/197 1286/749/198 1285/750/198 1283/748/197
f 1286/749/198 1288/751/199 1287/752/199 1285/750/198
f 1288/751/199 1290/753/200 1289/754/200 1287/752/199
f 1290/753/200 1292/755/201 1291/756/201 1289/754/200
f 1292/755/201 1294/757/202 1293/758/202 1291/756/201
f 1294/757/202 1296/759/203 1295/760/203 1293/758/202
f 1296/759/203 1298/761/204 1297/762/204 1295/760/203
f 1298/761/204 1300/763/205 1299/764/205 1297/762/204
f 1300/763/205 1302/765/206 1301/766/206 1299/764/205
f 1302/765/206 1304/767/207 1303/768/207 1301/766/206
f 1304/767/207 1306/769/208 1305/770/208 1303/768/207
f 1306/769/208 1308/771/209 1307/772/209 1305/770/208
f 1308/771/209 1310/773/210 1309/774/210 1307/772/209
f 1310/773/210 1312/775/211 1311/776/211 1309/774/210
f 1312/775/211 1314/777/212 1313/778/212 1311/776/211
f 1314/777/212 1316/779/213 1315/780/213 1313/778/212
f 1316/779/213 1318/781/214 1317/782/214 1315/780/213
f 1318/781/214 1320/783/215 1319/784/215 1317/782/214
f 1320/783/215 1322/785/216 1321/786/216 1319/784/215
f 1322/785/216 1324/787/217 1323/788/217 1321/786/216
f 1324/787/217 1326/789/218 1325/790/218 1323/788/217
f 1326/789/218 1328/791/219 1327/792/219 1325/790/218
f 1328/791/219 1330/793/220 1329/794/220 1327/792/219
f 1330/793/220 1332/795/221 1331/796/221 1329/794/220
f 1332/795/221 1334/797/222 1333/798/222 1331/796/221
f 1334/797/222 1336/799/223 1335/800/223 1333/798/222
f 1336/799/223 1338/801/224 1337/802/224 1335/800/223
f 1338/801/224 1340/803/225 1339/804/225 1337/802/224
f 1340/803/225 1342/805/226 1341/806/226 1339/804/225
f 1342/805/226 1344/807/227 1343/808/227 1341/806/226
f 1344/807/227 1346/809/228 1345/810/228 1343/808/227
f 1346/809/228 1348/811/229 1347/812/229 1345/810/228
f 1348/811/229 1350/813/230 1349/814/230 1347/812/229
f 1350/813/230 1352/815/231 1351/816/231 1349/814/230
f 1352/815/231 1354/817/232 1353/818/232 1351/816/231
f 1354/817/232 1356/819/233 1355/820/233 1353/818/232
f 1356/819/233 1358/821/234 1357/822/234 1355/820/233
f 1358/821/234 1360/823/235 1359/824/235 1357/822/234
f 1360/823/235 1362/825/236 1361/826/236 1359/824/235
f 1362/825/236 1364/827/237 1363/828/237 1361/826/236
f 1364/827/237 1366/829/238 1365/830/238 1363/828/237
f 1366/829/238 1368/831/239 1367/832/239 1365/830/238
f 1368/831/239 1370/833/240 1369/834/240 1367/832/239
f 1370/833/240 1372/835/241 1371/836/241 1369/834/240
f 1372/835/241 1374/837/242 1373/838/242 1371/836/241
f 1374/837/242 1376/839/243 1375/840/243 1373/838/242
f 1376/839/243 1378/841/244 1377/842/244 1375/840/243
f 1378/841/244 1380/843/245 1379/844/245 1377/842/244
f 1380/843/245 1382/845/246 1381/846/246 1379/844/245
f 1382/845/246 1384/847/247 1383/848/247 1381/846/246
f 1384/847/247 1386/849/248 1385/850/248 1383/848/247
f 1386/849/248 1388/851/249 1387/852/249 1385/850/248
f 1388/851/249 1390/853/250 1389/854/250 1387/852/249
f 1390/853/250 1392/855/251 1391/856/251 1389/854/250
f 1392/855/251 1394/857/252 1393/858/252 1391/856/251
f 1394/857/252 1396/859/253 1395/860/253 1393/858/252
f 1396/859/253 1398/861/254 1397/862/254 1395/860/253
f 1398/861/254 1400/863/255 1399/864/255 1397/862/254
f 1400/863/255 1402/865/256 1401/866/256 1399/864/255
f 1402/865/256 1404/867/257 1403/868/257 1401/866/256
f 1404/867/257 1406/869/258 1405/870/258 1403/868/257
f 1406/869/258 1408/871/259 1407/872/259 1405/870/258
f 1408/871/259 1410/873/260 1409/874/260 1407/872/259
f 1410/873/260 1412/875/261 1411/876/261 1409/874/260
f 1412/875/261 1414/877/262 1413/878/262 1411/876/261
f 1414/877/262 1416/879/263 1415/880/263 1413/878/262
f 1416/879/263 1418/881/264 1417/882/264 1415/880/263
f 1418/881/264 1420/883/265 1419/884/265 1417/882/264
f 1420/883/265 1422/885/266 1421/886/266 1419/884/265
f 1422/885/266 1424/494/267 1423/495/267 1421/886/266
f 1424/494/267 1426/887/268 1425/888/268 1423/495/267
f 1426/887/268 1428/889/269 1427/890/269 1425/888/268
f 1428/889/269 1430/891/270 1429/892/270 1427/890/269
f 1430/891/270 1432/893/271 1431/894/271 1429/892/270
f 1432/893/271 1434/895/272 1433/896/272 1431/894/271
f 1434/895/272 1436/897/273 1435/898/273 1433/896/272
f 1436/897/273 1438/899/274 1437/900/274 1435/898/273
f 1438/899/274 1440/901/275 1439/902/275 1437/900/274
f 1440/901/275 1442/903/276 1441/904/276 1439/902/275
f 1442/903/276 1444/905/277 1443/906/277 1441/904/276
f 1444/905/277 1446/907/278 1445/908/278 1443/906/277
f 1446/907/278 1448/909/279 1447/910/279 1445/908/278
f 1448/909/279 1450/911/280 1449/912/280 1447/910/279
f 1450/911/280 1452/913/281 1451/914/281 1449/912/280
f 1452/913/281 1454/915/282 1453/916/282 1451/914/281
f 1454/915/282 1456/917/283 1455/918/283 1453/916/282
f 1456/917/283 1458/919/284 1457/920/284 1455/918/283
f 1458/919/284 1460/921/285 1459/922/285 1457/920/284
f 1460/921/285 1462/923/286 1461/924/286 1459/922/285
f 1462/923/286 1464/925/287 1463/926/287 1461/924/286
f 1464/925/287 1466/927/288 1465/928/288 1463/926/287
f 1466/927/288 1468/929/289 1467/930/289 1465/928/288
f 1468/929/289 1470/931/290 1469/932/290 1467/930/289
f 1470/931/290 1472/933/291 1471/934/291 1469/932/290
f 1472/933/291 1474/935/292 1473/936/292 1471/934/291
f 1474/935/292 1476/937/293 1475/938/293 1473/936/292
f 1476/937/293 1478/939/294 1477/940/294 1475/938/293
f 1478/939/294 1480/941/295 1479/942/295 1477/940/294
f 1480/941/295 1482/943/296 1481/944/296 1479/942/295
f 1482/943/296 1484/945/297 1483/946/297 1481/944/296
f 1484/945/297 1486/947/298 1485/948/298 1483/946/297
f 1486/947/298 1488/949/299 1487/950/299 1485/948/298
f 1488/949/299 1490/951/300 1489/952/300 1487/950/299
f 1490/951/300 1492/953/301 1491/954/301 1489/952/300
f 1492/953/301 1494/955/302 1493/956/302 1491/954/301
f 1494/955/302 1496/957/303 1495/958/303 1493/956/302
f 1496/957/303 1498/959/304 1497/960/304 1495/958/303
f 1498/959/304 1500/961/305 1499/962/305 1497/960/304
f 1500/961/305 1502/963/306 1501/964/306 1499/962/305
f 1502/963/306 1504/965/307 1503/966/307 1501/964/306
f 1504/965/307 1506/967/308 1505/968/308 1503/966/307
f 1506/967/308 1508/969/309 1507/970/309 1505/968/308
f 1508/969/309 1510/971/310 1509/972/310 1507/970/309
f 1510/971/310 1512/973/311 1511/974/311 1509/972/310
f 1512/973/311 1514/975/312 1513/976/312 1511/974/311
f 1514/975/312 1516/977/313 1515/978/313 1513/976/312
f 1516/977/313 1518/979/314 1517/980/314 1515/978/313
f 1518/979/314 1520/981/315 1519/982/315 1517/980/314
f 1520/981/315 1522/983/316 1521/984/316 1519/982/315
f 1522/983/316 1524/985/317 1523/986/317 1521/984/316
f 1524/985/317 1526/987/318 1525/988/318 1523/986/317
f 1526/987/318 1528/989/319 1527/990/319 1525/988/318
f 1528/989/319 1530/991/320 1529/992/320 1527/990/319
f 1530/991/320 1532/993/321 1531/994/321 1529/992/320
f 1532/993/321 1534/995/322 1533/996/322 1531/994/321
f 1534/995/322 1536/997/323 1535/998/323 1533/996/322
f 1536/997/323 1538/999/324 1537/1000/324 1535/998/323
f 1538/999/324 1540/1001/325 1539/1002/325 1537/1000/324
f 1540/1001/325 1542/1003/326 1541/1004/326 1539/1002/325
f 1542/1003/326 1544/1005/327 1543/1006/327 1541/1004/326
f 1544/1005/327 1546/1007/328 1545/1008/328 1543/1006/327
f 1546/1007/328 1548/1009/329 1547/1010/329 1545/1008/328
f 1548/1009/329 1550/1011/330 1549/1012/330 1547/1010/329
f 1550/1011/330 1552/1013/331 1551/1014/331 1549/1012/330
f 1552/1013/331 1554/1015/332 1553/1016/332 1551/1014/331
f 1554/1015/332 1556/1017/333 1555/1018/333 1553/1016/332
f 1556/1017/333 1558/1019/334 1557/1020/334 1555/1018/333
f 1558/1019/334 1560/1021/335 1559/1022/335 1557/1020/334
f 1560/1021/335 1562/1023/336 1561/1024/336 1559/1022/335
f 1562/1023/336 1564/1025/337 1563/1026/337 1561/1024/336
f 1564/1025/337 1566/1027/338 1565/1028/338 1563/1026/337
f 1566/1027/338 1568/1029/339 1567/1030/339 1565/1028/338
f 1568/1029/339 1278/558/194 1277/92/194 1567/1030/339
f 1570/431/115 1572/1031/340 1571/1032/340 1569/95/115
f 1572/1031/340 1574/1033/341 1573/1034/341 1571/1032/340
f 1574/1033/341 1576/434/342 1575/435/342 1573/1034/341
f 1576/434/342 1578/1035/343 1577/1036/343 1575/435/342
f 1578/1035/343 1580/1037/344 1579/1038/344 1577/1036/343
f 1580/1037/344 1582/438/345 1581/439/345 1579/1038/344
f 1582/438/345 1584/1039/346 1583/1040/346 1581/439/345
f 1584/1039/346 1586/1041/347 1585/1042/347 1583/1040/346
f 1586/1041/347 1588/442/348 1587/443/348 1585/1042/347
f 1588/442/348 1590/1043/349 1589/1044/349 1587/443/348
f 1590/1043/349 1592/1045/350 1591/1046/350 1589/1044/349
f 1592/1045/350 1594/446/351 1593/447/351 1591/1046/350
f 1594/446/351 1596/1047/352 1595/1048/352 1593/447/351
f 1596/1047/352 1598/1049/353 1597/1050/353 1595/1048/352
f 1598/1049/353 1600/450/354 1599/451/354 1597/1050/353
f 1600/450/354 1602/1051/355 1601/1052/355 1599/451/354
f 1602/1051/355 1604/1053/356 1603/1054/356 1601/1052/355
f 1604/1053/356 1606/454/357 1605/455/357 1603/1054/356
f 1606/454/357 1608/1055/358 1607/1056/358 1605/455/357
f 1608/1055/358 1610/1057/359 1609/1058/359 1607/1056/358
f 1610/1057/359 1612/458/360 1611/459/360 1609/1058/359
f 1612/458/360 1614/1059/361 1613/1060/361 1611/459/360
f 1614/1059/361 1616/1061/362 1615/1062/362 1613/1060/361
f 1616/1061/362 1618/462/363 1617/463/363 1615/1062/362
f 1618/462/363 1620/1063/364 1619/1064/364 1617/463/363
f 1620/1063/364 1622/1065/365 1621/1066/365 1619/1064/364
f 1622/1065/365 1624/466/115 1623/467/115 1621/1066/365
f 1624/466/115 1626/1067/340 1625/1068/340 1623/467/115
f 1626/1067/340 1628/1069/18 1627/1070/18 1625/1068/340
f 1628/1069/18 1630/470/366 1629/471/366 1627/1070/18
f 1630/470/366 1632/1071/367 1631/1072/367 1629/471/366
f 1632/1071/367 1634/575/368 1633/370/368 1631/1072/367
f 1634/575/368 1636/474/369 1635/475/369 1633/370/368
f 1636/474/369 1638/1073/370 1637/1074/370 1635/475/369
f 1638/1073/370 1640/1075/371 1639/1076/371 1637/1074/370
f 1640/1075/371 1642/478/372 1641/479/372 1639/1076/371
f 1642/478/372 1644/1077/373 1643/1078/373 1641/479/372
f 1644/1077/373 1646/1079/374 1645/1080/374 1643/1078/373
f 1646/1079/374 1648/482/375 1647/483/375 1645/1080/374
f 1648/482/375 1650/1081/376 1649/1082/376 1647/483/375
f 1650/1081/376 1652/1083/377 1651/1084/377 1649/1082/376
f 1652/1083/377 1654/486/378 1653/487/378 1651/1084/377
f 1654/486/378 1656/1085/379 1655/1086/379 1653/487/378
f 1656/1085/379 1658/1087/380 1657/1088/380 1655/1086/379
f 1658/1087/380 1660/490/381 1659/491/381 1657/1088/380
f 1660/490/381 1662/1089/382 1661/1090/382 1659/491/381
f 1662/1089/382 1664/1091/383 1663/1092/383 1661/1090/382
f 1664/1091/383 1666/494/384 1665/495/384 1663/1092/383
f 1666/494/384 1668/1093/385 1667/1094/385 1665/495/384
f 1668/1093/385 1670/1095/386 1669/1096/386 1667/1094/385
f 1670/1095/386 1672/498/387 1671/499/387 1669/1096/386
f 1672/498/387 1674/1097/388 1673/1098/388 1671/499/387
f 1674/1097/388 1676/1099/389 1675/1100/389 1673/1098/388
f 1676/1099/389 1678/502/390 1677/503/390 1675/1100/389
f 1678/502/390 1680/1101/391 1679/1102/391 1677/503/390
f 1680/1101/391 1682/1103/392 1681/1104/392 1679/1102/391
f 1682/1103/392 1684/506/18 1683/507/18 1681/1104/392
f 1684/506/18 1686/1105/366 1685/1106/366 1683/507/18
f 1686/1105/366 1688/1107/393 1687/1108/393 1685/1106/366
f 1688/1107/393 1690/510/394 1689/511/394 1687/1108/393
f 1690/510/394 1692/1109/395 1691/1110/395 1689/511/394
f 1692/1109/395 1694/1111/396 1693/1112/396 1691/1110/395
f 1694/1111/396 1696/514/397 1695/515/397 1693/1112/396
f 1696/514/397 1698/592/398 1697/317/398 1695/515/397
f 1698/592/398 1700/1113/399 1699/1114/399 1697/317/398
f 1700/1113/399 1702/518/400 1701/519/400 1699/1114/399
f 1702/518/400 1704/1115/401 1703/1116/401 1701/519/400
f 1704/1115/401 1706/1117/402 1705/1118/402 1703/1116/401
f 1706/1117/402 1708/522/403 1707/523/403 1705/1118/402
f 1708/522/403 1710/1119/404 1709/1120/404 1707/523/403
f 1710/1119/404 1712/1121/405 1711/1122/405 1709/1120/404
f 1712/1121/405 1714/526/406 1713/527/406 1711/1122/405
f 1714/526/406 1716/1123/407 1715/1124/407 1713/527/406
f 1716/1123/407 1718/1125/408 1717/1126/408 1715/1124/407
f 1718/1125/408 1720/530/409 1719/531/409 1717/1126/408
f 1720/530/409 1722/1127/410 1721/1128/410 1719/531/409
f 1722/1127/410 1724/1129/411 1723/1130/411 1721/1128/410
f 1724/1129/411 1726/534/412 1725/535/412 1723/1130/411
f 1726/534/412 1728/1131/413 1727/1132/413 1725/535/412
f 1728/1131/413 1730/1133/414 1729/1134/414 1727/1132/413
f 1730/1133/414 1732/538/415 1731/539/415 1729/1134/414
f 1732/538/415 1734/1135/416 1733/1136/416 1731/539/415
f 1734/1135/416 1736/1137/417 1735/1138/417 1733/1136/416
f 1736/1137/417 1738/542/418 1737/543/418 1735/1138/417
f 1738/542/418 1740/1139/419 1739/1140/419 1737/543/418
f 1740/1139/419 1742/1141/420 1741/1142/420 1739/1140/419
f 1742/1141/420 1744/546/421 1743/547/421 1741/1142/420
f 1744/546/421 1746/1143/422 1745/1144/422 1743/547/421
f 1746/1143/422 1748/1145/423 1747/1146/423 1745/1144/422
f 1748/1145/423 1750/550/424 1749/551/424 1747/1146/423
f 1750/550/424 1752/1147/425 1751/1148/425 1749/551/424
f 1752/1147/425 1754/1149/426 1753/1150/426 1751/1148/425
f 1754/1149/426 1756/554/427 1755/555/427 1753/1150/426
f 1756/554/427 1758/1151/428 1757/1152/428 1755/555/427
f 1758/1151/428 1760/1153/429 1759/1154/429 1757/1152/428
f 1760/1153/429 1570/558/115 1569/92/115 1759/1154/429
