# Blender 4.5.0
# www.blender.org
mtllib credit.mtl
o Credit_text
v 26.778999 28.607397 67.967880
v 26.775816 28.607693 68.011665
v 26.775488 28.495239 68.012405
v 26.773975 28.495380 68.033211
v 26.774303 28.607834 68.032471
v 26.771086 28.608133 68.076721
v 26.771147 28.629110 68.076584
v 26.779060 28.628374 67.967743
v 26.769661 28.495781 68.092552
v 26.768141 28.495922 68.113472
v 26.768528 28.629011 68.112602
v 26.770048 28.628870 68.091675
v 26.766399 28.561554 68.139603
v 26.766380 28.557381 68.139740
v 26.766357 28.553425 68.139923
v 26.766331 28.549725 68.140152
v 26.766306 28.546307 68.140396
v 26.766279 28.543209 68.140663
v 26.766253 28.540461 68.140915
v 26.766230 28.538097 68.141159
v 26.766209 28.536150 68.141373
v 26.766193 28.534653 68.141541
v 26.766182 28.533640 68.141655
v 26.766178 28.533142 68.141701
v 26.766069 28.526674 68.142990
v 26.765915 28.520941 68.144913
v 26.765717 28.515907 68.147476
v 26.765471 28.511545 68.150711
v 26.765175 28.507820 68.154640
v 26.764832 28.504702 68.159279
v 26.764435 28.502159 68.164642
v 26.763985 28.500162 68.170769
v 26.763479 28.498676 68.177666
v 26.762917 28.497673 68.185356
v 26.762297 28.497122 68.193871
v 26.761618 28.496988 68.203217
v 26.761398 28.497030 68.206223
v 26.761168 28.497116 68.209412
v 26.760921 28.497244 68.212784
v 26.760664 28.497417 68.216331
v 26.760393 28.497631 68.220070
v 26.760109 28.497889 68.223991
v 26.759811 28.498188 68.228104
v 26.759499 28.498528 68.232391
v 26.759174 28.498909 68.236877
v 26.758837 28.499331 68.241539
v 26.758484 28.499792 68.246399
v 26.758118 28.500296 68.251450
v 26.758492 28.628683 68.250603
v 26.758862 28.629143 68.245552
v 26.759216 28.629562 68.240692
v 26.759556 28.629938 68.236015
v 26.759884 28.630274 68.231529
v 26.760197 28.630568 68.227234
v 26.760496 28.630819 68.223122
v 26.760782 28.631029 68.219200
v 26.761055 28.631197 68.215454
v 26.761312 28.631323 68.211906
v 26.761559 28.631409 68.208534
v 26.761789 28.631451 68.205345
v 26.762009 28.631453 68.202339
v 26.762924 28.630981 68.189735
v 26.763710 28.629726 68.178886
v 26.764376 28.627651 68.169670
v 26.764929 28.624716 68.161957
v 26.765381 28.620888 68.155617
v 26.765738 28.616127 68.150543
v 26.766010 28.610397 68.146599
v 26.766207 28.603661 68.143669
v 26.766336 28.595882 68.141617
v 26.766409 28.587021 68.140327
v 26.766432 28.577045 68.139679
v 26.766415 28.565912 68.139542
v 26.764776 28.545542 68.161400
v 26.764782 28.546902 68.161369
v 26.764790 28.548342 68.161316
v 26.764797 28.549858 68.161240
v 26.764809 28.551445 68.161148
v 26.764820 28.553097 68.161049
v 26.764832 28.554810 68.160934
v 26.764845 28.556576 68.160828
v 26.764856 28.558393 68.160721
v 26.764868 28.560253 68.160622
v 26.764879 28.562155 68.160545
v 26.764887 28.564091 68.160492
v 26.764894 28.566055 68.160461
v 26.764900 28.568035 68.160461
v 26.764904 28.570074 68.160477
v 26.764906 28.572159 68.160515
v 26.764906 28.574284 68.160576
v 26.764906 28.576437 68.160660
v 26.764902 28.578609 68.160767
v 26.764898 28.580791 68.160896
v 26.764893 28.582973 68.161064
v 26.764883 28.585148 68.161255
v 26.764872 28.587301 68.161476
v 26.764860 28.589426 68.161728
v 26.764843 28.591515 68.162010
v 26.764812 28.594246 68.162537
v 26.764761 28.596809 68.163330
v 26.764683 28.599190 68.164474
v 26.764576 28.601379 68.166031
v 26.764433 28.603363 68.168060
v 26.764250 28.605129 68.170639
v 26.764021 28.606665 68.173836
v 26.763742 28.607958 68.177711
v 26.763407 28.608997 68.182350
v 26.763014 28.609772 68.187798
v 26.762552 28.610264 68.194145
v 26.762022 28.610468 68.201447
v 26.761858 28.610481 68.203697
v 26.761702 28.610493 68.205856
v 26.761549 28.610495 68.207947
v 26.761400 28.610487 68.210014
v 26.761248 28.610464 68.212090
v 26.761095 28.610424 68.214211
v 26.760935 28.610363 68.216408
v 26.760767 28.610279 68.218719
v 26.760588 28.610165 68.221176
v 26.760395 28.610022 68.223824
v 26.760185 28.609844 68.226685
v 26.759958 28.609627 68.229805
v 26.759695 28.519182 68.230400
v 26.759880 28.518976 68.227844
v 26.760061 28.518793 68.225334
v 26.760241 28.518631 68.222870
v 26.760416 28.518492 68.220451
v 26.760590 28.518370 68.218079
v 26.760757 28.518267 68.215759
v 26.760921 28.518181 68.213493
v 26.761082 28.518110 68.211281
v 26.761238 28.518055 68.209137
v 26.761389 28.518013 68.207047
v 26.761536 28.517984 68.205032
v 26.761679 28.517965 68.203079
v 26.762207 28.518038 68.195816
v 26.762669 28.518358 68.189461
v 26.763071 28.518932 68.183968
v 26.763414 28.519766 68.179260
v 26.763706 28.520863 68.175278
v 26.763952 28.522226 68.171951
v 26.764154 28.523861 68.169228
v 26.764317 28.525772 68.167046
v 26.764448 28.527964 68.165329
v 26.764549 28.530439 68.164017
v 26.764626 28.533203 68.163055
v 26.764683 28.536263 68.162369
v 26.764694 28.536949 68.162231
v 26.764706 28.537590 68.162094
v 26.764717 28.538198 68.161972
v 26.764727 28.538794 68.161865
v 26.764734 28.539387 68.161766
v 26.764742 28.539997 68.161674
v 26.764750 28.540638 68.161598
v 26.764755 28.541327 68.161537
v 26.764761 28.542076 68.161484
v 26.764767 28.542904 68.161438
v 26.764771 28.543823 68.161415
v 26.764774 28.544853 68.161400
v 26.750877 28.574583 68.353516
v 26.756098 28.574097 68.281715
v 26.756037 28.553234 68.281853
v 26.750816 28.553720 68.353653
v 26.750713 28.518414 68.353889
v 26.756432 28.517881 68.275230
v 26.756371 28.497017 68.275368
v 26.749132 28.497692 68.374947
v 26.749519 28.631008 68.374069
v 26.756760 28.630335 68.274490
v 26.756699 28.609472 68.274628
v 26.750980 28.610004 68.353287
v 26.746239 28.497732 68.414734
v 26.746038 28.502813 68.417648
v 26.745852 28.507851 68.420395
v 26.745676 28.512808 68.422966
v 26.745514 28.517653 68.425369
v 26.745363 28.522348 68.427605
v 26.745224 28.526865 68.429665
v 26.745098 28.531162 68.431549
v 26.744984 28.535212 68.433258
v 26.744881 28.538975 68.434792
v 26.744791 28.542419 68.436142
v 26.744713 28.545511 68.437309
v 26.744648 28.548216 68.438301
v 26.744585 28.548197 68.439163
v 26.744522 28.548180 68.440041
v 26.744457 28.548168 68.440933
v 26.744390 28.548161 68.441841
v 26.744324 28.548155 68.442757
v 26.744257 28.548153 68.443687
v 26.744188 28.548153 68.444633
v 26.744118 28.548155 68.445587
v 26.744049 28.548159 68.446548
v 26.743977 28.548164 68.447525
v 26.743906 28.548170 68.448509
v 26.743834 28.548178 68.449509
v 26.741589 28.548386 68.480377
v 26.741444 28.498293 68.480705
v 26.739931 28.498432 68.501511
v 26.740320 28.631865 68.500633
v 26.743536 28.631565 68.456390
v 26.743723 28.631542 68.453819
v 26.743906 28.631510 68.451302
v 26.744085 28.631466 68.448837
v 26.744259 28.631409 68.446442
v 26.744429 28.631338 68.444107
v 26.744593 28.631252 68.441841
v 26.744753 28.631149 68.439651
v 26.744905 28.631031 68.437531
v 26.745054 28.630892 68.435493
v 26.745195 28.630733 68.433533
v 26.745333 28.630556 68.431664
v 26.745461 28.630354 68.429871
v 26.745880 28.629370 68.424080
v 26.746254 28.627974 68.418900
v 26.746582 28.626152 68.414322
v 26.746866 28.623888 68.410324
v 26.747110 28.621161 68.406883
v 26.747314 28.617956 68.403969
v 26.747480 28.614256 68.401573
v 26.747608 28.610043 68.399666
v 26.747702 28.605299 68.398232
v 26.747759 28.600006 68.397247
v 26.747786 28.594151 68.396690
v 26.747782 28.587713 68.396538
v 26.747757 28.582684 68.396706
v 26.747713 28.578024 68.397148
v 26.747650 28.573729 68.397865
v 26.747568 28.569794 68.398865
v 26.747467 28.566216 68.400146
v 26.747345 28.562986 68.401718
v 26.747202 28.560104 68.403572
v 26.747040 28.557562 68.405731
v 26.746855 28.555357 68.408180
v 26.746651 28.553484 68.410934
v 26.746426 28.551937 68.413994
v 26.746178 28.550711 68.417358
v 26.746189 28.550306 68.417191
v 26.746201 28.549896 68.417015
v 26.746212 28.549480 68.416832
v 26.746225 28.549059 68.416649
v 26.746237 28.548632 68.416458
v 26.746250 28.548197 68.416260
v 26.746264 28.547754 68.416061
v 26.746277 28.547304 68.415855
v 26.746292 28.546846 68.415649
v 26.746305 28.546381 68.415436
v 26.746321 28.545906 68.415215
v 26.746336 28.545422 68.414993
v 26.746418 28.542608 68.413757
v 26.746510 28.539572 68.412415
v 26.746609 28.536316 68.410942
v 26.746717 28.532843 68.409332
v 26.746836 28.529154 68.407570
v 26.746967 28.525255 68.405640
v 26.747110 28.521147 68.403526
v 26.747267 28.516830 68.401222
v 26.747438 28.512312 68.398712
v 26.747625 28.507593 68.395988
v 26.747829 28.502676 68.393021
v 26.748051 28.497562 68.389809
v 26.746002 28.572657 68.420509
v 26.746037 28.573259 68.420036
v 26.746071 28.573992 68.419586
v 26.746105 28.574865 68.419167
v 26.746136 28.575888 68.418762
v 26.746166 28.577070 68.418404
v 26.746193 28.578423 68.418076
v 26.746216 28.579956 68.417801
v 26.746237 28.581678 68.417572
v 26.746254 28.583599 68.417397
v 26.746267 28.585732 68.417282
v 26.746277 28.588083 68.417229
v 26.746281 28.593021 68.417343
v 26.746258 28.597168 68.417816
v 26.746201 28.600594 68.418694
v 26.746109 28.603365 68.420067
v 26.745974 28.605555 68.421982
v 26.745794 28.607233 68.424522
v 26.745562 28.608469 68.427750
v 26.745275 28.609333 68.431725
v 26.744928 28.609896 68.436523
v 26.744514 28.610226 68.442215
v 26.744032 28.610395 68.448860
v 26.743475 28.610474 68.456528
v 26.741770 28.610632 68.479965
v 26.741652 28.569479 68.480240
v 26.743895 28.569269 68.449364
v 26.744179 28.569256 68.445457
v 26.744442 28.569273 68.441833
v 26.744684 28.569326 68.438507
v 26.744907 28.569418 68.435463
v 26.745108 28.569555 68.432693
v 26.745289 28.569742 68.430214
v 26.745449 28.569984 68.428001
v 26.745592 28.570284 68.426071
v 26.745714 28.570648 68.424408
v 26.745815 28.571081 68.423004
v 26.745899 28.571589 68.421867
v 26.745966 28.572174 68.420990
v 26.738554 28.508307 68.520767
v 26.738178 28.506512 68.525887
v 26.737812 28.504894 68.530861
v 26.737457 28.503448 68.535698
v 26.737112 28.502172 68.540398
v 26.736778 28.501064 68.544960
v 26.736454 28.500118 68.549377
v 26.736141 28.499331 68.553658
v 26.735838 28.498699 68.557800
v 26.735546 28.498219 68.561806
v 26.735264 28.497889 68.565666
v 26.734993 28.497702 68.569389
v 26.734732 28.497656 68.572975
v 26.734177 28.498030 68.580627
v 26.733650 28.499027 68.587898
v 26.733156 28.500620 68.594749
v 26.732697 28.502779 68.601135
v 26.732277 28.505476 68.607010
v 26.731895 28.508684 68.612350
v 26.731560 28.512371 68.617104
v 26.731270 28.516510 68.621231
v 26.731030 28.521074 68.624695
v 26.730841 28.526033 68.627449
v 26.730707 28.531359 68.629463
v 26.730631 28.537022 68.630684
v 26.730627 28.537819 68.630768
v 26.730621 28.539043 68.630898
v 26.730614 28.540674 68.631065
v 26.730604 28.542683 68.631256
v 26.730595 28.545044 68.631462
v 26.730587 28.547733 68.631676
v 26.730579 28.550726 68.631882
v 26.730574 28.553999 68.632065
v 26.730570 28.557522 68.632225
v 26.730570 28.561275 68.632339
v 26.730576 28.565229 68.632408
v 26.730585 28.569363 68.632416
v 26.730593 28.571630 68.632393
v 26.730602 28.573959 68.632339
v 26.730614 28.576334 68.632263
v 26.730627 28.578743 68.632156
v 26.730642 28.581175 68.632027
v 26.730659 28.583616 68.631866
v 26.730679 28.586056 68.631683
v 26.730701 28.588478 68.631462
v 26.730724 28.590876 68.631218
v 26.730751 28.593231 68.630936
v 26.730778 28.595537 68.630630
v 26.730808 28.597778 68.630287
v 26.730919 28.603367 68.628967
v 26.731085 28.608608 68.626869
v 26.731302 28.613474 68.624039
v 26.731569 28.617939 68.620506
v 26.731884 28.621973 68.616325
v 26.732241 28.625551 68.611526
v 26.732639 28.628645 68.606148
v 26.733076 28.631227 68.600235
v 26.733547 28.633270 68.593819
v 26.734051 28.634748 68.586937
v 26.734585 28.635635 68.579636
v 26.735144 28.635900 68.571953
v 26.735401 28.635807 68.568398
v 26.735670 28.635571 68.564697
v 26.735949 28.635187 68.560860
v 26.736237 28.634653 68.556877
v 26.736534 28.633965 68.552757
v 26.736843 28.633120 68.548492
v 26.737160 28.632114 68.544090
v 26.737488 28.630943 68.539551
v 26.737825 28.629604 68.534874
v 26.738171 28.628094 68.530052
v 26.738527 28.626410 68.525101
v 26.738894 28.624544 68.520004
v 26.738329 28.604876 68.527107
v 26.737997 28.606543 68.531731
v 26.737677 28.608046 68.536194
v 26.737368 28.609390 68.540489
v 26.737070 28.610577 68.544624
v 26.736782 28.611610 68.548599
v 26.736507 28.612497 68.552414
v 26.736242 28.613239 68.556076
v 26.735989 28.613840 68.559586
v 26.735746 28.614305 68.562935
v 26.735514 28.614639 68.566139
v 26.735292 28.614843 68.569191
v 26.735083 28.614923 68.572090
v 26.734690 28.614771 68.577499
v 26.734324 28.614254 68.582504
v 26.733986 28.613398 68.587112
v 26.733679 28.612230 68.591309
v 26.733398 28.610773 68.595100
v 26.733150 28.609055 68.598473
v 26.732931 28.607100 68.601425
v 26.732740 28.604933 68.603951
v 26.732582 28.602579 68.606049
v 26.732456 28.600065 68.607719
v 26.732361 28.597416 68.608948
v 26.732296 28.594658 68.609726
v 26.732271 28.592550 68.609993
v 26.732248 28.590412 68.610237
v 26.732227 28.588253 68.610474
v 26.732206 28.586079 68.610687
v 26.732185 28.583902 68.610878
v 26.732168 28.581728 68.611053
v 26.732151 28.579565 68.611214
v 26.732138 28.577423 68.611343
v 26.732124 28.575308 68.611450
v 26.732113 28.573231 68.611526
v 26.732103 28.571199 68.611580
v 26.732098 28.569221 68.611610
v 26.732090 28.565714 68.611603
v 26.732084 28.562315 68.611549
v 26.732084 28.559050 68.611458
v 26.732086 28.555939 68.611328
v 26.732090 28.553005 68.611176
v 26.732096 28.550274 68.611008
v 26.732101 28.547766 68.610825
v 26.732109 28.545506 68.610649
v 26.732117 28.543516 68.610474
v 26.732124 28.541822 68.610321
v 26.732130 28.540443 68.610191
v 26.732136 28.539406 68.610092
v 26.732189 28.536684 68.609261
v 26.732275 28.534050 68.607994
v 26.732391 28.531530 68.606293
v 26.732540 28.529154 68.604172
v 26.732719 28.526949 68.601639
v 26.732929 28.524940 68.598694
v 26.733168 28.523161 68.595352
v 26.733437 28.521635 68.591606
v 26.733732 28.520391 68.587479
v 26.734058 28.519457 68.582970
v 26.734411 28.518862 68.578087
v 26.734793 28.518633 68.572838
v 26.735006 28.518675 68.569901
v 26.735231 28.518845 68.566818
v 26.735468 28.519142 68.563576
v 26.735716 28.519571 68.560181
v 26.735975 28.520134 68.556641
v 26.736246 28.520834 68.552948
v 26.736526 28.521675 68.549095
v 26.736820 28.522657 68.545097
v 26.737123 28.523787 68.540955
v 26.737440 28.525063 68.536659
v 26.737766 28.526489 68.532211
v 26.738104 28.528070 68.527611
v 26.739103 28.607494 67.964973
v 26.735920 28.607790 68.008766
v 26.735594 28.495337 68.009499
v 26.734079 28.495478 68.030312
v 26.734407 28.607931 68.029572
v 26.731192 28.608231 68.073822
v 26.731253 28.629208 68.073685
v 26.739164 28.628471 67.964836
v 26.729767 28.495878 68.089645
v 26.728245 28.496019 68.110573
v 26.728634 28.629108 68.109695
v 26.730154 28.628967 68.088776
v 26.726505 28.561651 68.136703
v 26.726486 28.557478 68.136841
v 26.726461 28.553522 68.137024
v 26.726437 28.549822 68.137245
v 26.726410 28.546404 68.137497
v 26.726383 28.543306 68.137756
v 26.726358 28.540558 68.138016
v 26.726336 28.538195 68.138260
v 26.726315 28.536247 68.138474
v 26.726299 28.534750 68.138641
v 26.726288 28.533737 68.138756
v 26.726284 28.533239 68.138794
v 26.726173 28.526772 68.140091
v 26.726021 28.521038 68.142014
v 26.725822 28.516005 68.144577
v 26.725576 28.511642 68.147812
v 26.725281 28.507917 68.151741
v 26.724936 28.504799 68.156380
v 26.724539 28.502256 68.161743
v 26.724091 28.500259 68.167870
v 26.723585 28.498774 68.174767
v 26.723022 28.497770 68.182457
v 26.722403 28.497219 68.190971
v 26.721722 28.497086 68.200317
v 26.721504 28.497128 68.203323
v 26.721272 28.497213 68.206512
v 26.721027 28.497341 68.209877
v 26.720770 28.497515 68.213432
v 26.720499 28.497728 68.217171
v 26.720215 28.497986 68.221092
v 26.719915 28.498285 68.225197
v 26.719604 28.498625 68.229492
v 26.719280 28.499006 68.233971
v 26.718941 28.499428 68.238640
v 26.718590 28.499889 68.243500
v 26.718224 28.500393 68.248543
v 26.718597 28.628780 68.247704
v 26.718966 28.629240 68.242653
v 26.719320 28.629660 68.237785
v 26.719662 28.630035 68.233116
v 26.719988 28.630371 68.228630
v 26.720303 28.630665 68.224335
v 26.720602 28.630917 68.220222
v 26.720888 28.631126 68.216293
v 26.721159 28.631294 68.212555
v 26.721418 28.631420 68.209000
v 26.721664 28.631506 68.205627
v 26.721895 28.631548 68.202446
v 26.722115 28.631550 68.199440
v 26.723030 28.631079 68.186836
v 26.723816 28.629824 68.175987
v 26.724480 28.627748 68.166763
v 26.725035 28.624813 68.159050
v 26.725485 28.620985 68.152718
v 26.725843 28.616224 68.147644
v 26.726116 28.610495 68.143700
v 26.726313 28.603758 68.140762
v 26.726442 28.595980 68.138718
v 26.726515 28.587118 68.137428
v 26.726538 28.577143 68.136780
v 26.726521 28.566010 68.136635
v 26.724882 28.545639 68.158493
v 26.724886 28.546999 68.158470
v 26.724894 28.548439 68.158417
v 26.724903 28.549955 68.158340
v 26.724915 28.551542 68.158249
v 26.724926 28.553194 68.158142
v 26.724937 28.554907 68.158035
v 26.724951 28.556673 68.157921
v 26.724962 28.558491 68.157822
v 26.724974 28.560350 68.157722
v 26.724983 28.562252 68.157646
v 26.724993 28.564188 68.157593
v 26.725000 28.566153 68.157562
v 26.725004 28.568132 68.157555
v 26.725008 28.570171 68.157578
v 26.725012 28.572256 68.157608
v 26.725012 28.574381 68.157669
v 26.725012 28.576534 68.157753
v 26.725008 28.578707 68.157867
v 26.725004 28.580889 68.157997
v 26.724997 28.583071 68.158157
v 26.724989 28.585245 68.158356
v 26.724977 28.587399 68.158569
v 26.724964 28.589523 68.158821
v 26.724949 28.591612 68.159111
v 26.724918 28.594343 68.159630
v 26.724867 28.596907 68.160431
v 26.724789 28.599287 68.161575
v 26.724682 28.601477 68.163124
v 26.724539 28.603460 68.165161
v 26.724356 28.605227 68.167740
v 26.724127 28.606762 68.170937
v 26.723848 28.608055 68.174812
v 26.723513 28.609095 68.179443
v 26.723118 28.609869 68.184898
v 26.722658 28.610361 68.191246
v 26.722128 28.610565 68.198547
v 26.721964 28.610579 68.200798
v 26.721807 28.610590 68.202957
v 26.721655 28.610592 68.205048
v 26.721504 28.610584 68.207115
v 26.721354 28.610561 68.209190
v 26.721199 28.610521 68.211311
v 26.721041 28.610460 68.213501
v 26.720871 28.610376 68.215813
v 26.720692 28.610262 68.218277
v 26.720499 28.610119 68.220917
v 26.720291 28.609941 68.223785
v 26.720064 28.609724 68.226906
v 26.719801 28.519279 68.227501
v 26.719986 28.519073 68.224945
v 26.720167 28.518890 68.222435
v 26.720346 28.518728 68.219971
v 26.720522 28.518589 68.217545
v 26.720694 28.518467 68.215172
v 26.720863 28.518364 68.212852
v 26.721027 28.518278 68.210587
v 26.721188 28.518208 68.208382
v 26.721344 28.518152 68.206230
v 26.721495 28.518110 68.204147
v 26.721642 28.518082 68.202133
v 26.721783 28.518063 68.200180
v 26.722313 28.518135 68.192917
v 26.722775 28.518456 68.186562
v 26.723175 28.519030 68.181068
v 26.723520 28.519863 68.176353
v 26.723812 28.520960 68.172371
v 26.724058 28.522324 68.169052
v 26.724258 28.523958 68.166328
v 26.724422 28.525869 68.164146
v 26.724552 28.528061 68.162430
v 26.724655 28.530537 68.161118
v 26.724731 28.533300 68.160156
v 26.724789 28.536360 68.159470
v 26.724800 28.537046 68.159325
v 26.724812 28.537687 68.159195
v 26.724821 28.538296 68.159073
v 26.724831 28.538891 68.158966
v 26.724840 28.539484 68.158867
v 26.724848 28.540094 68.158775
v 26.724855 28.540735 68.158699
v 26.724861 28.541424 68.158630
v 26.724867 28.542173 68.158577
v 26.724873 28.543001 68.158539
v 26.724876 28.543921 68.158516
v 26.724880 28.544950 68.158501
v 26.710983 28.574680 68.350616
v 26.716202 28.574194 68.278816
v 26.716141 28.553331 68.278954
v 26.710922 28.553818 68.350754
v 26.710819 28.518511 68.350983
v 26.716537 28.517979 68.272324
v 26.716476 28.497114 68.272461
v 26.709238 28.497789 68.372047
v 26.709625 28.631105 68.371170
v 26.716866 28.630432 68.271591
v 26.716805 28.609570 68.271729
v 26.711086 28.610102 68.350388
v 26.706345 28.497829 68.411835
v 26.706144 28.502911 68.414749
v 26.705957 28.507948 68.417488
v 26.705782 28.512905 68.420067
v 26.705620 28.517750 68.422470
v 26.705469 28.522446 68.424706
v 26.705330 28.526962 68.426765
v 26.705202 28.531260 68.428650
v 26.705088 28.535309 68.430359
v 26.704987 28.539072 68.431885
v 26.704897 28.542517 68.433235
v 26.704819 28.545609 68.434410
v 26.704754 28.548313 68.435402
v 26.704691 28.548294 68.436264
v 26.704626 28.548277 68.437141
v 26.704561 28.548265 68.438034
v 26.704496 28.548258 68.438942
v 26.704430 28.548252 68.439857
v 26.704361 28.548250 68.440788
v 26.704292 28.548250 68.441727
v 26.704224 28.548252 68.442680
v 26.704153 28.548256 68.443649
v 26.704082 28.548262 68.444626
v 26.704012 28.548267 68.445610
v 26.703939 28.548275 68.446602
v 26.701694 28.548483 68.477470
v 26.701550 28.498390 68.477798
v 26.700035 28.498529 68.498611
v 26.700424 28.631962 68.497734
v 26.703642 28.631662 68.453491
v 26.703829 28.631639 68.450912
v 26.704012 28.631607 68.448395
v 26.704191 28.631563 68.445938
v 26.704365 28.631506 68.443542
v 26.704535 28.631435 68.441208
v 26.704699 28.631350 68.438942
v 26.704857 28.631247 68.436752
v 26.705011 28.631128 68.434631
v 26.705160 28.630989 68.432594
v 26.705301 28.630831 68.430634
v 26.705437 28.630653 68.428757
v 26.705566 28.630451 68.426971
v 26.705986 28.629467 68.421181
v 26.706358 28.628071 68.416000
v 26.706686 28.626249 68.411423
v 26.706972 28.623985 68.407425
v 26.707216 28.621258 68.403984
v 26.707420 28.618053 68.401070
v 26.707584 28.614353 68.398674
v 26.707714 28.610140 68.396767
v 26.707806 28.605396 68.395332
v 26.707865 28.600103 68.394348
v 26.707891 28.594248 68.393791
v 26.707886 28.587811 68.393639
v 26.707863 28.582781 68.393806
v 26.707819 28.578121 68.394249
v 26.707756 28.573826 68.394966
v 26.707674 28.569891 68.395966
v 26.707571 28.566313 68.397247
v 26.707449 28.563084 68.398811
v 26.707308 28.560202 68.400673
v 26.707146 28.557659 68.402832
v 26.706961 28.555454 68.405281
v 26.706757 28.553581 68.408035
v 26.706530 28.552034 68.411095
v 26.706282 28.550808 68.414459
v 26.706293 28.550404 68.414291
v 26.706306 28.549994 68.414116
v 26.706318 28.549578 68.413933
v 26.706329 28.549156 68.413750
v 26.706343 28.548729 68.413559
v 26.706356 28.548294 68.413361
v 26.706369 28.547852 68.413162
v 26.706383 28.547401 68.412956
v 26.706398 28.546944 68.412750
v 26.706411 28.546478 68.412537
v 26.706427 28.546003 68.412315
v 26.706442 28.545519 68.412094
v 26.706524 28.542706 68.410858
v 26.706615 28.539669 68.409515
v 26.706715 28.536413 68.408043
v 26.706823 28.532940 68.406425
v 26.706942 28.529251 68.404663
v 26.707073 28.525352 68.402733
v 26.707216 28.521244 68.400627
v 26.707373 28.516928 68.398323
v 26.707544 28.512409 68.395813
v 26.707731 28.507690 68.393082
v 26.707935 28.502773 68.390121
v 26.708157 28.497660 68.386909
v 26.706106 28.572754 68.417610
v 26.706142 28.573357 68.417137
v 26.706177 28.574089 68.416687
v 26.706211 28.574963 68.416260
v 26.706242 28.575985 68.415863
v 26.706270 28.577168 68.415504
v 26.706297 28.578520 68.415176
v 26.706322 28.580053 68.414902
v 26.706343 28.581776 68.414673
v 26.706360 28.583696 68.414497
v 26.706373 28.585829 68.414383
v 26.706383 28.588181 68.414330
v 26.706387 28.593119 68.414444
v 26.706362 28.597265 68.414909
v 26.706306 28.600691 68.415794
v 26.706215 28.603462 68.417160
v 26.706079 28.605652 68.419083
v 26.705900 28.607330 68.421623
v 26.705667 28.608566 68.424843
v 26.705381 28.609430 68.428825
v 26.705032 28.609993 68.433624
v 26.704620 28.610323 68.439316
v 26.704138 28.610493 68.445961
v 26.703581 28.610571 68.453629
v 26.701876 28.610729 68.477066
v 26.701756 28.569576 68.477333
v 26.704000 28.569366 68.446465
v 26.704285 28.569353 68.442558
v 26.704548 28.569370 68.438934
v 26.704790 28.569424 68.435600
v 26.705011 28.569515 68.432556
v 26.705214 28.569653 68.429794
v 26.705395 28.569839 68.427315
v 26.705555 28.570082 68.425102
v 26.705696 28.570381 68.423172
v 26.705818 28.570745 68.421501
v 26.705921 28.571178 68.420105
v 26.706005 28.571686 68.418968
v 26.706070 28.572271 68.418091
v 26.698660 28.508404 68.517868
v 26.698284 28.506609 68.522987
v 26.697918 28.504992 68.527962
v 26.697561 28.503546 68.532799
v 26.697218 28.502270 68.537498
v 26.696882 28.501162 68.542061
v 26.696560 28.500216 68.546478
v 26.696247 28.499428 68.550758
v 26.695944 28.498796 68.554901
v 26.695652 28.498316 68.558899
v 26.695370 28.497986 68.562767
v 26.695099 28.497799 68.566490
v 26.694838 28.497753 68.570076
v 26.694283 28.498127 68.577728
v 26.693756 28.499125 68.584999
v 26.693262 28.500717 68.591850
v 26.692802 28.502876 68.598228
v 26.692381 28.505573 68.604111
v 26.692001 28.508781 68.609451
v 26.691666 28.512468 68.614204
v 26.691376 28.516607 68.618332
v 26.691133 28.521172 68.621788
v 26.690947 28.526131 68.624550
v 26.690813 28.531456 68.626556
v 26.690737 28.537119 68.627785
v 26.690733 28.537916 68.627869
v 26.690727 28.539141 68.627998
v 26.690720 28.540771 68.628159
v 26.690710 28.542780 68.628357
v 26.690701 28.545141 68.628563
v 26.690691 28.547831 68.628777
v 26.690683 28.550823 68.628975
v 26.690678 28.554096 68.629166
v 26.690676 28.557619 68.629326
v 26.690676 28.561373 68.629440
v 26.690681 28.565327 68.629509
v 26.690691 28.569460 68.629517
v 26.690697 28.571728 68.629494
v 26.690706 28.574057 68.629440
v 26.690718 28.576431 68.629364
v 26.690731 28.578840 68.629257
v 26.690748 28.581272 68.629128
v 26.690765 28.583714 68.628967
v 26.690784 28.586153 68.628777
v 26.690805 28.588575 68.628563
v 26.690830 28.590973 68.628319
v 26.690855 28.593328 68.628036
v 26.690884 28.595634 68.627731
v 26.690914 28.597876 68.627388
v 26.691025 28.603464 68.626060
v 26.691189 28.608706 68.623970
v 26.691408 28.613571 68.621132
v 26.691675 28.618036 68.617607
v 26.691988 28.622070 68.613426
v 26.692347 28.625648 68.608627
v 26.692745 28.628742 68.603249
v 26.693182 28.631325 68.597328
v 26.693653 28.633368 68.590912
v 26.694157 28.634846 68.584038
v 26.694689 28.635733 68.576736
v 26.695250 28.635998 68.569054
v 26.695507 28.635904 68.565498
v 26.695776 28.635668 68.561798
v 26.696054 28.635284 68.557961
v 26.696342 28.634750 68.553978
v 26.696640 28.634062 68.549850
v 26.696949 28.633217 68.545593
v 26.697266 28.632212 68.541191
v 26.697594 28.631041 68.536652
v 26.697929 28.629702 68.531975
v 26.698277 28.628191 68.527153
v 26.698633 28.626507 68.522202
v 26.698999 28.624641 68.517105
v 26.698435 28.604973 68.524208
v 26.698101 28.606640 68.528831
v 26.697781 28.608143 68.533287
v 26.697472 28.609488 68.537590
v 26.697174 28.610674 68.541718
v 26.696888 28.611708 68.545700
v 26.696613 28.612595 68.549515
v 26.696348 28.613337 68.553177
v 26.696095 28.613937 68.556679
v 26.695852 28.614403 68.560036
v 26.695620 28.614737 68.563240
v 26.695398 28.614941 68.566292
v 26.695189 28.615021 68.569191
v 26.694794 28.614868 68.574600
v 26.694429 28.614351 68.579605
v 26.694092 28.613495 68.584213
v 26.693783 28.612328 68.588409
v 26.693504 28.610870 68.592201
v 26.693254 28.609152 68.595573
v 26.693035 28.607197 68.598526
v 26.692846 28.605030 68.601051
v 26.692688 28.602676 68.603149
v 26.692562 28.600163 68.604813
v 26.692465 28.597513 68.606041
v 26.692402 28.594755 68.606827
v 26.692377 28.592648 68.607094
v 26.692354 28.590509 68.607338
v 26.692331 28.588350 68.607574
v 26.692310 28.586176 68.607788
v 26.692291 28.584000 68.607979
v 26.692274 28.581825 68.608154
v 26.692257 28.579662 68.608307
v 26.692242 28.577520 68.608437
v 26.692230 28.575405 68.608543
v 26.692219 28.573328 68.608627
v 26.692209 28.571297 68.608681
v 26.692204 28.569319 68.608711
v 26.692194 28.565811 68.608704
v 26.692190 28.562412 68.608650
v 26.692188 28.559147 68.608559
v 26.692190 28.556036 68.608429
v 26.692194 28.553102 68.608276
v 26.692200 28.550371 68.608101
v 26.692207 28.547863 68.607925
v 26.692215 28.545603 68.607750
v 26.692223 28.543613 68.607574
v 26.692230 28.541920 68.607422
v 26.692236 28.540541 68.607292
v 26.692240 28.539503 68.607193
v 26.692295 28.536781 68.606361
v 26.692381 28.534147 68.605087
v 26.692497 28.531628 68.603394
v 26.692646 28.529251 68.601273
v 26.692825 28.527046 68.598740
v 26.693033 28.525038 68.595795
v 26.693274 28.523258 68.592445
v 26.693541 28.521732 68.588707
v 26.693838 28.520489 68.584579
v 26.694164 28.519554 68.580070
v 26.694517 28.518959 68.575188
v 26.694899 28.518730 68.569939
v 26.695112 28.518772 68.567001
v 26.695337 28.518942 68.563919
v 26.695574 28.519239 68.560677
v 26.695822 28.519669 68.557281
v 26.696081 28.520231 68.553741
v 26.696350 28.520931 68.550041
v 26.696632 28.521772 68.546196
v 26.696926 28.522755 68.542198
v 26.697229 28.523884 68.538055
v 26.697546 28.525160 68.533752
v 26.697872 28.526587 68.529312
v 26.698210 28.528168 68.524712
v 26.698660 28.508404 68.517868
v 26.738554 28.508307 68.520767
v 26.698284 28.506609 68.522987
v 26.738178 28.506512 68.525887
v 26.697918 28.504992 68.527962
v 26.737812 28.504894 68.530861
v 26.697561 28.503546 68.532799
v 26.737457 28.503448 68.535698
v 26.697218 28.502270 68.537498
v 26.737112 28.502172 68.540398
v 26.696882 28.501162 68.542061
v 26.736778 28.501064 68.544960
v 26.696560 28.500216 68.546478
v 26.736454 28.500118 68.549377
v 26.696247 28.499428 68.550758
v 26.736141 28.499331 68.553658
v 26.695944 28.498796 68.554901
v 26.735838 28.498699 68.557800
v 26.695652 28.498316 68.558899
v 26.735546 28.498219 68.561806
v 26.695370 28.497986 68.562767
v 26.735264 28.497889 68.565666
v 26.695099 28.497799 68.566490
v 26.734993 28.497702 68.569389
v 26.694838 28.497753 68.570076
v 26.734732 28.497656 68.572975
v 26.694283 28.498127 68.577728
v 26.734177 28.498030 68.580627
v 26.693756 28.499125 68.584999
v 26.733650 28.499027 68.587898
v 26.693262 28.500717 68.591850
v 26.733156 28.500620 68.594749
v 26.692802 28.502876 68.598228
v 26.732697 28.502779 68.601135
v 26.692381 28.505573 68.604111
v 26.732277 28.505476 68.607010
v 26.692001 28.508781 68.609451
v 26.731895 28.508684 68.612350
v 26.691666 28.512468 68.614204
v 26.731560 28.512371 68.617104
v 26.691376 28.516607 68.618332
v 26.731270 28.516510 68.621231
v 26.691133 28.521172 68.621788
v 26.731030 28.521074 68.624695
v 26.690947 28.526131 68.624550
v 26.730841 28.526033 68.627449
v 26.690813 28.531456 68.626556
v 26.730707 28.531359 68.629463
v 26.690737 28.537119 68.627785
v 26.730631 28.537022 68.630684
v 26.690733 28.537916 68.627869
v 26.730627 28.537819 68.630768
v 26.690727 28.539141 68.627998
v 26.730621 28.539043 68.630898
v 26.690720 28.540771 68.628159
v 26.730614 28.540674 68.631065
v 26.690710 28.542780 68.628357
v 26.730604 28.542683 68.631256
v 26.690701 28.545141 68.628563
v 26.730595 28.545044 68.631462
v 26.690691 28.547831 68.628777
v 26.730587 28.547733 68.631676
v 26.690683 28.550823 68.628975
v 26.730579 28.550726 68.631882
v 26.690678 28.554096 68.629166
v 26.730574 28.553999 68.632065
v 26.690676 28.557619 68.629326
v 26.730570 28.557522 68.632225
v 26.690676 28.561373 68.629440
v 26.730570 28.561275 68.632339
v 26.690681 28.565327 68.629509
v 26.730576 28.565229 68.632408
v 26.690691 28.569460 68.629517
v 26.730585 28.569363 68.632416
v 26.690697 28.571728 68.629494
v 26.730593 28.571630 68.632393
v 26.690706 28.574057 68.629440
v 26.730602 28.573959 68.632339
v 26.690718 28.576431 68.629364
v 26.730614 28.576334 68.632263
v 26.690731 28.578840 68.629257
v 26.730627 28.578743 68.632156
v 26.690748 28.581272 68.629128
v 26.730642 28.581175 68.632027
v 26.690765 28.583714 68.628967
v 26.730659 28.583616 68.631866
v 26.690784 28.586153 68.628777
v 26.730679 28.586056 68.631683
v 26.690805 28.588575 68.628563
v 26.730701 28.588478 68.631462
v 26.690830 28.590973 68.628319
v 26.730724 28.590876 68.631218
v 26.690855 28.593328 68.628036
v 26.730751 28.593231 68.630936
v 26.690884 28.595634 68.627731
v 26.730778 28.595537 68.630630
v 26.690914 28.597876 68.627388
v 26.730808 28.597778 68.630287
v 26.691025 28.603464 68.626060
v 26.730919 28.603367 68.628967
v 26.691189 28.608706 68.623970
v 26.731085 28.608608 68.626869
v 26.691408 28.613571 68.621132
v 26.731302 28.613474 68.624039
v 26.691675 28.618036 68.617607
v 26.731569 28.617939 68.620506
v 26.691988 28.622070 68.613426
v 26.731884 28.621973 68.616325
v 26.692347 28.625648 68.608627
v 26.732241 28.625551 68.611526
v 26.692745 28.628742 68.603249
v 26.732639 28.628645 68.606148
v 26.693182 28.631325 68.597328
v 26.733076 28.631227 68.600235
v 26.693653 28.633368 68.590912
v 26.733547 28.633270 68.593819
v 26.694157 28.634846 68.584038
v 26.734051 28.634748 68.586937
v 26.694689 28.635733 68.576736
v 26.734585 28.635635 68.579636
v 26.695250 28.635998 68.569054
v 26.735144 28.635900 68.571953
v 26.695507 28.635904 68.565498
v 26.735401 28.635807 68.568398
v 26.695776 28.635668 68.561798
v 26.735670 28.635571 68.564697
v 26.696054 28.635284 68.557961
v 26.735949 28.635187 68.560860
v 26.696342 28.634750 68.553978
v 26.736237 28.634653 68.556877
v 26.696640 28.634062 68.549850
v 26.736534 28.633965 68.552757
v 26.696949 28.633217 68.545593
v 26.736843 28.633120 68.548492
v 26.697266 28.632212 68.541191
v 26.737160 28.632114 68.544090
v 26.697594 28.631041 68.536652
v 26.737488 28.630943 68.539551
v 26.697929 28.629702 68.531975
v 26.737825 28.629604 68.534874
v 26.698277 28.628191 68.527153
v 26.738171 28.628094 68.530052
v 26.698633 28.626507 68.522202
v 26.738527 28.626410 68.525101
v 26.698999 28.624641 68.517105
v 26.738894 28.624544 68.520004
v 26.698435 28.604973 68.524208
v 26.738329 28.604876 68.527107
v 26.698101 28.606640 68.528831
v 26.737997 28.606543 68.531731
v 26.697781 28.608143 68.533287
v 26.737677 28.608046 68.536194
v 26.697472 28.609488 68.537590
v 26.737368 28.609390 68.540489
v 26.697174 28.610674 68.541718
v 26.737070 28.610577 68.544624
v 26.696888 28.611708 68.545700
v 26.736782 28.611610 68.548599
v 26.696613 28.612595 68.549515
v 26.736507 28.612497 68.552414
v 26.696348 28.613337 68.553177
v 26.736242 28.613239 68.556076
v 26.696095 28.613937 68.556679
v 26.735989 28.613840 68.559586
v 26.695852 28.614403 68.560036
v 26.735746 28.614305 68.562935
v 26.695620 28.614737 68.563240
v 26.735514 28.614639 68.566139
v 26.695398 28.614941 68.566292
v 26.735292 28.614843 68.569191
v 26.695189 28.615021 68.569191
v 26.735083 28.614923 68.572090
v 26.694794 28.614868 68.574600
v 26.734690 28.614771 68.577499
v 26.694429 28.614351 68.579605
v 26.734324 28.614254 68.582504
v 26.694092 28.613495 68.584213
v 26.733986 28.613398 68.587112
v 26.693783 28.612328 68.588409
v 26.733679 28.612230 68.591309
v 26.693504 28.610870 68.592201
v 26.733398 28.610773 68.595100
v 26.693254 28.609152 68.595573
v 26.733150 28.609055 68.598473
v 26.693035 28.607197 68.598526
v 26.732931 28.607100 68.601425
v 26.692846 28.605030 68.601051
v 26.732740 28.604933 68.603951
v 26.692688 28.602676 68.603149
v 26.732582 28.602579 68.606049
v 26.692562 28.600163 68.604813
v 26.732456 28.600065 68.607719
v 26.692465 28.597513 68.606041
v 26.732361 28.597416 68.608948
v 26.692402 28.594755 68.606827
v 26.732296 28.594658 68.609726
v 26.692377 28.592648 68.607094
v 26.732271 28.592550 68.609993
v 26.692354 28.590509 68.607338
v 26.732248 28.590412 68.610237
v 26.692331 28.588350 68.607574
v 26.732227 28.588253 68.610474
v 26.692310 28.586176 68.607788
v 26.732206 28.586079 68.610687
v 26.692291 28.584000 68.607979
v 26.732185 28.583902 68.610878
v 26.692274 28.581825 68.608154
v 26.732168 28.581728 68.611053
v 26.692257 28.579662 68.608307
v 26.732151 28.579565 68.611214
v 26.692242 28.577520 68.608437
v 26.732138 28.577423 68.611343
v 26.692230 28.575405 68.608543
v 26.732124 28.575308 68.611450
v 26.692219 28.573328 68.608627
v 26.732113 28.573231 68.611526
v 26.692209 28.571297 68.608681
v 26.732103 28.571199 68.611580
v 26.692204 28.569319 68.608711
v 26.732098 28.569221 68.611610
v 26.692194 28.565811 68.608704
v 26.732090 28.565714 68.611603
v 26.692190 28.562412 68.608650
v 26.732084 28.562315 68.611549
v 26.692188 28.559147 68.608559
v 26.732084 28.559050 68.611458
v 26.692190 28.556036 68.608429
v 26.732086 28.555939 68.611328
v 26.692194 28.553102 68.608276
v 26.732090 28.553005 68.611176
v 26.692200 28.550371 68.608101
v 26.732096 28.550274 68.611008
v 26.692207 28.547863 68.607925
v 26.732101 28.547766 68.610825
v 26.692215 28.545603 68.607750
v 26.732109 28.545506 68.610649
v 26.692223 28.543613 68.607574
v 26.732117 28.543516 68.610474
v 26.692230 28.541920 68.607422
v 26.732124 28.541822 68.610321
v 26.692236 28.540541 68.607292
v 26.732130 28.540443 68.610191
v 26.692240 28.539503 68.607193
v 26.732136 28.539406 68.610092
v 26.692295 28.536781 68.606361
v 26.732189 28.536684 68.609261
v 26.692381 28.534147 68.605087
v 26.732275 28.534050 68.607994
v 26.692497 28.531628 68.603394
v 26.732391 28.531530 68.606293
v 26.692646 28.529251 68.601273
v 26.732540 28.529154 68.604172
v 26.692825 28.527046 68.598740
v 26.732719 28.526949 68.601639
v 26.693033 28.525038 68.595795
v 26.732929 28.524940 68.598694
v 26.693274 28.523258 68.592445
v 26.733168 28.523161 68.595352
v 26.693541 28.521732 68.588707
v 26.733437 28.521635 68.591606
v 26.693838 28.520489 68.584579
v 26.733732 28.520391 68.587479
v 26.694164 28.519554 68.580070
v 26.734058 28.519457 68.582970
v 26.694517 28.518959 68.575188
v 26.734411 28.518862 68.578087
v 26.694899 28.518730 68.569939
v 26.734793 28.518633 68.572838
v 26.695112 28.518772 68.567001
v 26.735006 28.518675 68.569901
v 26.695337 28.518942 68.563919
v 26.735231 28.518845 68.566818
v 26.695574 28.519239 68.560677
v 26.735468 28.519142 68.563576
v 26.695822 28.519669 68.557281
v 26.735716 28.519571 68.560181
v 26.696081 28.520231 68.553741
v 26.735975 28.520134 68.556641
v 26.696350 28.520931 68.550041
v 26.736246 28.520834 68.552948
v 26.696632 28.521772 68.546196
v 26.736526 28.521675 68.549095
v 26.696926 28.522755 68.542198
v 26.736820 28.522657 68.545097
v 26.697229 28.523884 68.538055
v 26.737123 28.523787 68.540955
v 26.697546 28.525160 68.533752
v 26.737440 28.525063 68.536659
v 26.697872 28.526587 68.529312
v 26.737766 28.526489 68.532211
v 26.698210 28.528168 68.524712
v 26.738104 28.528070 68.527611
v 26.706345 28.497829 68.411835
v 26.746239 28.497732 68.414734
v 26.706144 28.502911 68.414749
v 26.746038 28.502813 68.417648
v 26.705957 28.507948 68.417488
v 26.745852 28.507851 68.420395
v 26.705782 28.512905 68.420067
v 26.745676 28.512808 68.422966
v 26.705620 28.517750 68.422470
v 26.745514 28.517653 68.425369
v 26.705469 28.522446 68.424706
v 26.745363 28.522348 68.427605
v 26.705330 28.526962 68.426765
v 26.745224 28.526865 68.429665
v 26.705202 28.531260 68.428650
v 26.745098 28.531162 68.431549
v 26.705088 28.535309 68.430359
v 26.744984 28.535212 68.433258
v 26.704987 28.539072 68.431885
v 26.744881 28.538975 68.434792
v 26.704897 28.542517 68.433235
v 26.744791 28.542419 68.436142
v 26.704819 28.545609 68.434410
v 26.744713 28.545511 68.437309
v 26.704754 28.548313 68.435402
v 26.744648 28.548216 68.438301
v 26.704691 28.548294 68.436264
v 26.744585 28.548197 68.439163
v 26.704626 28.548277 68.437141
v 26.744522 28.548180 68.440041
v 26.704561 28.548265 68.438034
v 26.744457 28.548168 68.440933
v 26.704496 28.548258 68.438942
v 26.744390 28.548161 68.441841
v 26.704430 28.548252 68.439857
v 26.744324 28.548155 68.442757
v 26.704361 28.548250 68.440788
v 26.744257 28.548153 68.443687
v 26.704292 28.548250 68.441727
v 26.744188 28.548153 68.444633
v 26.704224 28.548252 68.442680
v 26.744118 28.548155 68.445587
v 26.704153 28.548256 68.443649
v 26.744049 28.548159 68.446548
v 26.704082 28.548262 68.444626
v 26.743977 28.548164 68.447525
v 26.704012 28.548267 68.445610
v 26.743906 28.548170 68.448509
v 26.703939 28.548275 68.446602
v 26.743834 28.548178 68.449509
v 26.701694 28.548483 68.477470
v 26.741589 28.548386 68.480377
v 26.701550 28.498390 68.477798
v 26.741444 28.498293 68.480705
v 26.700035 28.498529 68.498611
v 26.739931 28.498432 68.501511
v 26.700424 28.631962 68.497734
v 26.740320 28.631865 68.500633
v 26.703642 28.631662 68.453491
v 26.743536 28.631565 68.456390
v 26.703829 28.631639 68.450912
v 26.743723 28.631542 68.453819
v 26.704012 28.631607 68.448395
v 26.743906 28.631510 68.451302
v 26.704191 28.631563 68.445938
v 26.744085 28.631466 68.448837
v 26.704365 28.631506 68.443542
v 26.744259 28.631409 68.446442
v 26.704535 28.631435 68.441208
v 26.744429 28.631338 68.444107
v 26.704699 28.631350 68.438942
v 26.744593 28.631252 68.441841
v 26.704857 28.631247 68.436752
v 26.744753 28.631149 68.439651
v 26.705011 28.631128 68.434631
v 26.744905 28.631031 68.437531
v 26.705160 28.630989 68.432594
v 26.745054 28.630892 68.435493
v 26.705301 28.630831 68.430634
v 26.745195 28.630733 68.433533
v 26.705437 28.630653 68.428757
v 26.745333 28.630556 68.431664
v 26.705566 28.630451 68.426971
v 26.745461 28.630354 68.429871
v 26.705986 28.629467 68.421181
v 26.745880 28.629370 68.424080
v 26.706358 28.628071 68.416000
v 26.746254 28.627974 68.418900
v 26.706686 28.626249 68.411423
v 26.746582 28.626152 68.414322
v 26.706972 28.623985 68.407425
v 26.746866 28.623888 68.410324
v 26.707216 28.621258 68.403984
v 26.747110 28.621161 68.406883
v 26.707420 28.618053 68.401070
v 26.747314 28.617956 68.403969
v 26.707584 28.614353 68.398674
v 26.747480 28.614256 68.401573
v 26.707714 28.610140 68.396767
v 26.747608 28.610043 68.399666
v 26.707806 28.605396 68.395332
v 26.747702 28.605299 68.398232
v 26.707865 28.600103 68.394348
v 26.747759 28.600006 68.397247
v 26.707891 28.594248 68.393791
v 26.747786 28.594151 68.396690
v 26.707886 28.587811 68.393639
v 26.747782 28.587713 68.396538
v 26.707863 28.582781 68.393806
v 26.747757 28.582684 68.396706
v 26.707819 28.578121 68.394249
v 26.747713 28.578024 68.397148
v 26.707756 28.573826 68.394966
v 26.747650 28.573729 68.397865
v 26.707674 28.569891 68.395966
v 26.747568 28.569794 68.398865
v 26.707571 28.566313 68.397247
v 26.747467 28.566216 68.400146
v 26.707449 28.563084 68.398811
v 26.747345 28.562986 68.401718
v 26.707308 28.560202 68.400673
v 26.747202 28.560104 68.403572
v 26.707146 28.557659 68.402832
v 26.747040 28.557562 68.405731
v 26.706961 28.555454 68.405281
v 26.746855 28.555357 68.408180
v 26.706757 28.553581 68.408035
v 26.746651 28.553484 68.410934
v 26.706530 28.552034 68.411095
v 26.746426 28.551937 68.413994
v 26.706282 28.550808 68.414459
v 26.746178 28.550711 68.417358
v 26.706293 28.550404 68.414291
v 26.746189 28.550306 68.417191
v 26.706306 28.549994 68.414116
v 26.746201 28.549896 68.417015
v 26.706318 28.549578 68.413933
v 26.746212 28.549480 68.416832
v 26.706329 28.549156 68.413750
v 26.746225 28.549059 68.416649
v 26.706343 28.548729 68.413559
v 26.746237 28.548632 68.416458
v 26.706356 28.548294 68.413361
v 26.746250 28.548197 68.416260
v 26.706369 28.547852 68.413162
v 26.746264 28.547754 68.416061
v 26.706383 28.547401 68.412956
v 26.746277 28.547304 68.415855
v 26.706398 28.546944 68.412750
v 26.746292 28.546846 68.415649
v 26.706411 28.546478 68.412537
v 26.746305 28.546381 68.415436
v 26.706427 28.546003 68.412315
v 26.746321 28.545906 68.415215
v 26.706442 28.545519 68.412094
v 26.746336 28.545422 68.414993
v 26.706524 28.542706 68.410858
v 26.746418 28.542608 68.413757
v 26.706615 28.539669 68.409515
v 26.746510 28.539572 68.412415
v 26.706715 28.536413 68.408043
v 26.746609 28.536316 68.410942
v 26.706823 28.532940 68.406425
v 26.746717 28.532843 68.409332
v 26.706942 28.529251 68.404663
v 26.746836 28.529154 68.407570
v 26.707073 28.525352 68.402733
v 26.746967 28.525255 68.405640
v 26.707216 28.521244 68.400627
v 26.747110 28.521147 68.403526
v 26.707373 28.516928 68.398323
v 26.747267 28.516830 68.401222
v 26.707544 28.512409 68.395813
v 26.747438 28.512312 68.398712
v 26.707731 28.507690 68.393082
v 26.747625 28.507593 68.395988
v 26.707935 28.502773 68.390121
v 26.747829 28.502676 68.393021
v 26.708157 28.497660 68.386909
v 26.748051 28.497562 68.389809
v 26.706106 28.572754 68.417610
v 26.746002 28.572657 68.420509
v 26.706142 28.573357 68.417137
v 26.746037 28.573259 68.420036
v 26.706177 28.574089 68.416687
v 26.746071 28.573992 68.419586
v 26.706211 28.574963 68.416260
v 26.746105 28.574865 68.419167
v 26.706242 28.575985 68.415863
v 26.746136 28.575888 68.418762
v 26.706270 28.577168 68.415504
v 26.746166 28.577070 68.418404
v 26.706297 28.578520 68.415176
v 26.746193 28.578423 68.418076
v 26.706322 28.580053 68.414902
v 26.746216 28.579956 68.417801
v 26.706343 28.581776 68.414673
v 26.746237 28.581678 68.417572
v 26.706360 28.583696 68.414497
v 26.746254 28.583599 68.417397
v 26.706373 28.585829 68.414383
v 26.746267 28.585732 68.417282
v 26.706383 28.588181 68.414330
v 26.746277 28.588083 68.417229
v 26.706387 28.593119 68.414444
v 26.746281 28.593021 68.417343
v 26.706362 28.597265 68.414909
v 26.746258 28.597168 68.417816
v 26.706306 28.600691 68.415794
v 26.746201 28.600594 68.418694
v 26.706215 28.603462 68.417160
v 26.746109 28.603365 68.420067
v 26.706079 28.605652 68.419083
v 26.745974 28.605555 68.421982
v 26.705900 28.607330 68.421623
v 26.745794 28.607233 68.424522
v 26.705667 28.608566 68.424843
v 26.745562 28.608469 68.427750
v 26.705381 28.609430 68.428825
v 26.745275 28.609333 68.431725
v 26.705032 28.609993 68.433624
v 26.744928 28.609896 68.436523
v 26.704620 28.610323 68.439316
v 26.744514 28.610226 68.442215
v 26.704138 28.610493 68.445961
v 26.744032 28.610395 68.448860
v 26.703581 28.610571 68.453629
v 26.743475 28.610474 68.456528
v 26.701876 28.610729 68.477066
v 26.741770 28.610632 68.479965
v 26.701756 28.569576 68.477333
v 26.741652 28.569479 68.480240
v 26.704000 28.569366 68.446465
v 26.743895 28.569269 68.449364
v 26.704285 28.569353 68.442558
v 26.744179 28.569256 68.445457
v 26.704548 28.569370 68.438934
v 26.744442 28.569273 68.441833
v 26.704790 28.569424 68.435600
v 26.744684 28.569326 68.438507
v 26.705011 28.569515 68.432556
v 26.744907 28.569418 68.435463
v 26.705214 28.569653 68.429794
v 26.745108 28.569555 68.432693
v 26.705395 28.569839 68.427315
v 26.745289 28.569742 68.430214
v 26.705555 28.570082 68.425102
v 26.745449 28.569984 68.428001
v 26.705696 28.570381 68.423172
v 26.745592 28.570284 68.426071
v 26.705818 28.570745 68.421501
v 26.745714 28.570648 68.424408
v 26.705921 28.571178 68.420105
v 26.745815 28.571081 68.423004
v 26.706005 28.571686 68.418968
v 26.745899 28.571589 68.421867
v 26.706070 28.572271 68.418091
v 26.745966 28.572174 68.420990
v 26.710983 28.574680 68.350616
v 26.750877 28.574583 68.353516
v 26.716202 28.574194 68.278816
v 26.756098 28.574097 68.281715
v 26.716141 28.553331 68.278954
v 26.756037 28.553234 68.281853
v 26.710922 28.553818 68.350754
v 26.750816 28.553720 68.353653
v 26.710819 28.518511 68.350983
v 26.750713 28.518414 68.353889
v 26.716537 28.517979 68.272324
v 26.756432 28.517881 68.275230
v 26.716476 28.497114 68.272461
v 26.756371 28.497017 68.275368
v 26.709238 28.497789 68.372047
v 26.749132 28.497692 68.374947
v 26.709625 28.631105 68.371170
v 26.749519 28.631008 68.374069
v 26.716866 28.630432 68.271591
v 26.756760 28.630335 68.274490
v 26.716805 28.609570 68.271729
v 26.756699 28.609472 68.274628
v 26.711086 28.610102 68.350388
v 26.750980 28.610004 68.353287
v 26.726505 28.561651 68.136703
v 26.766399 28.561554 68.139603
v 26.726486 28.557478 68.136841
v 26.766380 28.557381 68.139740
v 26.726461 28.553522 68.137024
v 26.766357 28.553425 68.139923
v 26.726437 28.549822 68.137245
v 26.766331 28.549725 68.140152
v 26.726410 28.546404 68.137497
v 26.766306 28.546307 68.140396
v 26.726383 28.543306 68.137756
v 26.766279 28.543209 68.140663
v 26.726358 28.540558 68.138016
v 26.766253 28.540461 68.140915
v 26.726336 28.538195 68.138260
v 26.766230 28.538097 68.141159
v 26.726315 28.536247 68.138474
v 26.766209 28.536150 68.141373
v 26.726299 28.534750 68.138641
v 26.766193 28.534653 68.141541
v 26.726288 28.533737 68.138756
v 26.766182 28.533640 68.141655
v 26.726284 28.533239 68.138794
v 26.766178 28.533142 68.141701
v 26.726173 28.526772 68.140091
v 26.766069 28.526674 68.142990
v 26.726021 28.521038 68.142014
v 26.765915 28.520941 68.144913
v 26.725822 28.516005 68.144577
v 26.765717 28.515907 68.147476
v 26.725576 28.511642 68.147812
v 26.765471 28.511545 68.150711
v 26.725281 28.507917 68.151741
v 26.765175 28.507820 68.154640
v 26.724936 28.504799 68.156380
v 26.764832 28.504702 68.159279
v 26.724539 28.502256 68.161743
v 26.764435 28.502159 68.164642
v 26.724091 28.500259 68.167870
v 26.763985 28.500162 68.170769
v 26.723585 28.498774 68.174767
v 26.763479 28.498676 68.177666
v 26.723022 28.497770 68.182457
v 26.762917 28.497673 68.185356
v 26.722403 28.497219 68.190971
v 26.762297 28.497122 68.193871
v 26.721722 28.497086 68.200317
v 26.761618 28.496988 68.203217
v 26.721504 28.497128 68.203323
v 26.761398 28.497030 68.206223
v 26.721272 28.497213 68.206512
v 26.761168 28.497116 68.209412
v 26.721027 28.497341 68.209877
v 26.760921 28.497244 68.212784
v 26.720770 28.497515 68.213432
v 26.760664 28.497417 68.216331
v 26.720499 28.497728 68.217171
v 26.760393 28.497631 68.220070
v 26.720215 28.497986 68.221092
v 26.760109 28.497889 68.223991
v 26.719915 28.498285 68.225197
v 26.759811 28.498188 68.228104
v 26.719604 28.498625 68.229492
v 26.759499 28.498528 68.232391
v 26.719280 28.499006 68.233971
v 26.759174 28.498909 68.236877
v 26.718941 28.499428 68.238640
v 26.758837 28.499331 68.241539
v 26.718590 28.499889 68.243500
v 26.758484 28.499792 68.246399
v 26.718224 28.500393 68.248543
v 26.758118 28.500296 68.251450
v 26.718597 28.628780 68.247704
v 26.758492 28.628683 68.250603
v 26.718966 28.629240 68.242653
v 26.758862 28.629143 68.245552
v 26.719320 28.629660 68.237785
v 26.759216 28.629562 68.240692
v 26.719662 28.630035 68.233116
v 26.759556 28.629938 68.236015
v 26.719988 28.630371 68.228630
v 26.759884 28.630274 68.231529
v 26.720303 28.630665 68.224335
v 26.760197 28.630568 68.227234
v 26.720602 28.630917 68.220222
v 26.760496 28.630819 68.223122
v 26.720888 28.631126 68.216293
v 26.760782 28.631029 68.219200
v 26.721159 28.631294 68.212555
v 26.761055 28.631197 68.215454
v 26.721418 28.631420 68.209000
v 26.761312 28.631323 68.211906
v 26.721664 28.631506 68.205627
v 26.761559 28.631409 68.208534
v 26.721895 28.631548 68.202446
v 26.761789 28.631451 68.205345
v 26.722115 28.631550 68.199440
v 26.762009 28.631453 68.202339
v 26.723030 28.631079 68.186836
v 26.762924 28.630981 68.189735
v 26.723816 28.629824 68.175987
v 26.763710 28.629726 68.178886
v 26.724480 28.627748 68.166763
v 26.764376 28.627651 68.169670
v 26.725035 28.624813 68.159050
v 26.764929 28.624716 68.161957
v 26.725485 28.620985 68.152718
v 26.765381 28.620888 68.155617
v 26.725843 28.616224 68.147644
v 26.765738 28.616127 68.150543
v 26.726116 28.610495 68.143700
v 26.766010 28.610397 68.146599
v 26.726313 28.603758 68.140762
v 26.766207 28.603661 68.143669
v 26.726442 28.595980 68.138718
v 26.766336 28.595882 68.141617
v 26.726515 28.587118 68.137428
v 26.766409 28.587021 68.140327
v 26.726538 28.577143 68.136780
v 26.766432 28.577045 68.139679
v 26.726521 28.566010 68.136635
v 26.766415 28.565912 68.139542
v 26.724882 28.545639 68.158493
v 26.764776 28.545542 68.161400
v 26.724886 28.546999 68.158470
v 26.764782 28.546902 68.161369
v 26.724894 28.548439 68.158417
v 26.764790 28.548342 68.161316
v 26.724903 28.549955 68.158340
v 26.764797 28.549858 68.161240
v 26.724915 28.551542 68.158249
v 26.764809 28.551445 68.161148
v 26.724926 28.553194 68.158142
v 26.764820 28.553097 68.161049
v 26.724937 28.554907 68.158035
v 26.764832 28.554810 68.160934
v 26.724951 28.556673 68.157921
v 26.764845 28.556576 68.160828
v 26.724962 28.558491 68.157822
v 26.764856 28.558393 68.160721
v 26.724974 28.560350 68.157722
v 26.764868 28.560253 68.160622
v 26.724983 28.562252 68.157646
v 26.764879 28.562155 68.160545
v 26.724993 28.564188 68.157593
v 26.764887 28.564091 68.160492
v 26.725000 28.566153 68.157562
v 26.764894 28.566055 68.160461
v 26.725004 28.568132 68.157555
v 26.764900 28.568035 68.160461
v 26.725008 28.570171 68.157578
v 26.764904 28.570074 68.160477
v 26.725012 28.572256 68.157608
v 26.764906 28.572159 68.160515
v 26.725012 28.574381 68.157669
v 26.764906 28.574284 68.160576
v 26.725012 28.576534 68.157753
v 26.764906 28.576437 68.160660
v 26.725008 28.578707 68.157867
v 26.764902 28.578609 68.160767
v 26.725004 28.580889 68.157997
v 26.764898 28.580791 68.160896
v 26.724997 28.583071 68.158157
v 26.764893 28.582973 68.161064
v 26.724989 28.585245 68.158356
v 26.764883 28.585148 68.161255
v 26.724977 28.587399 68.158569
v 26.764872 28.587301 68.161476
v 26.724964 28.589523 68.158821
v 26.764860 28.589426 68.161728
v 26.724949 28.591612 68.159111
v 26.764843 28.591515 68.162010
v 26.724918 28.594343 68.159630
v 26.764812 28.594246 68.162537
v 26.724867 28.596907 68.160431
v 26.764761 28.596809 68.163330
v 26.724789 28.599287 68.161575
v 26.764683 28.599190 68.164474
v 26.724682 28.601477 68.163124
v 26.764576 28.601379 68.166031
v 26.724539 28.603460 68.165161
v 26.764433 28.603363 68.168060
v 26.724356 28.605227 68.167740
v 26.764250 28.605129 68.170639
v 26.724127 28.606762 68.170937
v 26.764021 28.606665 68.173836
v 26.723848 28.608055 68.174812
v 26.763742 28.607958 68.177711
v 26.723513 28.609095 68.179443
v 26.763407 28.608997 68.182350
v 26.723118 28.609869 68.184898
v 26.763014 28.609772 68.187798
v 26.722658 28.610361 68.191246
v 26.762552 28.610264 68.194145
v 26.722128 28.610565 68.198547
v 26.762022 28.610468 68.201447
v 26.721964 28.610579 68.200798
v 26.761858 28.610481 68.203697
v 26.721807 28.610590 68.202957
v 26.761702 28.610493 68.205856
v 26.721655 28.610592 68.205048
v 26.761549 28.610495 68.207947
v 26.721504 28.610584 68.207115
v 26.761400 28.610487 68.210014
v 26.721354 28.610561 68.209190
v 26.761248 28.610464 68.212090
v 26.721199 28.610521 68.211311
v 26.761095 28.610424 68.214211
v 26.721041 28.610460 68.213501
v 26.760935 28.610363 68.216408
v 26.720871 28.610376 68.215813
v 26.760767 28.610279 68.218719
v 26.720692 28.610262 68.218277
v 26.760588 28.610165 68.221176
v 26.720499 28.610119 68.220917
v 26.760395 28.610022 68.223824
v 26.720291 28.609941 68.223785
v 26.760185 28.609844 68.226685
v 26.720064 28.609724 68.226906
v 26.759958 28.609627 68.229805
v 26.719801 28.519279 68.227501
v 26.759695 28.519182 68.230400
v 26.719986 28.519073 68.224945
v 26.759880 28.518976 68.227844
v 26.720167 28.518890 68.222435
v 26.760061 28.518793 68.225334
v 26.720346 28.518728 68.219971
v 26.760241 28.518631 68.222870
v 26.720522 28.518589 68.217545
v 26.760416 28.518492 68.220451
v 26.720694 28.518467 68.215172
v 26.760590 28.518370 68.218079
v 26.720863 28.518364 68.212852
v 26.760757 28.518267 68.215759
v 26.721027 28.518278 68.210587
v 26.760921 28.518181 68.213493
v 26.721188 28.518208 68.208382
v 26.761082 28.518110 68.211281
v 26.721344 28.518152 68.206230
v 26.761238 28.518055 68.209137
v 26.721495 28.518110 68.204147
v 26.761389 28.518013 68.207047
v 26.721642 28.518082 68.202133
v 26.761536 28.517984 68.205032
v 26.721783 28.518063 68.200180
v 26.761679 28.517965 68.203079
v 26.722313 28.518135 68.192917
v 26.762207 28.518038 68.195816
v 26.722775 28.518456 68.186562
v 26.762669 28.518358 68.189461
v 26.723175 28.519030 68.181068
v 26.763071 28.518932 68.183968
v 26.723520 28.519863 68.176353
v 26.763414 28.519766 68.179260
v 26.723812 28.520960 68.172371
v 26.763706 28.520863 68.175278
v 26.724058 28.522324 68.169052
v 26.763952 28.522226 68.171951
v 26.724258 28.523958 68.166328
v 26.764154 28.523861 68.169228
v 26.724422 28.525869 68.164146
v 26.764317 28.525772 68.167046
v 26.724552 28.528061 68.162430
v 26.764448 28.527964 68.165329
v 26.724655 28.530537 68.161118
v 26.764549 28.530439 68.164017
v 26.724731 28.533300 68.160156
v 26.764626 28.533203 68.163055
v 26.724789 28.536360 68.159470
v 26.764683 28.536263 68.162369
v 26.724800 28.537046 68.159325
v 26.764694 28.536949 68.162231
v 26.724812 28.537687 68.159195
v 26.764706 28.537590 68.162094
v 26.724821 28.538296 68.159073
v 26.764717 28.538198 68.161972
v 26.724831 28.538891 68.158966
v 26.764727 28.538794 68.161865
v 26.724840 28.539484 68.158867
v 26.764734 28.539387 68.161766
v 26.724848 28.540094 68.158775
v 26.764742 28.539997 68.161674
v 26.724855 28.540735 68.158699
v 26.764750 28.540638 68.161598
v 26.724861 28.541424 68.158630
v 26.764755 28.541327 68.161537
v 26.724867 28.542173 68.158577
v 26.764761 28.542076 68.161484
v 26.724873 28.543001 68.158539
v 26.764767 28.542904 68.161438
v 26.724876 28.543921 68.158516
v 26.764771 28.543823 68.161415
v 26.724880 28.544950 68.158501
v 26.764774 28.544853 68.161400
v 26.729767 28.495878 68.089645
v 26.769661 28.495781 68.092552
v 26.728245 28.496019 68.110573
v 26.768141 28.495922 68.113472
v 26.728634 28.629108 68.109695
v 26.768528 28.629011 68.112602
v 26.730154 28.628967 68.088776
v 26.770048 28.628870 68.091675
v 26.739103 28.607494 67.964973
v 26.778999 28.607397 67.967880
v 26.735920 28.607790 68.008766
v 26.775816 28.607693 68.011665
v 26.735594 28.495337 68.009499
v 26.775488 28.495239 68.012405
v 26.734079 28.495478 68.030312
v 26.773975 28.495380 68.033211
v 26.734407 28.607931 68.029572
v 26.774303 28.607834 68.032471
v 26.731192 28.608231 68.073822
v 26.771086 28.608133 68.076721
v 26.731253 28.629208 68.073685
v 26.771147 28.629110 68.076584
v 26.739164 28.628471 67.964836
v 26.779060 28.628374 67.967743
vn 0.9974 -0.0024 0.0725
vn -0.9974 0.0024 -0.0725
vn -0.9974 0.0024 -0.0726
vn 0.0642 -0.4350 -0.8981
vn 0.0209 -0.9476 -0.3188
vn 0.0192 -0.9549 -0.2964
vn 0.0175 -0.9619 -0.2729
vn 0.0157 -0.9686 -0.2480
vn 0.0138 -0.9750 -0.2219
vn 0.0117 -0.9809 -0.1943
vn 0.0096 -0.9862 -0.1652
vn 0.0074 -0.9909 -0.1344
vn 0.0050 -0.9948 -0.1019
vn 0.0025 -0.9977 -0.0676
vn -0.0002 -0.9995 -0.0314
vn -0.0037 -0.9998 0.0178
vn -0.0091 -0.9957 0.0918
vn -0.0155 -0.9835 0.1803
vn -0.0221 -0.9620 0.2723
vn -0.0290 -0.9297 0.3672
vn -0.0359 -0.8849 0.4644
vn -0.0429 -0.8257 0.5625
vn -0.0498 -0.7504 0.6591
vn -0.0562 -0.6576 0.7512
vn -0.0620 -0.5475 0.8345
vn -0.0668 -0.4216 0.9043
vn -0.0702 -0.2837 0.9563
vn -0.0720 -0.1569 0.9850
vn -0.0724 -0.1031 0.9920
vn -0.0724 -0.1032 0.9920
vn -0.0724 -0.0984 0.9925
vn -0.0724 -0.0914 0.9932
vn -0.0725 -0.0830 0.9939
vn -0.0725 -0.0734 0.9947
vn -0.0725 -0.0627 0.9954
vn -0.0726 -0.0510 0.9961
vn -0.0726 -0.0382 0.9966
vn -0.0726 -0.0244 0.9971
vn -0.0725 -0.0093 0.9973
vn -0.0725 0.0053 0.9974
vn -0.0725 0.0173 0.9972
vn -0.0724 0.0277 0.9970
vn -0.0724 0.0382 0.9966
vn -0.0723 0.0488 0.9962
vn -0.0722 0.0598 0.9956
vn -0.0722 0.0712 0.9948
vn -0.0721 0.0833 0.9939
vn -0.0720 0.0962 0.9928
vn -0.0718 0.1102 0.9913
vn -0.0716 0.1254 0.9895
vn -0.0714 0.1422 0.9873
vn -0.0707 0.1913 0.9790
vn -0.0684 0.3026 0.9506
vn -0.0641 0.4394 0.8960
vn -0.0585 0.5639 0.8237
vn -0.0520 0.6724 0.7384
vn -0.0450 0.7632 0.6446
vn -0.0377 0.8365 0.5467
vn -0.0304 0.8935 0.4480
vn -0.0232 0.9362 0.3507
vn -0.0163 0.9665 0.2560
vn -0.0096 0.9863 0.1648
vn -0.0032 0.9970 0.0774
vn 0.0021 1.0000 0.0043
vn 0.0057 0.9990 -0.0447
vn 0.0083 0.9967 -0.0811
vn 0.0108 0.9933 -0.1154
vn 0.0132 0.9889 -0.1478
vn 0.0154 0.9838 -0.1784
vn 0.0175 0.9781 -0.2074
vn 0.0194 0.9718 -0.2349
vn 0.0213 0.9651 -0.2609
vn 0.0231 0.9581 -0.2855
vn 0.0248 0.9508 -0.3089
vn 0.0264 0.9432 -0.3312
vn 0.0667 0.4228 -0.9038
vn 0.0286 -0.9052 -0.4240
vn -0.0261 -0.9444 0.3277
vn -0.0247 -0.9513 0.3073
vn -0.0231 -0.9581 0.2856
vn -0.0214 -0.9647 0.2624
vn -0.0196 -0.9712 0.2376
vn -0.0177 -0.9773 0.2111
vn -0.0157 -0.9830 0.1827
vn -0.0135 -0.9882 0.1523
vn -0.0111 -0.9928 0.1196
vn -0.0086 -0.9964 0.0845
vn -0.0058 -0.9989 0.0468
vn -0.0024 -1.0000 -0.0005
vn 0.0023 -0.9979 -0.0653
vn 0.0079 -0.9898 -0.1422
vn 0.0140 -0.9744 -0.2246
vn 0.0204 -0.9497 -0.3124
vn 0.0272 -0.9138 -0.4052
vn 0.0344 -0.8643 -0.5017
vn 0.0417 -0.7988 -0.6002
vn 0.0490 -0.7150 -0.6974
vn 0.0559 -0.6116 -0.7892
vn 0.0621 -0.4888 -0.8702
vn 0.0671 -0.3489 -0.9347
vn 0.0706 -0.2001 -0.9772
vn 0.0717 -0.1203 -0.9901
vn 0.0718 -0.1116 -0.9912
vn 0.0719 -0.1029 -0.9921
vn 0.0720 -0.0941 -0.9930
vn 0.0721 -0.0851 -0.9938
vn 0.0721 -0.0758 -0.9945
vn 0.0722 -0.0661 -0.9952
vn 0.0723 -0.0559 -0.9958
vn 0.0723 -0.0450 -0.9964
vn 0.0724 -0.0333 -0.9968
vn 0.0725 -0.0205 -0.9972
vn 0.0725 -0.0064 -0.9973
vn 0.0725 0.0084 -0.9973
vn 0.0726 0.0223 -0.9971
vn 0.0726 0.0351 -0.9967
vn 0.0726 0.0466 -0.9963
vn 0.0725 0.0571 -0.9957
vn 0.0725 0.0666 -0.9951
vn 0.0725 0.0751 -0.9945
vn 0.0725 0.0825 -0.9940
vn 0.0725 0.0886 -0.9934
vn 0.0724 0.0931 -0.9930
vn 0.0724 0.0950 -0.9928
vn 0.0716 0.1949 -0.9782
vn 0.0684 0.3647 -0.9286
vn 0.0641 0.4984 -0.8646
vn 0.0587 0.6145 -0.7867
vn 0.0526 0.7123 -0.6999
vn 0.0462 0.7925 -0.6082
vn 0.0395 0.8564 -0.5149
vn 0.0329 0.9059 -0.4222
vn 0.0264 0.9430 -0.3317
vn 0.0201 0.9695 -0.2444
vn 0.0141 0.9869 -0.1610
vn 0.0084 0.9966 -0.0818
vn 0.0035 0.9999 -0.0143
vn -0.0001 0.9994 0.0345
vn -0.0029 0.9973 0.0728
vn -0.0054 0.9941 0.1080
vn -0.0078 0.9900 0.1406
vn -0.0100 0.9852 0.1709
vn -0.0121 0.9799 0.1990
vn -0.0140 0.9742 0.2251
vn -0.0158 0.9682 0.2496
vn -0.0175 0.9620 0.2724
vn -0.0190 0.9556 0.2939
vn -0.0205 0.9492 0.3141
vn 0.0339 0.8991 -0.4364
vn -0.0386 -0.8638 0.5024
vn -0.0645 -0.4888 0.8700
vn -0.0651 -0.4706 0.8799
vn -0.0657 -0.4537 0.8887
vn -0.0663 -0.4378 0.8966
vn -0.0667 -0.4229 0.9037
vn -0.0672 -0.4090 0.9101
vn -0.0676 -0.3958 0.9158
vn -0.0679 -0.3834 0.9211
vn -0.0682 -0.3717 0.9259
vn -0.0685 -0.3604 0.9303
vn -0.0688 -0.3496 0.9344
vn -0.0428 -0.8265 0.5612
vn -0.0009 -0.9998 -0.0210
vn -0.0013 -0.9999 -0.0159
vn -0.0016 -0.9999 -0.0114
vn -0.0019 -1.0000 -0.0074
vn -0.0021 -1.0000 -0.0040
vn -0.0024 -1.0000 -0.0011
vn -0.0025 -1.0000 0.0013
vn -0.0027 -1.0000 0.0032
vn -0.0028 -1.0000 0.0046
vn -0.0029 -1.0000 0.0057
vn -0.0029 -1.0000 0.0063
vn -0.0029 -1.0000 0.0065
vn 0.0492 -0.7119 -0.7006
vn -0.0533 -0.7023 0.7099
vn -0.0492 0.7119 0.7006
vn 0.0030 1.0000 -0.0075
vn 0.0032 0.9999 -0.0106
vn 0.0035 0.9999 -0.0152
vn 0.0039 0.9998 -0.0206
vn 0.0044 0.9996 -0.0268
vn 0.0049 0.9994 -0.0338
vn 0.0055 0.9991 -0.0419
vn 0.0061 0.9987 -0.0510
vn 0.0069 0.9981 -0.0615
vn 0.0078 0.9973 -0.0734
vn 0.0088 0.9962 -0.0870
vn 0.0099 0.9947 -0.1027
vn 0.0125 0.9902 -0.1389
vn 0.0179 0.9769 -0.2129
vn 0.0251 0.9492 -0.3138
vn 0.0335 0.9022 -0.4301
vn 0.0424 0.8302 -0.5558
vn 0.0512 0.7314 -0.6800
vn 0.0589 0.6109 -0.7895
vn 0.0648 0.4800 -0.8749
vn 0.0687 0.3522 -0.9334
vn 0.0710 0.2372 -0.9689
vn 0.0722 0.1394 -0.9876
vn 0.0725 0.0593 -0.9956
vn 0.0725 -0.0052 -0.9974
vn 0.0722 -0.0644 -0.9953
vn 0.0716 -0.1303 -0.9889
vn 0.0705 -0.2063 -0.9759
vn 0.0686 -0.2927 -0.9537
vn 0.0659 -0.3887 -0.9190
vn 0.0620 -0.4915 -0.8686
vn 0.0568 -0.5966 -0.8005
vn 0.0503 -0.6976 -0.7147
vn 0.0428 -0.7877 -0.6145
vn 0.0347 -0.8619 -0.5058
vn 0.0265 -0.9181 -0.3955
vn 0.0655 -0.3995 -0.9144
vn 0.0676 0.3927 -0.9172
vn 0.0675 0.3973 -0.9152
vn 0.0674 0.4013 -0.9134
vn 0.0673 0.4050 -0.9118
vn 0.0672 0.4082 -0.9104
vn 0.0671 0.4110 -0.9092
vn 0.0670 0.4133 -0.9081
vn 0.0670 0.4153 -0.9072
vn 0.0669 0.4169 -0.9065
vn 0.0669 0.4181 -0.9059
vn 0.0669 0.4190 -0.9055
vn 0.0671 0.4109 -0.9092
vn 0.0673 0.4043 -0.9122
vn 0.0672 0.4094 -0.9099
vn 0.0669 0.4171 -0.9064
vn 0.0666 0.4269 -0.9018
vn 0.0662 0.4383 -0.8964
vn 0.0658 0.4510 -0.8901
vn 0.0653 0.4647 -0.8831
vn 0.0648 0.4790 -0.8754
vn 0.0643 0.4940 -0.8671
vn 0.0636 0.5093 -0.8582
vn 0.0630 0.5249 -0.8488
vn 0.0622 -0.4863 -0.8716
vn -0.0527 0.6631 0.7466
vn -0.0582 0.5710 0.8189
vn -0.0623 0.4830 0.8734
vn -0.0654 0.4019 0.9133
vn -0.0677 0.3289 0.9419
vn -0.0693 0.2640 0.9620
vn -0.0705 0.2067 0.9759
vn -0.0713 0.1563 0.9851
vn -0.0718 0.1119 0.9911
vn -0.0722 0.0727 0.9947
vn -0.0724 0.0379 0.9967
vn -0.0725 -0.0010 0.9974
vn -0.0725 -0.0678 0.9951
vn -0.0718 -0.1815 0.9808
vn -0.0688 -0.3486 0.9348
vn -0.0616 -0.5564 0.8287
vn -0.0495 -0.7541 0.6548
vn -0.0353 -0.8897 0.4551
vn -0.0230 -0.9585 0.2843
vn -0.0143 -0.9864 0.1635
vn -0.0087 -0.9962 0.0866
vn -0.0054 -0.9991 0.0414
vn -0.0037 -0.9998 0.0175
vn -0.0030 -1.0000 0.0082
vn 0.0533 0.7023 -0.7099
vn 0.0028 1.0000 -0.0049
vn 0.0024 1.0000 0.0008
vn 0.0017 0.9999 0.0103
vn 0.0008 0.9997 0.0231
vn -0.0005 0.9992 0.0400
vn -0.0021 0.9981 0.0622
vn -0.0042 0.9958 0.0916
vn -0.0071 0.9914 0.1306
vn -0.0109 0.9831 0.1829
vn -0.0161 0.9671 0.2538
vn -0.0232 0.9363 0.3505
vn -0.0328 0.8762 0.4808
vn -0.0440 0.7741 0.6315
vn 0.0724 -0.0238 -0.9971
vn 0.0724 -0.0397 -0.9966
vn 0.0723 -0.0540 -0.9959
vn 0.0722 -0.0670 -0.9951
vn 0.0721 -0.0788 -0.9943
vn 0.0720 -0.0893 -0.9934
vn 0.0719 -0.0984 -0.9925
vn 0.0719 -0.1059 -0.9918
vn 0.0718 -0.1111 -0.9912
vn 0.0718 -0.1118 -0.9911
vn 0.0719 -0.0970 -0.9927
vn 0.0715 -0.1404 -0.9875
vn 0.0694 -0.2582 -0.9636
vn 0.0659 -0.3880 -0.9193
vn 0.0603 -0.5279 -0.8471
vn 0.0526 -0.6641 -0.7458
vn 0.0434 -0.7812 -0.6228
vn 0.0337 -0.8698 -0.4922
vn 0.0245 -0.9294 -0.3682
vn 0.0165 -0.9656 -0.2595
vn 0.0099 -0.9855 -0.1693
vn 0.0046 -0.9953 -0.0967
vn 0.0004 -0.9992 -0.0395
vn -0.0024 -1.0000 -0.0003
vn -0.0039 -0.9998 0.0201
vn -0.0048 -0.9995 0.0322
vn -0.0056 -0.9991 0.0429
vn -0.0062 -0.9986 0.0524
vn -0.0069 -0.9981 0.0609
vn -0.0074 -0.9976 0.0684
vn -0.0079 -0.9971 0.0752
vn -0.0083 -0.9967 0.0813
vn -0.0087 -0.9962 0.0868
vn -0.0091 -0.9957 0.0917
vn -0.0094 -0.9953 0.0962
vn -0.0555 -0.6688 0.7414
vn -0.0517 0.6769 0.7343
vn -0.0040 0.9961 0.0879
vn -0.0036 0.9966 0.0828
vn -0.0032 0.9970 0.0772
vn -0.0027 0.9975 0.0711
vn -0.0023 0.9979 0.0644
vn -0.0017 0.9984 0.0571
vn -0.0011 0.9988 0.0491
vn -0.0005 0.9992 0.0402
vn 0.0002 0.9995 0.0303
vn 0.0010 0.9998 0.0194
vn 0.0019 1.0000 0.0071
vn 0.0038 0.9998 -0.0182
vn 0.0079 0.9971 -0.0756
vn 0.0145 0.9859 -0.1665
vn 0.0232 0.9577 -0.2867
vn 0.0339 0.8993 -0.4360
vn 0.0457 0.7977 -0.6014
vn 0.0565 0.6528 -0.7554
vn 0.0646 0.4862 -0.8715
vn 0.0693 0.3286 -0.9419
vn 0.0715 0.2000 -0.9772
vn 0.0724 0.1047 -0.9919
vn 0.0726 0.0387 -0.9966
vn 0.0725 -0.0016 -0.9974
vn -0.0725 0.0125 0.9973
vn -0.0723 0.0436 0.9964
vn -0.0723 0.0545 0.9959
vn -0.0722 0.0611 0.9955
vn -0.0722 0.0640 0.9953
vn -0.0722 0.0638 0.9953
vn -0.0722 0.0606 0.9955
vn -0.0723 0.0547 0.9959
vn -0.0723 0.0462 0.9963
vn -0.0724 0.0354 0.9967
vn -0.0725 0.0220 0.9971
vn -0.0725 0.0083 0.9973
vn -0.0725 -0.0031 0.9974
vn -0.0725 -0.0130 0.9973
vn -0.0726 -0.0231 0.9971
vn -0.0726 -0.0335 0.9968
vn -0.0726 -0.0443 0.9964
vn -0.0725 -0.0558 0.9958
vn -0.0725 -0.0679 0.9951
vn -0.0725 -0.0808 0.9941
vn -0.0724 -0.0948 0.9929
vn -0.0723 -0.1099 0.9913
vn -0.0722 -0.1265 0.9893
vn -0.0720 -0.1621 0.9841
vn -0.0709 -0.2440 0.9672
vn -0.0684 -0.3665 0.9279
vn -0.0637 -0.5080 0.8590
vn -0.0567 -0.6506 0.7573
vn -0.0478 -0.7740 0.6314
vn -0.0383 -0.8663 0.4981
vn -0.0294 -0.9271 0.3736
vn -0.0217 -0.9636 0.2665
vn -0.0154 -0.9838 0.1787
vn -0.0103 -0.9941 0.1083
vn -0.0062 -0.9986 0.0522
vn -0.0037 -0.9999 0.0168
vn -0.0028 -1.0000 0.0055
vn -0.0026 -1.0000 0.0029
vn -0.0023 -1.0000 -0.0015
vn -0.0019 -1.0000 -0.0075
vn -0.0014 -0.9999 -0.0149
vn -0.0007 -0.9997 -0.0234
vn -0.0001 -0.9995 -0.0323
vn 0.0006 -0.9991 -0.0413
vn 0.0012 -0.9987 -0.0500
vn 0.0018 -0.9983 -0.0581
vn 0.0023 -0.9979 -0.0654
vn 0.0512 -0.6848 -0.7269
vn 0.0551 0.6756 -0.7352
vn 0.0080 0.9971 -0.0761
vn 0.0074 0.9976 -0.0685
vn 0.0069 0.9981 -0.0612
vn 0.0064 0.9985 -0.0541
vn 0.0059 0.9989 -0.0473
vn 0.0054 0.9992 -0.0408
vn 0.0049 0.9994 -0.0345
vn 0.0045 0.9996 -0.0284
vn 0.0041 0.9997 -0.0226
vn 0.0037 0.9998 -0.0170
vn 0.0033 0.9999 -0.0117
vn 0.0024 1.0000 0.0004
vn 0.0002 0.9995 0.0301
vn -0.0032 0.9970 0.0770
vn -0.0077 0.9903 0.1387
vn -0.0136 0.9756 0.2191
vn -0.0211 0.9466 0.3217
vn -0.0303 0.8942 0.4466
vn -0.0407 0.8091 0.5862
vn -0.0509 0.6889 0.7231
vn -0.0595 0.5452 0.8362
vn -0.0655 0.4004 0.9140
vn -0.0691 0.2749 0.9590
vn -0.0704 0.2113 0.9749
vn -0.0705 0.2034 0.9765
vn -0.0706 0.1999 0.9773
vn -0.0707 0.1905 0.9791
vn -0.0710 0.1754 0.9819
vn -0.0713 0.1553 0.9853
vn -0.0716 0.1318 0.9887
vn -0.0718 0.1068 0.9917
vn -0.0721 0.0822 0.9940
vn -0.0723 0.0593 0.9956
vn -0.0724 0.0390 0.9966
vn -0.0725 0.0216 0.9971
vn -0.0725 0.0102 0.9973
vt 0.714286 0.000000
vt 1.000000 0.000000
vt 0.857143 0.000000
vt 0.000000 0.000000
vt 0.571429 0.000000
vt 0.428571 0.000000
vt 0.142857 0.000000
vt 0.285714 0.000000
vt 0.333333 0.000000
vt 0.666667 0.000000
vt 0.321918 0.000000
vt 0.335616 0.000000
vt 0.328767 0.000000
vt 0.315068 0.000000
vt 0.308219 0.000000
vt 0.301370 0.000000
vt 0.294521 0.000000
vt 0.342466 0.000000
vt 0.287671 0.000000
vt 0.280822 0.000000
vt 0.273973 0.000000
vt 0.267123 0.000000
vt 0.349315 0.000000
vt 0.260274 0.000000
vt 0.253425 0.000000
vt 0.246575 0.000000
vt 0.239726 0.000000
vt 0.746575 0.000000
vt 0.356164 0.000000
vt 0.363014 0.000000
vt 0.369863 0.000000
vt 0.739726 0.000000
vt 0.732877 0.000000
vt 0.726027 0.000000
vt 0.719178 0.000000
vt 0.712329 0.000000
vt 0.705479 0.000000
vt 0.698630 0.000000
vt 0.691781 0.000000
vt 0.684932 0.000000
vt 0.678082 0.000000
vt 0.376712 0.000000
vt 0.671233 0.000000
vt 0.664384 0.000000
vt 0.657534 0.000000
vt 0.650685 0.000000
vt 0.383562 0.000000
vt 0.643836 0.000000
vt 0.753425 0.000000
vt 0.636986 0.000000
vt 0.630137 0.000000
vt 0.623288 0.000000
vt 0.616438 0.000000
vt 0.390411 0.000000
vt 0.609589 0.000000
vt 0.602740 0.000000
vt 0.595890 0.000000
vt 0.589041 0.000000
vt 0.397260 0.000000
vt 0.582192 0.000000
vt 0.575342 0.000000
vt 0.568493 0.000000
vt 0.561644 0.000000
vt 0.404110 0.000000
vt 0.554795 0.000000
vt 0.547945 0.000000
vt 0.541096 0.000000
vt 0.534247 0.000000
vt 0.410959 0.000000
vt 0.527397 0.000000
vt 0.520548 0.000000
vt 0.513699 0.000000
vt 0.506849 0.000000
vt 0.500000 0.000000
vt 0.493151 0.000000
vt 0.486301 0.000000
vt 0.479452 0.000000
vt 0.006849 0.000000
vt 0.472603 0.000000
vt 0.465753 0.000000
vt 0.013699 0.000000
vt 0.458904 0.000000
vt 0.452055 0.000000
vt 0.020548 0.000000
vt 0.445205 0.000000
vt 0.438356 0.000000
vt 0.027397 0.000000
vt 0.431507 0.000000
vt 0.424658 0.000000
vt 0.417808 0.000000
vt 0.034247 0.000000
vt 0.993151 0.000000
vt 0.986301 0.000000
vt 0.041096 0.000000
vt 0.979452 0.000000
vt 0.972603 0.000000
vt 0.965753 0.000000
vt 0.958904 0.000000
vt 0.047945 0.000000
vt 0.952055 0.000000
vt 0.945205 0.000000
vt 0.938356 0.000000
vt 0.054795 0.000000
vt 0.931507 0.000000
vt 0.924658 0.000000
vt 0.917808 0.000000
vt 0.061644 0.000000
vt 0.910959 0.000000
vt 0.068493 0.000000
vt 0.075342 0.000000
vt 0.082192 0.000000
vt 0.904110 0.000000
vt 0.897260 0.000000
vt 0.890411 0.000000
vt 0.089041 0.000000
vt 0.883562 0.000000
vt 0.876712 0.000000
vt 0.869863 0.000000
vt 0.095890 0.000000
vt 0.863014 0.000000
vt 0.856164 0.000000
vt 0.849315 0.000000
vt 0.760274 0.000000
vt 0.767123 0.000000
vt 0.773973 0.000000
vt 0.780822 0.000000
vt 0.842466 0.000000
vt 0.787671 0.000000
vt 0.794521 0.000000
vt 0.801370 0.000000
vt 0.808219 0.000000
vt 0.835616 0.000000
vt 0.815068 0.000000
vt 0.821918 0.000000
vt 0.828767 0.000000
vt 0.102740 0.000000
vt 0.109589 0.000000
vt 0.116438 0.000000
vt 0.123288 0.000000
vt 0.130137 0.000000
vt 0.136986 0.000000
vt 0.232877 0.000000
vt 0.226027 0.000000
vt 0.219178 0.000000
vt 0.143836 0.000000
vt 0.212329 0.000000
vt 0.205479 0.000000
vt 0.198630 0.000000
vt 0.150685 0.000000
vt 0.191781 0.000000
vt 0.184932 0.000000
vt 0.178082 0.000000
vt 0.157534 0.000000
vt 0.171233 0.000000
vt 0.164384 0.000000
vt 0.636364 0.000000
vt 0.727273 0.000000
vt 0.818182 0.000000
vt 0.909091 0.000000
vt 0.272727 0.000000
vt 0.090909 0.000000
vt 0.181818 0.000000
vt 0.363636 0.000000
vt 0.454545 0.000000
vt 0.545455 0.000000
vt 0.210938 0.000000
vt 0.890625 0.000000
vt 0.218750 0.000000
vt 0.226562 0.000000
vt 0.234375 0.000000
vt 0.242188 0.000000
vt 0.250000 0.000000
vt 0.257812 0.000000
vt 0.265625 0.000000
vt 0.273438 0.000000
vt 0.281250 0.000000
vt 0.289062 0.000000
vt 0.296875 0.000000
vt 0.304688 0.000000
vt 0.312500 0.000000
vt 0.320312 0.000000
vt 0.328125 0.000000
vt 0.335938 0.000000
vt 0.343750 0.000000
vt 0.351562 0.000000
vt 0.359375 0.000000
vt 0.367188 0.000000
vt 0.375000 0.000000
vt 0.882812 0.000000
vt 0.382812 0.000000
vt 0.898438 0.000000
vt 0.875000 0.000000
vt 0.867188 0.000000
vt 0.859375 0.000000
vt 0.851562 0.000000
vt 0.390625 0.000000
vt 0.843750 0.000000
vt 0.835938 0.000000
vt 0.828125 0.000000
vt 0.820312 0.000000
vt 0.398438 0.000000
vt 0.812500 0.000000
vt 0.804688 0.000000
vt 0.406250 0.000000
vt 0.796875 0.000000
vt 0.414062 0.000000
vt 0.789062 0.000000
vt 0.781250 0.000000
vt 0.421875 0.000000
vt 0.773438 0.000000
vt 0.765625 0.000000
vt 0.429688 0.000000
vt 0.757812 0.000000
vt 0.750000 0.000000
vt 0.742188 0.000000
vt 0.437500 0.000000
vt 0.734375 0.000000
vt 0.726562 0.000000
vt 0.718750 0.000000
vt 0.710938 0.000000
vt 0.445312 0.000000
vt 0.703125 0.000000
vt 0.992188 0.000000
vt 0.984375 0.000000
vt 0.976562 0.000000
vt 0.968750 0.000000
vt 0.960938 0.000000
vt 0.453125 0.000000
vt 0.953125 0.000000
vt 0.945312 0.000000
vt 0.937500 0.000000
vt 0.929688 0.000000
vt 0.921875 0.000000
vt 0.914062 0.000000
vt 0.906250 0.000000
vt 0.195312 0.000000
vt 0.460938 0.000000
vt 0.468750 0.000000
vt 0.476562 0.000000
vt 0.484375 0.000000
vt 0.492188 0.000000
vt 0.507812 0.000000
vt 0.515625 0.000000
vt 0.523438 0.000000
vt 0.531250 0.000000
vt 0.539062 0.000000
vt 0.546875 0.000000
vt 0.554688 0.000000
vt 0.093750 0.000000
vt 0.562500 0.000000
vt 0.101562 0.000000
vt 0.085938 0.000000
vt 0.109375 0.000000
vt 0.117188 0.000000
vt 0.125000 0.000000
vt 0.132812 0.000000
vt 0.140625 0.000000
vt 0.148438 0.000000
vt 0.156250 0.000000
vt 0.164062 0.000000
vt 0.171875 0.000000
vt 0.179688 0.000000
vt 0.187500 0.000000
vt 0.203125 0.000000
vt 0.570312 0.000000
vt 0.578125 0.000000
vt 0.585938 0.000000
vt 0.593750 0.000000
vt 0.601562 0.000000
vt 0.609375 0.000000
vt 0.078125 0.000000
vt 0.617188 0.000000
vt 0.070312 0.000000
vt 0.625000 0.000000
vt 0.062500 0.000000
vt 0.632812 0.000000
vt 0.054688 0.000000
vt 0.640625 0.000000
vt 0.046875 0.000000
vt 0.648438 0.000000
vt 0.039062 0.000000
vt 0.656250 0.000000
vt 0.031250 0.000000
vt 0.664062 0.000000
vt 0.023438 0.000000
vt 0.671875 0.000000
vt 0.015625 0.000000
vt 0.679688 0.000000
vt 0.007812 0.000000
vt 0.687500 0.000000
vt 0.695312 0.000000
vt 0.406897 0.000000
vt 0.420690 0.000000
vt 0.413793 0.000000
vt 0.427586 0.000000
vt 0.434483 0.000000
vt 0.400000 0.000000
vt 0.441379 0.000000
vt 0.448276 0.000000
vt 0.393103 0.000000
vt 0.455172 0.000000
vt 0.462069 0.000000
vt 0.386207 0.000000
vt 0.468966 0.000000
vt 0.475862 0.000000
vt 0.379310 0.000000
vt 0.482759 0.000000
vt 0.372414 0.000000
vt 0.489655 0.000000
vt 0.496552 0.000000
vt 0.365517 0.000000
vt 0.558621 0.000000
vt 0.551724 0.000000
vt 0.544828 0.000000
vt 0.537931 0.000000
vt 0.531034 0.000000
vt 0.524138 0.000000
vt 0.517241 0.000000
vt 0.510345 0.000000
vt 0.503448 0.000000
vt 0.358621 0.000000
vt 0.579310 0.000000
vt 0.572414 0.000000
vt 0.565517 0.000000
vt 0.351724 0.000000
vt 0.586207 0.000000
vt 0.593103 0.000000
vt 0.600000 0.000000
vt 0.606897 0.000000
vt 0.613793 0.000000
vt 0.344828 0.000000
vt 0.620690 0.000000
vt 0.627586 0.000000
vt 0.634483 0.000000
vt 0.337931 0.000000
vt 0.641379 0.000000
vt 0.648276 0.000000
vt 0.331034 0.000000
vt 0.655172 0.000000
vt 0.662069 0.000000
vt 0.324138 0.000000
vt 0.668966 0.000000
vt 0.317241 0.000000
vt 0.675862 0.000000
vt 0.310345 0.000000
vt 0.682759 0.000000
vt 0.303448 0.000000
vt 0.689655 0.000000
vt 0.296552 0.000000
vt 0.696552 0.000000
vt 0.703448 0.000000
vt 0.289655 0.000000
vt 0.710345 0.000000
vt 0.282759 0.000000
vt 0.717241 0.000000
vt 0.275862 0.000000
vt 0.724138 0.000000
vt 0.268966 0.000000
vt 0.731034 0.000000
vt 0.262069 0.000000
vt 0.737931 0.000000
vt 0.255172 0.000000
vt 0.744828 0.000000
vt 0.248276 0.000000
vt 0.751724 0.000000
vt 0.241379 0.000000
vt 0.758621 0.000000
vt 0.765517 0.000000
vt 0.234483 0.000000
vt 0.772414 0.000000
vt 0.227586 0.000000
vt 0.779310 0.000000
vt 0.220690 0.000000
vt 0.786207 0.000000
vt 0.213793 0.000000
vt 0.793103 0.000000
vt 0.206897 0.000000
vt 0.800000 0.000000
vt 0.806897 0.000000
vt 0.200000 0.000000
vt 0.813793 0.000000
vt 0.193103 0.000000
vt 0.820690 0.000000
vt 0.186207 0.000000
vt 0.827586 0.000000
vt 0.179310 0.000000
vt 0.834483 0.000000
vt 0.841379 0.000000
vt 0.172414 0.000000
vt 0.165517 0.000000
vt 0.158621 0.000000
vt 0.848276 0.000000
vt 0.855172 0.000000
vt 0.862069 0.000000
vt 0.151724 0.000000
vt 0.868966 0.000000
vt 0.993103 0.000000
vt 0.986207 0.000000
vt 0.875862 0.000000
vt 0.144828 0.000000
vt 0.979310 0.000000
vt 0.882759 0.000000
vt 0.972414 0.000000
vt 0.889655 0.000000
vt 0.965517 0.000000
vt 0.958621 0.000000
vt 0.896552 0.000000
vt 0.951724 0.000000
vt 0.137931 0.000000
vt 0.903448 0.000000
vt 0.944828 0.000000
vt 0.937931 0.000000
vt 0.910345 0.000000
vt 0.931035 0.000000
vt 0.924138 0.000000
vt 0.917241 0.000000
vt 0.131034 0.000000
vt 0.124138 0.000000
vt 0.006897 0.000000
vt 0.117241 0.000000
vt 0.013793 0.000000
vt 0.110345 0.000000
vt 0.020690 0.000000
vt 0.027586 0.000000
vt 0.103448 0.000000
vt 0.034483 0.000000
vt 0.041379 0.000000
vt 0.096552 0.000000
vt 0.048276 0.000000
vt 0.055172 0.000000
vt 0.089655 0.000000
vt 0.062069 0.000000
vt 0.068966 0.000000
vt 0.082759 0.000000
vt 0.075862 0.000000
vt 0.000000 1.000000
vt 0.006849 1.000000
vt 0.013699 1.000000
vt 0.020548 1.000000
vt 0.027397 1.000000
vt 0.034247 1.000000
vt 0.041096 1.000000
vt 0.047945 1.000000
vt 0.054795 1.000000
vt 0.061644 1.000000
vt 0.068493 1.000000
vt 0.075342 1.000000
vt 0.082192 1.000000
vt 0.089041 1.000000
vt 0.095890 1.000000
vt 0.102740 1.000000
vt 0.109589 1.000000
vt 0.116438 1.000000
vt 0.123288 1.000000
vt 0.130137 1.000000
vt 0.136986 1.000000
vt 0.143836 1.000000
vt 0.150685 1.000000
vt 0.157534 1.000000
vt 0.164384 1.000000
vt 0.171233 1.000000
vt 0.178082 1.000000
vt 0.184932 1.000000
vt 0.191781 1.000000
vt 0.198630 1.000000
vt 0.205479 1.000000
vt 0.212329 1.000000
vt 0.219178 1.000000
vt 0.226027 1.000000
vt 0.232877 1.000000
vt 0.239726 1.000000
vt 0.246575 1.000000
vt 0.253425 1.000000
vt 0.260274 1.000000
vt 0.267123 1.000000
vt 0.273973 1.000000
vt 0.280822 1.000000
vt 0.287671 1.000000
vt 0.294521 1.000000
vt 0.301370 1.000000
vt 0.308219 1.000000
vt 0.315068 1.000000
vt 0.321918 1.000000
vt 0.328767 1.000000
vt 0.335616 1.000000
vt 0.342466 1.000000
vt 0.349315 1.000000
vt 0.356164 1.000000
vt 0.363014 1.000000
vt 0.369863 1.000000
vt 0.376712 1.000000
vt 0.383562 1.000000
vt 0.390411 1.000000
vt 0.397260 1.000000
vt 0.404110 1.000000
vt 0.410959 1.000000
vt 0.417808 1.000000
vt 0.424658 1.000000
vt 0.431507 1.000000
vt 0.438356 1.000000
vt 0.445205 1.000000
vt 0.452055 1.000000
vt 0.458904 1.000000
vt 0.465753 1.000000
vt 0.472603 1.000000
vt 0.479452 1.000000
vt 0.486301 1.000000
vt 0.493151 1.000000
vt 0.500000 1.000000
vt 0.506849 1.000000
vt 0.513699 1.000000
vt 0.520548 1.000000
vt 0.527397 1.000000
vt 0.534247 1.000000
vt 0.541096 1.000000
vt 0.547945 1.000000
vt 0.554795 1.000000
vt 0.561644 1.000000
vt 0.568493 1.000000
vt 0.575342 1.000000
vt 0.582192 1.000000
vt 0.589041 1.000000
vt 0.595890 1.000000
vt 0.602740 1.000000
vt 0.609589 1.000000
vt 0.616438 1.000000
vt 0.623288 1.000000
vt 0.630137 1.000000
vt 0.636986 1.000000
vt 0.643836 1.000000
vt 0.650685 1.000000
vt 0.657534 1.000000
vt 0.664384 1.000000
vt 0.671233 1.000000
vt 0.678082 1.000000
vt 0.684932 1.000000
vt 0.691781 1.000000
vt 0.698630 1.000000
vt 0.705479 1.000000
vt 0.712329 1.000000
vt 0.719178 1.000000
vt 0.726027 1.000000
vt 0.732877 1.000000
vt 0.739726 1.000000
vt 0.746575 1.000000
vt 0.753425 1.000000
vt 0.760274 1.000000
vt 0.767123 1.000000
vt 0.773973 1.000000
vt 0.780822 1.000000
vt 0.787671 1.000000
vt 0.794521 1.000000
vt 0.801370 1.000000
vt 0.808219 1.000000
vt 0.815068 1.000000
vt 0.821918 1.000000
vt 0.828767 1.000000
vt 0.835616 1.000000
vt 0.842466 1.000000
vt 0.849315 1.000000
vt 0.856164 1.000000
vt 0.863014 1.000000
vt 0.869863 1.000000
vt 0.876712 1.000000
vt 0.883562 1.000000
vt 0.890411 1.000000
vt 0.897260 1.000000
vt 0.904110 1.000000
vt 0.910959 1.000000
vt 0.917808 1.000000
vt 0.924658 1.000000
vt 0.931507 1.000000
vt 0.938356 1.000000
vt 0.945205 1.000000
vt 0.952055 1.000000
vt 0.958904 1.000000
vt 0.965753 1.000000
vt 0.972603 1.000000
vt 0.979452 1.000000
vt 0.986301 1.000000
vt 0.993151 1.000000
vt 1.000000 1.000000
vt 0.011111 1.000000
vt 0.011111 0.000000
vt 0.022222 1.000000
vt 0.022222 0.000000
vt 0.033333 1.000000
vt 0.033333 0.000000
vt 0.044444 1.000000
vt 0.044444 0.000000
vt 0.055556 1.000000
vt 0.055556 0.000000
vt 0.066667 1.000000
vt 0.066667 0.000000
vt 0.077778 1.000000
vt 0.077778 0.000000
vt 0.088889 1.000000
vt 0.088889 0.000000
vt 0.100000 1.000000
vt 0.100000 0.000000
vt 0.111111 1.000000
vt 0.111111 0.000000
vt 0.122222 1.000000
vt 0.122222 0.000000
vt 0.133333 1.000000
vt 0.133333 0.000000
vt 0.144444 1.000000
vt 0.144444 0.000000
vt 0.155556 1.000000
vt 0.155556 0.000000
vt 0.166667 1.000000
vt 0.166667 0.000000
vt 0.177778 1.000000
vt 0.177778 0.000000
vt 0.188889 1.000000
vt 0.188889 0.000000
vt 0.200000 1.000000
vt 0.211111 1.000000
vt 0.211111 0.000000
vt 0.222222 1.000000
vt 0.222222 0.000000
vt 0.233333 1.000000
vt 0.233333 0.000000
vt 0.244444 1.000000
vt 0.244444 0.000000
vt 0.255556 1.000000
vt 0.255556 0.000000
vt 0.266667 1.000000
vt 0.266667 0.000000
vt 0.277778 1.000000
vt 0.277778 0.000000
vt 0.288889 1.000000
vt 0.288889 0.000000
vt 0.300000 1.000000
vt 0.300000 0.000000
vt 0.311111 1.000000
vt 0.311111 0.000000
vt 0.322222 1.000000
vt 0.322222 0.000000
vt 0.333333 1.000000
vt 0.344444 1.000000
vt 0.344444 0.000000
vt 0.355556 1.000000
vt 0.355556 0.000000
vt 0.366667 1.000000
vt 0.366667 0.000000
vt 0.377778 1.000000
vt 0.377778 0.000000
vt 0.388889 1.000000
vt 0.388889 0.000000
vt 0.400000 1.000000
vt 0.411111 1.000000
vt 0.411111 0.000000
vt 0.422222 1.000000
vt 0.422222 0.000000
vt 0.433333 1.000000
vt 0.433333 0.000000
vt 0.444444 1.000000
vt 0.444444 0.000000
vt 0.455556 1.000000
vt 0.455556 0.000000
vt 0.466667 1.000000
vt 0.466667 0.000000
vt 0.477778 1.000000
vt 0.477778 0.000000
vt 0.488889 1.000000
vt 0.488889 0.000000
vt 0.511111 1.000000
vt 0.511111 0.000000
vt 0.522222 1.000000
vt 0.522222 0.000000
vt 0.533333 1.000000
vt 0.533333 0.000000
vt 0.544444 1.000000
vt 0.544444 0.000000
vt 0.555556 1.000000
vt 0.555556 0.000000
vt 0.566667 1.000000
vt 0.566667 0.000000
vt 0.577778 1.000000
vt 0.577778 0.000000
vt 0.588889 1.000000
vt 0.588889 0.000000
vt 0.600000 1.000000
vt 0.611111 1.000000
vt 0.611111 0.000000
vt 0.622222 1.000000
vt 0.622222 0.000000
vt 0.633333 1.000000
vt 0.633333 0.000000
vt 0.644444 1.000000
vt 0.644444 0.000000
vt 0.655556 1.000000
vt 0.655556 0.000000
vt 0.666667 1.000000
vt 0.677778 1.000000
vt 0.677778 0.000000
vt 0.688889 1.000000
vt 0.688889 0.000000
vt 0.700000 1.000000
vt 0.700000 0.000000
vt 0.711111 1.000000
vt 0.711111 0.000000
vt 0.722222 1.000000
vt 0.722222 0.000000
vt 0.733333 1.000000
vt 0.733333 0.000000
vt 0.744444 1.000000
vt 0.744444 0.000000
vt 0.755556 1.000000
vt 0.755556 0.000000
vt 0.766667 1.000000
vt 0.766667 0.000000
vt 0.777778 1.000000
vt 0.777778 0.000000
vt 0.788889 1.000000
vt 0.788889 0.000000
vt 0.800000 1.000000
vt 0.811111 1.000000
vt 0.811111 0.000000
vt 0.822222 1.000000
vt 0.822222 0.000000
vt 0.833333 1.000000
vt 0.833333 0.000000
vt 0.844444 1.000000
vt 0.844444 0.000000
vt 0.855556 1.000000
vt 0.855556 0.000000
vt 0.866667 1.000000
vt 0.866667 0.000000
vt 0.877778 1.000000
vt 0.877778 0.000000
vt 0.888889 1.000000
vt 0.888889 0.000000
vt 0.900000 1.000000
vt 0.900000 0.000000
vt 0.911111 1.000000
vt 0.911111 0.000000
vt 0.922222 1.000000
vt 0.922222 0.000000
vt 0.933333 1.000000
vt 0.933333 0.000000
vt 0.944444 1.000000
vt 0.944444 0.000000
vt 0.955556 1.000000
vt 0.955556 0.000000
vt 0.966667 1.000000
vt 0.966667 0.000000
vt 0.977778 1.000000
vt 0.977778 0.000000
vt 0.988889 1.000000
vt 0.988889 0.000000
vt 0.025641 1.000000
vt 0.025641 0.000000
vt 0.051282 1.000000
vt 0.051282 0.000000
vt 0.076923 1.000000
vt 0.076923 0.000000
vt 0.102564 1.000000
vt 0.102564 0.000000
vt 0.128205 1.000000
vt 0.128205 0.000000
vt 0.153846 1.000000
vt 0.153846 0.000000
vt 0.179487 1.000000
vt 0.179487 0.000000
vt 0.205128 1.000000
vt 0.205128 0.000000
vt 0.230769 1.000000
vt 0.230769 0.000000
vt 0.256410 1.000000
vt 0.256410 0.000000
vt 0.282051 1.000000
vt 0.282051 0.000000
vt 0.307692 1.000000
vt 0.307692 0.000000
vt 0.358974 1.000000
vt 0.358974 0.000000
vt 0.384615 1.000000
vt 0.384615 0.000000
vt 0.410256 1.000000
vt 0.410256 0.000000
vt 0.435897 1.000000
vt 0.435897 0.000000
vt 0.461538 1.000000
vt 0.461538 0.000000
vt 0.487179 1.000000
vt 0.487179 0.000000
vt 0.512821 1.000000
vt 0.512821 0.000000
vt 0.538462 1.000000
vt 0.538462 0.000000
vt 0.564103 1.000000
vt 0.564103 0.000000
vt 0.589744 1.000000
vt 0.589744 0.000000
vt 0.615385 1.000000
vt 0.615385 0.000000
vt 0.641026 1.000000
vt 0.641026 0.000000
vt 0.692308 1.000000
vt 0.692308 0.000000
vt 0.717949 1.000000
vt 0.717949 0.000000
vt 0.743590 1.000000
vt 0.743590 0.000000
vt 0.769231 1.000000
vt 0.769231 0.000000
vt 0.794872 1.000000
vt 0.794872 0.000000
vt 0.820513 1.000000
vt 0.820513 0.000000
vt 0.846154 1.000000
vt 0.846154 0.000000
vt 0.871795 1.000000
vt 0.871795 0.000000
vt 0.897436 1.000000
vt 0.897436 0.000000
vt 0.923077 1.000000
vt 0.923077 0.000000
vt 0.948718 1.000000
vt 0.948718 0.000000
vt 0.974359 1.000000
vt 0.974359 0.000000
vt 0.083333 1.000000
vt 0.083333 0.000000
vt 0.250000 1.000000
vt 0.416667 1.000000
vt 0.416667 0.000000
vt 0.583333 1.000000
vt 0.583333 0.000000
vt 0.750000 1.000000
vt 0.916667 1.000000
vt 0.916667 0.000000
vt 0.016393 1.000000
vt 0.016393 0.000000
vt 0.032787 1.000000
vt 0.032787 0.000000
vt 0.049180 1.000000
vt 0.049180 0.000000
vt 0.065574 1.000000
vt 0.065574 0.000000
vt 0.081967 1.000000
vt 0.081967 0.000000
vt 0.098361 1.000000
vt 0.098361 0.000000
vt 0.114754 1.000000
vt 0.114754 0.000000
vt 0.131148 1.000000
vt 0.131148 0.000000
vt 0.147541 1.000000
vt 0.147541 0.000000
vt 0.163934 1.000000
vt 0.163934 0.000000
vt 0.180328 1.000000
vt 0.180328 0.000000
vt 0.196721 1.000000
vt 0.196721 0.000000
vt 0.213115 1.000000
vt 0.213115 0.000000
vt 0.229508 1.000000
vt 0.229508 0.000000
vt 0.245902 1.000000
vt 0.245902 0.000000
vt 0.262295 1.000000
vt 0.262295 0.000000
vt 0.278689 1.000000
vt 0.278689 0.000000
vt 0.295082 1.000000
vt 0.295082 0.000000
vt 0.311475 1.000000
vt 0.311475 0.000000
vt 0.327869 1.000000
vt 0.327869 0.000000
vt 0.344262 1.000000
vt 0.344262 0.000000
vt 0.360656 1.000000
vt 0.360656 0.000000
vt 0.377049 1.000000
vt 0.377049 0.000000
vt 0.393443 1.000000
vt 0.393443 0.000000
vt 0.409836 1.000000
vt 0.409836 0.000000
vt 0.426230 1.000000
vt 0.426230 0.000000
vt 0.442623 1.000000
vt 0.442623 0.000000
vt 0.459016 1.000000
vt 0.459016 0.000000
vt 0.475410 1.000000
vt 0.475410 0.000000
vt 0.491803 1.000000
vt 0.491803 0.000000
vt 0.508197 1.000000
vt 0.508197 0.000000
vt 0.524590 1.000000
vt 0.524590 0.000000
vt 0.540984 1.000000
vt 0.540984 0.000000
vt 0.557377 1.000000
vt 0.557377 0.000000
vt 0.573770 1.000000
vt 0.573770 0.000000
vt 0.590164 1.000000
vt 0.590164 0.000000
vt 0.606557 1.000000
vt 0.606557 0.000000
vt 0.622951 1.000000
vt 0.622951 0.000000
vt 0.639344 1.000000
vt 0.639344 0.000000
vt 0.655738 1.000000
vt 0.655738 0.000000
vt 0.672131 1.000000
vt 0.672131 0.000000
vt 0.688525 1.000000
vt 0.688525 0.000000
vt 0.704918 1.000000
vt 0.704918 0.000000
vt 0.721311 1.000000
vt 0.721311 0.000000
vt 0.737705 1.000000
vt 0.737705 0.000000
vt 0.754098 1.000000
vt 0.754098 0.000000
vt 0.770492 1.000000
vt 0.770492 0.000000
vt 0.786885 1.000000
vt 0.786885 0.000000
vt 0.803279 1.000000
vt 0.803279 0.000000
vt 0.819672 1.000000
vt 0.819672 0.000000
vt 0.836066 1.000000
vt 0.836066 0.000000
vt 0.852459 1.000000
vt 0.852459 0.000000
vt 0.868852 1.000000
vt 0.868852 0.000000
vt 0.885246 1.000000
vt 0.885246 0.000000
vt 0.901639 1.000000
vt 0.901639 0.000000
vt 0.918033 1.000000
vt 0.918033 0.000000
vt 0.934426 1.000000
vt 0.934426 0.000000
vt 0.950820 1.000000
vt 0.950820 0.000000
vt 0.967213 1.000000
vt 0.967213 0.000000
vt 0.983607 1.000000
vt 0.983607 0.000000
vt 0.011628 1.000000
vt 0.011628 0.000000
vt 0.023256 1.000000
vt 0.023256 0.000000
vt 0.034884 1.000000
vt 0.034884 0.000000
vt 0.046512 1.000000
vt 0.046512 0.000000
vt 0.058140 1.000000
vt 0.058140 0.000000
vt 0.069767 1.000000
vt 0.069767 0.000000
vt 0.081395 1.000000
vt 0.081395 0.000000
vt 0.093023 1.000000
vt 0.093023 0.000000
vt 0.104651 1.000000
vt 0.104651 0.000000
vt 0.116279 1.000000
vt 0.116279 0.000000
vt 0.127907 1.000000
vt 0.127907 0.000000
vt 0.139535 1.000000
vt 0.139535 0.000000
vt 0.151163 1.000000
vt 0.151163 0.000000
vt 0.162791 1.000000
vt 0.162791 0.000000
vt 0.174419 1.000000
vt 0.174419 0.000000
vt 0.186047 1.000000
vt 0.186047 0.000000
vt 0.197674 1.000000
vt 0.197674 0.000000
vt 0.209302 1.000000
vt 0.209302 0.000000
vt 0.220930 1.000000
vt 0.220930 0.000000
vt 0.232558 1.000000
vt 0.232558 0.000000
vt 0.244186 1.000000
vt 0.244186 0.000000
vt 0.255814 1.000000
vt 0.255814 0.000000
vt 0.267442 1.000000
vt 0.267442 0.000000
vt 0.279070 1.000000
vt 0.279070 0.000000
vt 0.290698 1.000000
vt 0.290698 0.000000
vt 0.302326 1.000000
vt 0.302326 0.000000
vt 0.313953 1.000000
vt 0.313953 0.000000
vt 0.325581 1.000000
vt 0.325581 0.000000
vt 0.337209 1.000000
vt 0.337209 0.000000
vt 0.348837 1.000000
vt 0.348837 0.000000
vt 0.360465 1.000000
vt 0.360465 0.000000
vt 0.372093 1.000000
vt 0.372093 0.000000
vt 0.383721 1.000000
vt 0.383721 0.000000
vt 0.395349 1.000000
vt 0.395349 0.000000
vt 0.406977 1.000000
vt 0.406977 0.000000
vt 0.418605 1.000000
vt 0.418605 0.000000
vt 0.430233 1.000000
vt 0.430233 0.000000
vt 0.441860 1.000000
vt 0.441860 0.000000
vt 0.453488 1.000000
vt 0.453488 0.000000
vt 0.465116 1.000000
vt 0.465116 0.000000
vt 0.476744 1.000000
vt 0.476744 0.000000
vt 0.488372 1.000000
vt 0.488372 0.000000
vt 0.511628 1.000000
vt 0.511628 0.000000
vt 0.523256 1.000000
vt 0.523256 0.000000
vt 0.534884 1.000000
vt 0.534884 0.000000
vt 0.546512 1.000000
vt 0.546512 0.000000
vt 0.558140 1.000000
vt 0.558140 0.000000
vt 0.569767 1.000000
vt 0.569767 0.000000
vt 0.581395 1.000000
vt 0.581395 0.000000
vt 0.593023 1.000000
vt 0.593023 0.000000
vt 0.604651 1.000000
vt 0.604651 0.000000
vt 0.616279 1.000000
vt 0.616279 0.000000
vt 0.627907 1.000000
vt 0.627907 0.000000
vt 0.639535 1.000000
vt 0.639535 0.000000
vt 0.651163 1.000000
vt 0.651163 0.000000
vt 0.662791 1.000000
vt 0.662791 0.000000
vt 0.674419 1.000000
vt 0.674419 0.000000
vt 0.686047 1.000000
vt 0.686047 0.000000
vt 0.697674 1.000000
vt 0.697674 0.000000
vt 0.709302 1.000000
vt 0.709302 0.000000
vt 0.720930 1.000000
vt 0.720930 0.000000
vt 0.732558 1.000000
vt 0.732558 0.000000
vt 0.744186 1.000000
vt 0.744186 0.000000
vt 0.755814 1.000000
vt 0.755814 0.000000
vt 0.767442 1.000000
vt 0.767442 0.000000
vt 0.779070 1.000000
vt 0.779070 0.000000
vt 0.790698 1.000000
vt 0.790698 0.000000
vt 0.802326 1.000000
vt 0.802326 0.000000
vt 0.813953 1.000000
vt 0.813953 0.000000
vt 0.825581 1.000000
vt 0.825581 0.000000
vt 0.837209 1.000000
vt 0.837209 0.000000
vt 0.848837 1.000000
vt 0.848837 0.000000
vt 0.860465 1.000000
vt 0.860465 0.000000
vt 0.872093 1.000000
vt 0.872093 0.000000
vt 0.883721 1.000000
vt 0.883721 0.000000
vt 0.895349 1.000000
vt 0.895349 0.000000
vt 0.906977 1.000000
vt 0.906977 0.000000
vt 0.918605 1.000000
vt 0.918605 0.000000
vt 0.930233 1.000000
vt 0.930233 0.000000
vt 0.941860 1.000000
vt 0.941860 0.000000
vt 0.953488 1.000000
vt 0.953488 0.000000
vt 0.965116 1.000000
vt 0.965116 0.000000
vt 0.976744 1.000000
vt 0.976744 0.000000
vt 0.988372 1.000000
vt 0.988372 0.000000
vt 0.125000 1.000000
vt 0.375000 1.000000
vt 0.625000 1.000000
vt 0.875000 1.000000
s 0
usemtl Material.006
f 6/1/1 8/2/1 7/3/1
f 6/1/1 1/4/1 8/2/1
f 5/5/1 1/4/1 6/1/1
f 4/6/1 2/7/1 5/5/1
f 2/7/1 1/4/1 5/5/1
f 4/6/1 3/8/1 2/7/1
f 10/9/1 12/2/1 11/10/1
f 10/9/1 9/4/1 12/2/1
f 60/11/1 62/12/1 61/13/1
f 59/14/1 62/12/1 60/11/1
f 58/15/1 62/12/1 59/14/1
f 57/16/1 62/12/1 58/15/1
f 56/17/1 62/12/1 57/16/1
f 56/17/1 63/18/1 62/12/1
f 55/19/1 63/18/1 56/17/1
f 54/20/1 63/18/1 55/19/1
f 53/21/1 63/18/1 54/20/1
f 52/22/1 63/18/1 53/21/1
f 52/22/1 64/23/1 63/18/1
f 51/24/1 64/23/1 52/22/1
f 50/25/1 64/23/1 51/24/1
f 49/26/1 64/23/1 50/25/1
f 48/27/1 122/28/1 49/26/1
f 122/28/1 64/23/1 49/26/1
f 122/28/1 65/29/1 64/23/1
f 122/28/1 66/30/1 65/29/1
f 122/28/1 67/31/1 66/30/1
f 122/28/1 121/32/1 67/31/1
f 121/32/1 120/33/1 67/31/1
f 120/33/1 119/34/1 67/31/1
f 119/34/1 118/35/1 67/31/1
f 118/35/1 117/36/1 67/31/1
f 117/36/1 116/37/1 67/31/1
f 116/37/1 115/38/1 67/31/1
f 115/38/1 114/39/1 67/31/1
f 114/39/1 113/40/1 67/31/1
f 113/40/1 112/41/1 67/31/1
f 112/41/1 68/42/1 67/31/1
f 112/41/1 111/43/1 68/42/1
f 111/43/1 110/44/1 68/42/1
f 110/44/1 109/45/1 68/42/1
f 109/45/1 108/46/1 68/42/1
f 108/46/1 69/47/1 68/42/1
f 107/48/1 69/47/1 108/46/1
f 48/27/1 123/49/1 122/28/1
f 106/50/1 69/47/1 107/48/1
f 105/51/1 69/47/1 106/50/1
f 104/52/1 69/47/1 105/51/1
f 103/53/1 69/47/1 104/52/1
f 103/53/1 70/54/1 69/47/1
f 102/55/1 70/54/1 103/53/1
f 101/56/1 70/54/1 102/55/1
f 100/57/1 70/54/1 101/56/1
f 99/58/1 70/54/1 100/57/1
f 99/58/1 71/59/1 70/54/1
f 98/60/1 71/59/1 99/58/1
f 97/61/1 71/59/1 98/60/1
f 96/62/1 71/59/1 97/61/1
f 95/63/1 71/59/1 96/62/1
f 95/63/1 72/64/1 71/59/1
f 94/65/1 72/64/1 95/63/1
f 93/66/1 72/64/1 94/65/1
f 92/67/1 72/64/1 93/66/1
f 91/68/1 72/64/1 92/67/1
f 91/68/1 73/69/1 72/64/1
f 90/70/1 73/69/1 91/68/1
f 89/71/1 73/69/1 90/70/1
f 88/72/1 73/69/1 89/71/1
f 87/73/1 73/69/1 88/72/1
f 86/74/1 73/69/1 87/73/1
f 85/75/1 73/69/1 86/74/1
f 85/75/1 13/4/1 73/69/1
f 84/76/1 13/4/1 85/75/1
f 83/77/1 13/4/1 84/76/1
f 83/77/1 14/78/1 13/4/1
f 82/79/1 14/78/1 83/77/1
f 81/80/1 14/78/1 82/79/1
f 81/80/1 15/81/1 14/78/1
f 80/82/1 15/81/1 81/80/1
f 79/83/1 15/81/1 80/82/1
f 79/83/1 16/84/1 15/81/1
f 78/85/1 16/84/1 79/83/1
f 77/86/1 16/84/1 78/85/1
f 77/86/1 17/87/1 16/84/1
f 76/88/1 17/87/1 77/86/1
f 75/89/1 17/87/1 76/88/1
f 74/90/1 17/87/1 75/89/1
f 74/90/1 18/91/1 17/87/1
f 159/2/1 18/91/1 74/90/1
f 158/92/1 18/91/1 159/2/1
f 157/93/1 18/91/1 158/92/1
f 157/93/1 19/94/1 18/91/1
f 156/95/1 19/94/1 157/93/1
f 155/96/1 19/94/1 156/95/1
f 154/97/1 19/94/1 155/96/1
f 153/98/1 19/94/1 154/97/1
f 153/98/1 20/99/1 19/94/1
f 152/100/1 20/99/1 153/98/1
f 151/101/1 20/99/1 152/100/1
f 150/102/1 20/99/1 151/101/1
f 150/102/1 21/103/1 20/99/1
f 149/104/1 21/103/1 150/102/1
f 148/105/1 21/103/1 149/104/1
f 147/106/1 21/103/1 148/105/1
f 147/106/1 22/107/1 21/103/1
f 146/108/1 22/107/1 147/106/1
f 146/108/1 23/109/1 22/107/1
f 146/108/1 24/110/1 23/109/1
f 146/108/1 25/111/1 24/110/1
f 145/112/1 25/111/1 146/108/1
f 144/113/1 25/111/1 145/112/1
f 143/114/1 25/111/1 144/113/1
f 143/114/1 26/115/1 25/111/1
f 142/116/1 26/115/1 143/114/1
f 141/117/1 26/115/1 142/116/1
f 140/118/1 26/115/1 141/117/1
f 140/118/1 27/119/1 26/115/1
f 139/120/1 27/119/1 140/118/1
f 138/121/1 27/119/1 139/120/1
f 137/122/1 27/119/1 138/121/1
f 48/27/1 124/123/1 123/49/1
f 48/27/1 125/124/1 124/123/1
f 48/27/1 126/125/1 125/124/1
f 48/27/1 127/126/1 126/125/1
f 136/127/1 27/119/1 137/122/1
f 48/27/1 128/128/1 127/126/1
f 48/27/1 129/129/1 128/128/1
f 48/27/1 130/130/1 129/129/1
f 48/27/1 131/131/1 130/130/1
f 135/132/1 27/119/1 136/127/1
f 48/27/1 132/133/1 131/131/1
f 48/27/1 133/134/1 132/133/1
f 48/27/1 134/135/1 133/134/1
f 48/27/1 135/132/1 134/135/1
f 48/27/1 27/119/1 135/132/1
f 48/27/1 28/136/1 27/119/1
f 48/27/1 29/137/1 28/136/1
f 48/27/1 30/138/1 29/137/1
f 48/27/1 31/139/1 30/138/1
f 48/27/1 32/140/1 31/139/1
f 48/27/1 33/141/1 32/140/1
f 47/142/1 33/141/1 48/27/1
f 46/143/1 33/141/1 47/142/1
f 45/144/1 33/141/1 46/143/1
f 45/144/1 34/145/1 33/141/1
f 44/146/1 34/145/1 45/144/1
f 43/147/1 34/145/1 44/146/1
f 42/148/1 34/145/1 43/147/1
f 42/148/1 35/149/1 34/145/1
f 41/150/1 35/149/1 42/148/1
f 40/151/1 35/149/1 41/150/1
f 39/152/1 35/149/1 40/151/1
f 39/152/1 36/153/1 35/149/1
f 38/154/1 36/153/1 39/152/1
f 37/155/1 36/153/1 38/154/1
f 167/156/1 171/2/1 168/157/1
f 171/2/1 169/158/1 168/157/1
f 171/2/1 170/159/1 169/158/1
f 167/156/1 160/4/1 171/2/1
f 167/156/1 163/160/1 160/4/1
f 163/160/1 161/161/1 160/4/1
f 163/160/1 162/162/1 161/161/1
f 167/156/1 164/163/1 163/160/1
f 167/156/1 165/164/1 164/163/1
f 167/156/1 166/165/1 165/164/1
f 199/166/1 286/167/1 200/168/1
f 286/167/1 201/169/1 200/168/1
f 286/167/1 202/170/1 201/169/1
f 286/167/1 203/171/1 202/170/1
f 286/167/1 204/172/1 203/171/1
f 286/167/1 205/173/1 204/172/1
f 286/167/1 206/174/1 205/173/1
f 286/167/1 207/175/1 206/174/1
f 286/167/1 208/176/1 207/175/1
f 286/167/1 209/177/1 208/176/1
f 286/167/1 210/178/1 209/177/1
f 286/167/1 211/179/1 210/178/1
f 286/167/1 212/180/1 211/179/1
f 286/167/1 213/181/1 212/180/1
f 286/167/1 214/182/1 213/181/1
f 286/167/1 215/183/1 214/182/1
f 286/167/1 216/184/1 215/183/1
f 286/167/1 217/185/1 216/184/1
f 286/167/1 218/186/1 217/185/1
f 286/167/1 219/187/1 218/186/1
f 286/167/1 220/188/1 219/187/1
f 286/167/1 285/189/1 220/188/1
f 285/189/1 221/190/1 220/188/1
f 199/166/1 287/191/1 286/167/1
f 284/192/1 221/190/1 285/189/1
f 283/193/1 221/190/1 284/192/1
f 283/193/1 282/194/1 221/190/1
f 282/194/1 281/195/1 221/190/1
f 281/195/1 222/196/1 221/190/1
f 280/197/1 222/196/1 281/195/1
f 279/198/1 222/196/1 280/197/1
f 278/199/1 222/196/1 279/198/1
f 277/200/1 222/196/1 278/199/1
f 277/200/1 223/201/1 222/196/1
f 276/202/1 223/201/1 277/200/1
f 275/203/1 223/201/1 276/202/1
f 275/203/1 224/204/1 223/201/1
f 274/205/1 224/204/1 275/203/1
f 274/205/1 225/206/1 224/204/1
f 273/207/1 225/206/1 274/205/1
f 272/208/1 225/206/1 273/207/1
f 272/208/1 226/209/1 225/206/1
f 271/210/1 226/209/1 272/208/1
f 270/211/1 226/209/1 271/210/1
f 270/211/1 227/212/1 226/209/1
f 269/213/1 227/212/1 270/211/1
f 268/214/1 227/212/1 269/213/1
f 267/215/1 227/212/1 268/214/1
f 267/215/1 228/216/1 227/212/1
f 266/217/1 228/216/1 267/215/1
f 265/218/1 228/216/1 266/217/1
f 264/219/1 228/216/1 265/218/1
f 263/220/1 228/216/1 264/219/1
f 263/220/1 229/221/1 228/216/1
f 262/222/1 229/221/1 263/220/1
f 300/2/1 229/221/1 262/222/1
f 299/223/1 229/221/1 300/2/1
f 298/224/1 229/221/1 299/223/1
f 297/225/1 229/221/1 298/224/1
f 296/226/1 229/221/1 297/225/1
f 295/227/1 229/221/1 296/226/1
f 295/227/1 230/228/1 229/221/1
f 294/229/1 230/228/1 295/227/1
f 293/230/1 230/228/1 294/229/1
f 292/231/1 230/228/1 293/230/1
f 291/232/1 230/228/1 292/231/1
f 290/233/1 230/228/1 291/232/1
f 289/234/1 230/228/1 290/233/1
f 288/235/1 230/228/1 289/234/1
f 199/166/1 197/236/1 287/191/1
f 197/236/1 288/235/1 287/191/1
f 197/236/1 230/228/1 288/235/1
f 197/236/1 231/237/1 230/228/1
f 197/236/1 232/238/1 231/237/1
f 197/236/1 233/239/1 232/238/1
f 197/236/1 234/240/1 233/239/1
f 197/236/1 235/241/1 234/240/1
f 197/236/1 236/74/1 235/241/1
f 197/236/1 237/242/1 236/74/1
f 197/236/1 238/243/1 237/242/1
f 197/236/1 239/244/1 238/243/1
f 197/236/1 240/245/1 239/244/1
f 197/236/1 241/246/1 240/245/1
f 197/236/1 242/247/1 241/246/1
f 197/236/1 243/248/1 242/247/1
f 197/236/1 184/249/1 243/248/1
f 184/249/1 244/250/1 243/248/1
f 197/236/1 185/251/1 184/249/1
f 183/252/1 244/250/1 184/249/1
f 197/236/1 186/253/1 185/251/1
f 197/236/1 187/254/1 186/253/1
f 197/236/1 188/255/1 187/254/1
f 197/236/1 189/256/1 188/255/1
f 197/236/1 190/257/1 189/256/1
f 197/236/1 191/258/1 190/257/1
f 197/236/1 192/259/1 191/258/1
f 197/236/1 193/260/1 192/259/1
f 197/236/1 194/261/1 193/260/1
f 197/236/1 195/262/1 194/261/1
f 197/236/1 196/263/1 195/262/1
f 199/166/1 198/264/1 197/236/1
f 183/252/1 245/265/1 244/250/1
f 183/252/1 246/266/1 245/265/1
f 183/252/1 247/267/1 246/266/1
f 183/252/1 248/268/1 247/267/1
f 183/252/1 249/269/1 248/268/1
f 183/252/1 250/270/1 249/269/1
f 182/271/1 250/270/1 183/252/1
f 182/271/1 251/272/1 250/270/1
f 181/273/1 251/272/1 182/271/1
f 181/273/1 252/274/1 251/272/1
f 180/275/1 252/274/1 181/273/1
f 180/275/1 253/276/1 252/274/1
f 179/277/1 253/276/1 180/275/1
f 179/277/1 254/278/1 253/276/1
f 178/279/1 254/278/1 179/277/1
f 178/279/1 255/280/1 254/278/1
f 177/281/1 255/280/1 178/279/1
f 177/281/1 256/282/1 255/280/1
f 176/283/1 256/282/1 177/281/1
f 176/283/1 257/284/1 256/282/1
f 175/285/1 257/284/1 176/283/1
f 175/285/1 258/286/1 257/284/1
f 174/287/1 258/286/1 175/285/1
f 174/287/1 259/288/1 258/286/1
f 173/289/1 259/288/1 174/287/1
f 173/289/1 260/290/1 259/288/1
f 173/289/1 261/291/1 260/290/1
f 172/4/1 261/291/1 173/289/1
f 360/292/1 362/293/1 361/294/1
f 360/292/1 363/295/1 362/293/1
f 360/292/1 364/296/1 363/295/1
f 359/297/1 364/296/1 360/292/1
f 359/297/1 365/298/1 364/296/1
f 359/297/1 366/299/1 365/298/1
f 358/300/1 366/299/1 359/297/1
f 358/300/1 367/301/1 366/299/1
f 358/300/1 368/302/1 367/301/1
f 357/303/1 368/302/1 358/300/1
f 357/303/1 369/304/1 368/302/1
f 357/303/1 370/305/1 369/304/1
f 356/306/1 370/305/1 357/303/1
f 356/306/1 371/307/1 370/305/1
f 355/308/1 371/307/1 356/306/1
f 355/308/1 372/309/1 371/307/1
f 355/308/1 373/310/1 372/309/1
f 354/311/1 373/310/1 355/308/1
f 354/311/1 382/312/1 373/310/1
f 382/312/1 381/313/1 373/310/1
f 381/313/1 380/314/1 373/310/1
f 380/314/1 379/315/1 373/310/1
f 379/315/1 378/316/1 373/310/1
f 378/316/1 377/317/1 373/310/1
f 377/317/1 376/318/1 373/310/1
f 376/318/1 375/319/1 373/310/1
f 375/319/1 374/320/1 373/310/1
f 353/321/1 385/322/1 354/311/1
f 385/322/1 384/323/1 354/311/1
f 384/323/1 383/324/1 354/311/1
f 383/324/1 382/312/1 354/311/1
f 352/325/1 386/326/1 353/321/1
f 386/326/1 385/322/1 353/321/1
f 352/325/1 387/327/1 386/326/1
f 352/325/1 388/328/1 387/327/1
f 352/325/1 389/329/1 388/328/1
f 352/325/1 390/330/1 389/329/1
f 351/331/1 390/330/1 352/325/1
f 351/331/1 391/332/1 390/330/1
f 351/331/1 392/333/1 391/332/1
f 351/331/1 393/334/1 392/333/1
f 350/335/1 393/334/1 351/331/1
f 350/335/1 394/336/1 393/334/1
f 350/335/1 395/337/1 394/336/1
f 349/338/1 395/337/1 350/335/1
f 349/338/1 396/339/1 395/337/1
f 349/338/1 397/340/1 396/339/1
f 348/341/1 397/340/1 349/338/1
f 348/341/1 398/342/1 397/340/1
f 347/343/1 398/342/1 348/341/1
f 347/343/1 399/344/1 398/342/1
f 346/345/1 399/344/1 347/343/1
f 346/345/1 400/346/1 399/344/1
f 345/347/1 400/346/1 346/345/1
f 345/347/1 401/348/1 400/346/1
f 344/349/1 401/348/1 345/347/1
f 344/349/1 402/350/1 401/348/1
f 344/349/1 403/351/1 402/350/1
f 343/352/1 403/351/1 344/349/1
f 343/352/1 404/353/1 403/351/1
f 342/354/1 404/353/1 343/352/1
f 342/354/1 405/355/1 404/353/1
f 341/356/1 405/355/1 342/354/1
f 341/356/1 406/357/1 405/355/1
f 340/358/1 406/357/1 341/356/1
f 340/358/1 407/359/1 406/357/1
f 339/360/1 407/359/1 340/358/1
f 339/360/1 408/361/1 407/359/1
f 338/362/1 408/361/1 339/360/1
f 338/362/1 409/363/1 408/361/1
f 337/364/1 409/363/1 338/362/1
f 337/364/1 410/365/1 409/363/1
f 336/366/1 410/365/1 337/364/1
f 336/366/1 411/367/1 410/365/1
f 336/366/1 412/368/1 411/367/1
f 335/369/1 412/368/1 336/366/1
f 335/369/1 413/370/1 412/368/1
f 334/371/1 413/370/1 335/369/1
f 334/371/1 414/372/1 413/370/1
f 333/373/1 414/372/1 334/371/1
f 333/373/1 415/374/1 414/372/1
f 332/375/1 415/374/1 333/373/1
f 332/375/1 416/376/1 415/374/1
f 331/377/1 416/376/1 332/375/1
f 331/377/1 417/378/1 416/376/1
f 331/377/1 418/379/1 417/378/1
f 330/380/1 418/379/1 331/377/1
f 330/380/1 419/381/1 418/379/1
f 329/382/1 419/381/1 330/380/1
f 329/382/1 420/383/1 419/381/1
f 328/384/1 420/383/1 329/382/1
f 328/384/1 421/385/1 420/383/1
f 327/386/1 421/385/1 328/384/1
f 327/386/1 422/387/1 421/385/1
f 327/386/1 423/388/1 422/387/1
f 326/389/1 423/388/1 327/386/1
f 325/390/1 423/388/1 326/389/1
f 324/391/1 423/388/1 325/390/1
f 324/391/1 424/392/1 423/388/1
f 324/391/1 425/393/1 424/392/1
f 324/391/1 426/394/1 425/393/1
f 323/395/1 426/394/1 324/391/1
f 323/395/1 427/396/1 426/394/1
f 445/397/1 301/4/1 446/2/1
f 444/398/1 301/4/1 445/397/1
f 323/395/1 428/399/1 427/396/1
f 322/400/1 428/399/1 323/395/1
f 443/401/1 301/4/1 444/398/1
f 322/400/1 429/402/1 428/399/1
f 442/403/1 301/4/1 443/401/1
f 322/400/1 430/404/1 429/402/1
f 441/405/1 301/4/1 442/403/1
f 440/406/1 301/4/1 441/405/1
f 322/400/1 431/407/1 430/404/1
f 439/408/1 301/4/1 440/406/1
f 321/409/1 431/407/1 322/400/1
f 321/409/1 432/410/1 431/407/1
f 438/411/1 301/4/1 439/408/1
f 437/412/1 301/4/1 438/411/1
f 321/409/1 433/413/1 432/410/1
f 436/414/1 301/4/1 437/412/1
f 435/415/1 301/4/1 436/414/1
f 321/409/1 434/416/1 433/413/1
f 434/416/1 301/4/1 435/415/1
f 321/409/1 301/4/1 434/416/1
f 320/417/1 301/4/1 321/409/1
f 319/418/1 301/4/1 320/417/1
f 319/418/1 302/419/1 301/4/1
f 318/420/1 302/419/1 319/418/1
f 318/420/1 303/421/1 302/419/1
f 317/422/1 303/421/1 318/420/1
f 317/422/1 304/423/1 303/421/1
f 317/422/1 305/424/1 304/423/1
f 316/425/1 305/424/1 317/422/1
f 316/425/1 306/426/1 305/424/1
f 316/425/1 307/427/1 306/426/1
f 315/428/1 307/427/1 316/425/1
f 315/428/1 308/429/1 307/427/1
f 315/428/1 309/430/1 308/429/1
f 314/431/1 309/430/1 315/428/1
f 314/431/1 310/432/1 309/430/1
f 314/431/1 311/433/1 310/432/1
f 313/434/1 311/433/1 314/431/1
f 313/434/1 312/435/1 311/433/1
f 452/1/2 453/3/2 454/2/2
f 452/1/2 454/2/2 447/4/2
f 451/5/1 452/1/1 447/4/1
f 450/6/2 451/5/2 448/7/2
f 448/7/1 451/5/1 447/4/1
f 450/6/2 448/7/2 449/8/2
f 456/9/2 457/10/2 458/2/2
f 456/9/2 458/2/2 455/4/2
f 506/11/2 507/13/2 508/12/2
f 505/14/2 506/11/2 508/12/2
f 504/15/2 505/14/2 508/12/2
f 503/16/2 504/15/2 508/12/2
f 502/17/2 503/16/2 508/12/2
f 502/17/2 508/12/2 509/18/2
f 501/19/2 502/17/2 509/18/2
f 500/20/2 501/19/2 509/18/2
f 499/21/2 500/20/2 509/18/2
f 498/22/2 499/21/2 509/18/2
f 498/22/2 509/18/2 510/23/2
f 497/24/2 498/22/2 510/23/2
f 496/25/2 497/24/2 510/23/2
f 495/26/2 496/25/2 510/23/2
f 494/27/2 495/26/2 568/28/2
f 568/28/2 495/26/2 510/23/2
f 568/28/2 510/23/2 511/29/2
f 568/28/2 511/29/2 512/30/2
f 568/28/2 512/30/2 513/31/2
f 568/28/2 513/31/2 567/32/2
f 567/32/2 513/31/2 566/33/2
f 566/33/2 513/31/2 565/34/2
f 565/34/2 513/31/2 564/35/2
f 564/35/2 513/31/2 563/36/2
f 563/36/2 513/31/2 562/37/2
f 562/37/2 513/31/2 561/38/2
f 561/38/2 513/31/2 560/39/2
f 560/39/2 513/31/2 559/40/2
f 559/40/2 513/31/2 558/41/2
f 558/41/2 513/31/2 514/42/2
f 558/41/2 514/42/2 557/43/2
f 557/43/2 514/42/2 556/44/2
f 556/44/2 514/42/2 555/45/2
f 555/45/2 514/42/2 554/46/2
f 554/46/2 514/42/2 515/47/2
f 553/48/2 554/46/2 515/47/2
f 494/27/2 568/28/2 569/49/2
f 552/50/2 553/48/2 515/47/2
f 551/51/2 552/50/2 515/47/2
f 550/52/2 551/51/2 515/47/2
f 549/53/2 550/52/2 515/47/2
f 549/53/2 515/47/2 516/54/2
f 548/55/2 549/53/2 516/54/2
f 547/56/2 548/55/2 516/54/2
f 546/57/2 547/56/2 516/54/2
f 545/58/2 546/57/2 516/54/2
f 545/58/2 516/54/2 517/59/2
f 544/60/2 545/58/2 517/59/2
f 543/61/2 544/60/2 517/59/2
f 542/62/2 543/61/2 517/59/2
f 541/63/2 542/62/2 517/59/2
f 541/63/2 517/59/2 518/64/2
f 540/65/2 541/63/2 518/64/2
f 539/66/2 540/65/2 518/64/2
f 538/67/2 539/66/2 518/64/2
f 537/68/2 538/67/2 518/64/2
f 537/68/2 518/64/2 519/69/2
f 536/70/2 537/68/2 519/69/2
f 535/71/2 536/70/2 519/69/2
f 534/72/2 535/71/2 519/69/2
f 533/73/2 534/72/2 519/69/2
f 532/74/2 533/73/2 519/69/2
f 531/75/2 532/74/2 519/69/2
f 531/75/2 519/69/2 459/4/2
f 530/76/2 531/75/2 459/4/2
f 529/77/2 530/76/2 459/4/2
f 529/77/2 459/4/2 460/78/2
f 528/79/2 529/77/2 460/78/2
f 527/80/2 528/79/2 460/78/2
f 527/80/2 460/78/2 461/81/2
f 526/82/2 527/80/2 461/81/2
f 525/83/2 526/82/2 461/81/2
f 525/83/2 461/81/2 462/84/2
f 524/85/2 525/83/2 462/84/2
f 523/86/2 524/85/2 462/84/2
f 523/86/2 462/84/2 463/87/2
f 522/88/2 523/86/2 463/87/2
f 521/89/2 522/88/2 463/87/2
f 520/90/2 521/89/2 463/87/2
f 520/90/2 463/87/2 464/91/2
f 605/2/2 520/90/2 464/91/2
f 604/92/2 605/2/2 464/91/2
f 603/93/2 604/92/2 464/91/2
f 603/93/2 464/91/2 465/94/2
f 602/95/2 603/93/2 465/94/2
f 601/96/2 602/95/2 465/94/2
f 600/97/2 601/96/2 465/94/2
f 599/98/2 600/97/2 465/94/2
f 599/98/2 465/94/2 466/99/2
f 598/100/2 599/98/2 466/99/2
f 597/101/2 598/100/2 466/99/2
f 596/102/2 597/101/2 466/99/2
f 596/102/2 466/99/2 467/103/2
f 595/104/2 596/102/2 467/103/2
f 594/105/2 595/104/2 467/103/2
f 593/106/2 594/105/2 467/103/2
f 593/106/2 467/103/2 468/107/2
f 592/108/2 593/106/2 468/107/2
f 592/108/2 468/107/2 469/109/2
f 592/108/2 469/109/2 470/110/2
f 592/108/2 470/110/2 471/111/2
f 591/112/2 592/108/2 471/111/2
f 590/113/2 591/112/2 471/111/2
f 589/114/2 590/113/2 471/111/2
f 589/114/2 471/111/2 472/115/2
f 588/116/2 589/114/2 472/115/2
f 587/117/2 588/116/2 472/115/2
f 586/118/2 587/117/2 472/115/2
f 586/118/2 472/115/2 473/119/2
f 585/120/2 586/118/2 473/119/2
f 584/121/2 585/120/2 473/119/2
f 583/122/2 584/121/2 473/119/2
f 494/27/2 569/49/2 570/123/2
f 494/27/2 570/123/2 571/124/2
f 494/27/2 571/124/2 572/125/2
f 494/27/2 572/125/2 573/126/2
f 582/127/2 583/122/2 473/119/2
f 494/27/2 573/126/2 574/128/2
f 494/27/2 574/128/2 575/129/2
f 494/27/2 575/129/2 576/130/2
f 494/27/2 576/130/2 577/131/2
f 581/132/2 582/127/2 473/119/2
f 494/27/2 577/131/2 578/133/2
f 494/27/2 578/133/2 579/134/2
f 494/27/2 579/134/2 580/135/2
f 494/27/2 580/135/2 581/132/2
f 494/27/2 581/132/2 473/119/2
f 494/27/2 473/119/2 474/136/2
f 494/27/2 474/136/2 475/137/2
f 494/27/2 475/137/2 476/138/2
f 494/27/2 476/138/2 477/139/2
f 494/27/2 477/139/2 478/140/2
f 494/27/2 478/140/2 479/141/2
f 493/142/2 494/27/2 479/141/2
f 492/143/2 493/142/2 479/141/2
f 491/144/2 492/143/2 479/141/2
f 491/144/2 479/141/2 480/145/2
f 490/146/2 491/144/2 480/145/2
f 489/147/2 490/146/2 480/145/2
f 488/148/2 489/147/2 480/145/2
f 488/148/2 480/145/2 481/149/2
f 487/150/2 488/148/2 481/149/2
f 486/151/2 487/150/2 481/149/2
f 485/152/2 486/151/2 481/149/2
f 485/152/2 481/149/2 482/153/2
f 484/154/2 485/152/2 482/153/2
f 483/155/2 484/154/2 482/153/2
f 613/156/2 614/157/2 617/2/2
f 617/2/2 614/157/2 615/158/2
f 617/2/2 615/158/2 616/159/2
f 613/156/2 617/2/2 606/4/2
f 613/156/2 606/4/2 609/160/2
f 609/160/2 606/4/2 607/161/2
f 609/160/2 607/161/2 608/162/2
f 613/156/2 609/160/2 610/163/2
f 613/156/2 610/163/2 611/164/2
f 613/156/2 611/164/2 612/165/2
f 645/166/2 646/168/2 732/167/2
f 732/167/2 646/168/2 647/169/2
f 732/167/2 647/169/2 648/170/2
f 732/167/2 648/170/2 649/171/2
f 732/167/2 649/171/2 650/172/2
f 732/167/2 650/172/2 651/173/2
f 732/167/2 651/173/2 652/174/2
f 732/167/2 652/174/2 653/175/2
f 732/167/2 653/175/2 654/176/2
f 732/167/2 654/176/2 655/177/2
f 732/167/2 655/177/2 656/178/2
f 732/167/2 656/178/2 657/179/2
f 732/167/2 657/179/2 658/180/2
f 732/167/2 658/180/2 659/181/2
f 732/167/2 659/181/2 660/182/2
f 732/167/2 660/182/2 661/183/2
f 732/167/2 661/183/2 662/184/2
f 732/167/2 662/184/2 663/185/2
f 732/167/2 663/185/2 664/186/2
f 732/167/2 664/186/2 665/187/2
f 732/167/2 665/187/2 666/188/2
f 732/167/2 666/188/2 731/189/2
f 731/189/2 666/188/2 667/190/2
f 645/166/2 732/167/2 733/191/2
f 730/192/2 731/189/2 667/190/2
f 729/193/2 730/192/2 667/190/2
f 729/193/2 667/190/2 728/194/2
f 728/194/2 667/190/2 727/195/2
f 727/195/2 667/190/2 668/196/2
f 726/197/2 727/195/2 668/196/2
f 725/198/2 726/197/2 668/196/2
f 724/199/2 725/198/2 668/196/2
f 723/200/2 724/199/2 668/196/2
f 723/200/2 668/196/2 669/201/2
f 722/202/2 723/200/2 669/201/2
f 721/203/2 722/202/2 669/201/2
f 721/203/2 669/201/2 670/204/2
f 720/205/2 721/203/2 670/204/2
f 720/205/2 670/204/2 671/206/2
f 719/207/2 720/205/2 671/206/2
f 718/208/2 719/207/2 671/206/2
f 718/208/2 671/206/2 672/209/2
f 717/210/2 718/208/2 672/209/2
f 716/211/2 717/210/2 672/209/2
f 716/211/2 672/209/2 673/212/2
f 715/213/2 716/211/2 673/212/2
f 714/214/2 715/213/2 673/212/2
f 713/215/2 714/214/2 673/212/2
f 713/215/2 673/212/2 674/216/2
f 712/217/2 713/215/2 674/216/2
f 711/218/2 712/217/2 674/216/2
f 710/219/2 711/218/2 674/216/2
f 709/220/2 710/219/2 674/216/2
f 709/220/2 674/216/2 675/221/2
f 708/222/2 709/220/2 675/221/2
f 746/2/2 708/222/2 675/221/2
f 745/223/2 746/2/2 675/221/2
f 744/224/2 745/223/2 675/221/2
f 743/225/2 744/224/2 675/221/2
f 742/226/2 743/225/2 675/221/2
f 741/227/2 742/226/2 675/221/2
f 741/227/2 675/221/2 676/228/2
f 740/229/2 741/227/2 676/228/2
f 739/230/2 740/229/2 676/228/2
f 738/231/2 739/230/2 676/228/2
f 737/232/2 738/231/2 676/228/2
f 736/233/2 737/232/2 676/228/2
f 735/234/2 736/233/2 676/228/2
f 734/235/2 735/234/2 676/228/2
f 645/166/2 733/191/2 643/236/2
f 643/236/2 733/191/2 734/235/2
f 643/236/2 734/235/2 676/228/2
f 643/236/2 676/228/2 677/237/2
f 643/236/2 677/237/2 678/238/2
f 643/236/2 678/238/2 679/239/2
f 643/236/2 679/239/2 680/240/2
f 643/236/2 680/240/2 681/241/2
f 643/236/2 681/241/2 682/74/2
f 643/236/2 682/74/2 683/242/2
f 643/236/2 683/242/2 684/243/2
f 643/236/2 684/243/2 685/244/2
f 643/236/2 685/244/2 686/245/2
f 643/236/2 686/245/2 687/246/2
f 643/236/2 687/246/2 688/247/2
f 643/236/2 688/247/2 689/248/2
f 643/236/2 689/248/2 630/249/2
f 630/249/2 689/248/2 690/250/2
f 643/236/2 630/249/2 631/251/2
f 629/252/2 630/249/2 690/250/2
f 643/236/2 631/251/2 632/253/2
f 643/236/2 632/253/2 633/254/2
f 643/236/2 633/254/2 634/255/2
f 643/236/2 634/255/2 635/256/2
f 643/236/2 635/256/2 636/257/2
f 643/236/2 636/257/2 637/258/2
f 643/236/2 637/258/2 638/259/2
f 643/236/2 638/259/2 639/260/2
f 643/236/2 639/260/2 640/261/2
f 643/236/2 640/261/2 641/262/2
f 643/236/2 641/262/2 642/263/2
f 645/166/2 643/236/2 644/264/2
f 629/252/2 690/250/2 691/265/2
f 629/252/2 691/265/2 692/266/2
f 629/252/2 692/266/2 693/267/2
f 629/252/2 693/267/2 694/268/2
f 629/252/2 694/268/2 695/269/2
f 629/252/2 695/269/2 696/270/2
f 628/271/2 629/252/2 696/270/2
f 628/271/2 696/270/2 697/272/2
f 627/273/2 628/271/2 697/272/2
f 627/273/2 697/272/2 698/274/2
f 626/275/2 627/273/2 698/274/2
f 626/275/2 698/274/2 699/276/2
f 625/277/2 626/275/2 699/276/2
f 625/277/2 699/276/2 700/278/2
f 624/279/2 625/277/2 700/278/2
f 624/279/2 700/278/2 701/280/2
f 623/281/2 624/279/2 701/280/2
f 623/281/2 701/280/2 702/282/2
f 622/283/2 623/281/2 702/282/2
f 622/283/2 702/282/2 703/284/2
f 621/285/2 622/283/2 703/284/2
f 621/285/2 703/284/2 704/286/2
f 620/287/2 621/285/2 704/286/2
f 620/287/2 704/286/2 705/288/2
f 619/289/2 620/287/2 705/288/2
f 619/289/2 705/288/2 706/290/2
f 619/289/2 706/290/2 707/291/2
f 618/4/2 619/289/2 707/291/2
f 806/292/2 807/294/2 808/293/2
f 806/292/2 808/293/2 809/295/2
f 806/292/2 809/295/2 810/296/2
f 805/297/2 806/292/2 810/296/2
f 805/297/2 810/296/2 811/298/2
f 805/297/2 811/298/2 812/299/2
f 804/300/2 805/297/2 812/299/2
f 804/300/2 812/299/2 813/301/2
f 804/300/2 813/301/2 814/302/2
f 803/303/2 804/300/2 814/302/2
f 803/303/2 814/302/2 815/304/2
f 803/303/2 815/304/2 816/305/2
f 802/306/2 803/303/2 816/305/2
f 802/306/2 816/305/2 817/307/2
f 801/308/2 802/306/2 817/307/2
f 801/308/2 817/307/2 818/309/2
f 801/308/2 818/309/2 819/310/2
f 800/311/2 801/308/2 819/310/2
f 800/311/2 819/310/2 828/312/2
f 828/312/2 819/310/2 827/313/2
f 827/313/2 819/310/2 826/314/2
f 826/314/2 819/310/2 825/315/2
f 825/315/2 819/310/2 824/316/2
f 824/316/2 819/310/2 823/317/2
f 823/317/2 819/310/2 822/318/2
f 822/318/2 819/310/2 821/319/2
f 821/319/2 819/310/2 820/320/2
f 799/321/2 800/311/2 831/322/2
f 831/322/2 800/311/2 830/323/2
f 830/323/2 800/311/2 829/324/2
f 829/324/3 800/311/3 828/312/3
f 798/325/2 799/321/2 832/326/2
f 832/326/2 799/321/2 831/322/2
f 798/325/2 832/326/2 833/327/2
f 798/325/2 833/327/2 834/328/2
f 798/325/2 834/328/2 835/329/2
f 798/325/2 835/329/2 836/330/2
f 797/331/2 798/325/2 836/330/2
f 797/331/2 836/330/2 837/332/2
f 797/331/2 837/332/2 838/333/2
f 797/331/2 838/333/2 839/334/2
f 796/335/2 797/331/2 839/334/2
f 796/335/2 839/334/2 840/336/2
f 796/335/2 840/336/2 841/337/2
f 795/338/2 796/335/2 841/337/2
f 795/338/2 841/337/2 842/339/2
f 795/338/2 842/339/2 843/340/2
f 794/341/2 795/338/2 843/340/2
f 794/341/2 843/340/2 844/342/2
f 793/343/2 794/341/2 844/342/2
f 793/343/2 844/342/2 845/344/2
f 792/345/2 793/343/2 845/344/2
f 792/345/2 845/344/2 846/346/2
f 791/347/2 792/345/2 846/346/2
f 791/347/2 846/346/2 847/348/2
f 790/349/2 791/347/2 847/348/2
f 790/349/2 847/348/2 848/350/2
f 790/349/2 848/350/2 849/351/2
f 789/352/2 790/349/2 849/351/2
f 789/352/2 849/351/2 850/353/2
f 788/354/2 789/352/2 850/353/2
f 788/354/2 850/353/2 851/355/2
f 787/356/2 788/354/2 851/355/2
f 787/356/2 851/355/2 852/357/2
f 786/358/2 787/356/2 852/357/2
f 786/358/2 852/357/2 853/359/2
f 785/360/2 786/358/2 853/359/2
f 785/360/2 853/359/2 854/361/2
f 784/362/2 785/360/2 854/361/2
f 784/362/2 854/361/2 855/363/2
f 783/364/2 784/362/2 855/363/2
f 783/364/2 855/363/2 856/365/2
f 782/366/2 783/364/2 856/365/2
f 782/366/2 856/365/2 857/367/2
f 782/366/2 857/367/2 858/368/2
f 781/369/2 782/366/2 858/368/2
f 781/369/2 858/368/2 859/370/2
f 780/371/2 781/369/2 859/370/2
f 780/371/2 859/370/2 860/372/2
f 779/373/2 780/371/2 860/372/2
f 779/373/2 860/372/2 861/374/2
f 778/375/2 779/373/2 861/374/2
f 778/375/2 861/374/2 862/376/2
f 777/377/2 778/375/2 862/376/2
f 777/377/2 862/376/2 863/378/2
f 777/377/2 863/378/2 864/379/2
f 776/380/2 777/377/2 864/379/2
f 776/380/2 864/379/2 865/381/2
f 775/382/2 776/380/2 865/381/2
f 775/382/2 865/381/2 866/383/2
f 774/384/2 775/382/2 866/383/2
f 774/384/2 866/383/2 867/385/2
f 773/386/2 774/384/2 867/385/2
f 773/386/2 867/385/2 868/387/2
f 773/386/2 868/387/2 869/388/2
f 772/389/2 773/386/2 869/388/2
f 771/390/2 772/389/2 869/388/2
f 770/391/2 771/390/2 869/388/2
f 770/391/2 869/388/2 870/392/2
f 770/391/2 870/392/2 871/393/2
f 770/391/2 871/393/2 872/394/2
f 769/395/2 770/391/2 872/394/2
f 769/395/2 872/394/2 873/396/2
f 891/397/2 892/2/2 747/4/2
f 890/398/2 891/397/2 747/4/2
f 769/395/2 873/396/2 874/399/2
f 768/400/2 769/395/2 874/399/2
f 889/401/2 890/398/2 747/4/2
f 768/400/2 874/399/2 875/402/2
f 888/403/2 889/401/2 747/4/2
f 768/400/2 875/402/2 876/404/2
f 887/405/2 888/403/2 747/4/2
f 886/406/2 887/405/2 747/4/2
f 768/400/2 876/404/2 877/407/2
f 885/408/2 886/406/2 747/4/2
f 767/409/2 768/400/2 877/407/2
f 767/409/2 877/407/2 878/410/2
f 884/411/2 885/408/2 747/4/2
f 883/412/2 884/411/2 747/4/2
f 767/409/2 878/410/2 879/413/2
f 882/414/2 883/412/2 747/4/2
f 881/415/2 882/414/2 747/4/2
f 767/409/2 879/413/2 880/416/2
f 880/416/2 881/415/2 747/4/2
f 767/409/2 880/416/2 747/4/2
f 766/417/2 767/409/2 747/4/2
f 765/418/2 766/417/2 747/4/2
f 765/418/2 747/4/2 748/419/2
f 764/420/2 765/418/2 748/419/2
f 764/420/2 748/419/2 749/421/2
f 763/422/2 764/420/2 749/421/2
f 763/422/2 749/421/2 750/423/2
f 763/422/2 750/423/2 751/424/2
f 762/425/2 763/422/2 751/424/2
f 762/425/2 751/424/2 752/426/2
f 762/425/2 752/426/2 753/427/2
f 761/428/2 762/425/2 753/427/2
f 761/428/2 753/427/2 754/429/2
f 761/428/2 754/429/2 755/430/2
f 760/431/2 761/428/2 755/430/2
f 760/431/2 755/430/2 756/432/2
f 760/431/2 756/432/2 757/433/2
f 759/434/2 760/431/2 757/433/2
f 759/434/2 757/433/2 758/435/2
s 1
f 894/436/4 896/437/5 895/78/5 893/4/4
f 896/437/5 898/438/6 897/81/6 895/78/5
f 898/438/6 900/439/7 899/84/7 897/81/6
f 900/439/7 902/440/8 901/87/8 899/84/7
f 902/440/8 904/441/9 903/91/9 901/87/8
f 904/441/9 906/442/10 905/94/10 903/91/9
f 906/442/10 908/443/11 907/99/11 905/94/10
f 908/443/11 910/444/12 909/103/12 907/99/11
f 910/444/12 912/445/13 911/107/13 909/103/12
f 912/445/13 914/446/14 913/109/14 911/107/13
f 914/446/14 916/447/15 915/110/15 913/109/14
f 916/447/15 918/448/16 917/111/16 915/110/15
f 918/448/16 920/449/17 919/115/17 917/111/16
f 920/449/17 922/450/18 921/119/18 919/115/17
f 922/450/18 924/451/19 923/136/19 921/119/18
f 924/451/19 926/452/20 925/137/20 923/136/19
f 926/452/20 928/453/21 927/138/21 925/137/20
f 928/453/21 930/454/22 929/139/22 927/138/21
f 930/454/22 932/455/23 931/140/23 929/139/22
f 932/455/23 934/456/24 933/141/24 931/140/23
f 934/456/24 936/457/25 935/145/25 933/141/24
f 936/457/25 938/458/26 937/149/26 935/145/25
f 938/458/26 940/459/27 939/153/27 937/149/26
f 940/459/27 942/460/28 941/155/28 939/153/27
f 942/460/28 944/461/29 943/154/29 941/155/28
f 944/461/29 946/462/30 945/152/30 943/154/29
f 946/462/30 948/463/31 947/151/31 945/152/30
f 948/463/31 950/464/32 949/150/32 947/151/31
f 950/464/32 952/465/33 951/148/33 949/150/32
f 952/465/33 954/466/34 953/147/34 951/148/33
f 954/466/34 956/467/35 955/146/35 953/147/34
f 956/467/35 958/468/36 957/144/36 955/146/35
f 958/468/36 960/469/37 959/143/37 957/144/36
f 960/469/37 962/470/38 961/142/38 959/143/37
f 962/470/38 964/471/39 963/27/39 961/142/38
f 964/471/39 966/472/40 965/26/40 963/27/39
f 966/472/40 968/473/41 967/25/41 965/26/40
f 968/473/41 970/474/42 969/24/42 967/25/41
f 970/474/42 972/475/43 971/22/43 969/24/42
f 972/475/43 974/476/44 973/21/44 971/22/43
f 974/476/44 976/477/45 975/20/45 973/21/44
f 976/477/45 978/478/46 977/19/46 975/20/45
f 978/478/46 980/479/47 979/17/47 977/19/46
f 980/479/47 982/480/48 981/16/48 979/17/47
f 982/480/48 984/481/49 983/15/49 981/16/48
f 984/481/49 986/482/50 985/14/50 983/15/49
f 986/482/50 988/483/51 987/11/51 985/14/50
f 988/483/51 990/484/52 989/13/52 987/11/51
f 990/484/52 992/485/53 991/12/53 989/13/52
f 992/485/53 994/486/54 993/18/54 991/12/53
f 994/486/54 996/487/55 995/23/55 993/18/54
f 996/487/55 998/488/56 997/29/56 995/23/55
f 998/488/56 1000/489/57 999/30/57 997/29/56
f 1000/489/57 1002/490/58 1001/31/58 999/30/57
f 1002/490/58 1004/491/59 1003/42/59 1001/31/58
f 1004/491/59 1006/492/60 1005/47/60 1003/42/59
f 1006/492/60 1008/493/61 1007/54/61 1005/47/60
f 1008/493/61 1010/494/62 1009/59/62 1007/54/61
f 1010/494/62 1012/495/63 1011/64/63 1009/59/62
f 1012/495/63 1014/496/64 1013/69/64 1011/64/63
f 1014/496/64 1016/497/65 1015/90/65 1013/69/64
f 1016/497/65 1018/498/66 1017/89/66 1015/90/65
f 1018/498/66 1020/499/67 1019/88/67 1017/89/66
f 1020/499/67 1022/500/68 1021/86/68 1019/88/67
f 1022/500/68 1024/501/69 1023/85/69 1021/86/68
f 1024/501/69 1026/502/70 1025/83/70 1023/85/69
f 1026/502/70 1028/503/71 1027/82/71 1025/83/70
f 1028/503/71 1030/504/72 1029/80/72 1027/82/71
f 1030/504/72 1032/505/73 1031/79/73 1029/80/72
f 1032/505/73 1034/506/74 1033/77/74 1031/79/73
f 1034/506/74 1036/507/75 1035/76/75 1033/77/74
f 1036/507/75 1038/508/76 1037/75/76 1035/76/75
f 1038/508/76 1040/509/77 1039/74/77 1037/75/76
f 1040/509/77 1042/510/78 1041/73/78 1039/74/77
f 1042/510/78 1044/511/79 1043/72/79 1041/73/78
f 1044/511/79 1046/512/80 1045/71/80 1043/72/79
f 1046/512/80 1048/513/81 1047/70/81 1045/71/80
f 1048/513/81 1050/514/82 1049/68/82 1047/70/81
f 1050/514/82 1052/515/83 1051/67/83 1049/68/82
f 1052/515/83 1054/516/84 1053/66/84 1051/67/83
f 1054/516/84 1056/517/85 1055/65/85 1053/66/84
f 1056/517/85 1058/518/86 1057/63/86 1055/65/85
f 1058/518/86 1060/519/87 1059/62/87 1057/63/86
f 1060/519/87 1062/520/88 1061/61/88 1059/62/87
f 1062/520/88 1064/521/89 1063/60/89 1061/61/88
f 1064/521/89 1066/522/90 1065/58/90 1063/60/89
f 1066/522/90 1068/523/91 1067/57/91 1065/58/90
f 1068/523/91 1070/524/92 1069/56/92 1067/57/91
f 1070/524/92 1072/525/93 1071/55/93 1069/56/92
f 1072/525/93 1074/526/94 1073/53/94 1071/55/93
f 1074/526/94 1076/527/95 1075/52/95 1073/53/94
f 1076/527/95 1078/528/96 1077/51/96 1075/52/95
f 1078/528/96 1080/529/97 1079/50/97 1077/51/96
f 1080/529/97 1082/530/98 1081/48/98 1079/50/97
f 1082/530/98 1084/531/99 1083/46/99 1081/48/98
f 1084/531/99 1086/532/100 1085/45/100 1083/46/99
f 1086/532/100 1088/533/101 1087/44/101 1085/45/100
f 1088/533/101 1090/534/102 1089/43/102 1087/44/101
f 1090/534/102 1092/535/103 1091/41/103 1089/43/102
f 1092/535/103 1094/536/104 1093/40/104 1091/41/103
f 1094/536/104 1096/537/105 1095/39/105 1093/40/104
f 1096/537/105 1098/538/106 1097/38/106 1095/39/105
f 1098/538/106 1100/539/107 1099/37/107 1097/38/106
f 1100/539/107 1102/540/108 1101/36/108 1099/37/107
f 1102/540/108 1104/541/109 1103/35/109 1101/36/108
f 1104/541/109 1106/542/110 1105/34/110 1103/35/109
f 1106/542/110 1108/543/111 1107/33/111 1105/34/110
f 1108/543/111 1110/544/112 1109/32/112 1107/33/111
f 1110/544/112 1112/545/113 1111/28/113 1109/32/112
f 1112/545/113 1114/546/114 1113/49/114 1111/28/113
f 1114/546/114 1116/547/115 1115/123/115 1113/49/114
f 1116/547/115 1118/548/116 1117/124/116 1115/123/115
f 1118/548/116 1120/549/117 1119/125/117 1117/124/116
f 1120/549/117 1122/550/118 1121/126/118 1119/125/117
f 1122/550/118 1124/551/119 1123/128/119 1121/126/118
f 1124/551/119 1126/552/120 1125/129/120 1123/128/119
f 1126/552/120 1128/553/121 1127/130/121 1125/129/120
f 1128/553/121 1130/554/122 1129/131/122 1127/130/121
f 1130/554/122 1132/555/123 1131/133/123 1129/131/122
f 1132/555/123 1134/556/124 1133/134/124 1131/133/123
f 1134/556/124 1136/557/125 1135/135/125 1133/134/124
f 1136/557/125 1138/558/126 1137/132/126 1135/135/125
f 1138/558/126 1140/559/127 1139/127/127 1137/132/126
f 1140/559/127 1142/560/128 1141/122/128 1139/127/127
f 1142/560/128 1144/561/129 1143/121/129 1141/122/128
f 1144/561/129 1146/562/130 1145/120/130 1143/121/129
f 1146/562/130 1148/563/131 1147/118/131 1145/120/130
f 1148/563/131 1150/564/132 1149/117/132 1147/118/131
f 1150/564/132 1152/565/133 1151/116/133 1149/117/132
f 1152/565/133 1154/566/134 1153/114/134 1151/116/133
f 1154/566/134 1156/567/135 1155/113/135 1153/114/134
f 1156/567/135 1158/568/136 1157/112/136 1155/113/135
f 1158/568/136 1160/569/137 1159/108/137 1157/112/136
f 1160/569/137 1162/570/138 1161/106/138 1159/108/137
f 1162/570/138 1164/571/139 1163/105/139 1161/106/138
f 1164/571/139 1166/572/140 1165/104/140 1163/105/139
f 1166/572/140 1168/573/141 1167/102/141 1165/104/140
f 1168/573/141 1170/574/142 1169/101/142 1167/102/141
f 1170/574/142 1172/575/143 1171/100/143 1169/101/142
f 1172/575/143 1174/576/144 1173/98/144 1171/100/143
f 1174/576/144 1176/577/145 1175/97/145 1173/98/144
f 1176/577/145 1178/578/146 1177/96/146 1175/97/145
f 1178/578/146 1180/579/147 1179/95/147 1177/96/146
f 1180/579/147 1182/580/148 1181/93/148 1179/95/147
f 1182/580/148 1184/581/149 1183/92/149 1181/93/148
f 1184/581/149 894/582/4 893/2/4 1183/92/149
f 1186/436/150 1188/583/151 1187/584/151 1185/4/150
f 1188/583/151 1190/585/152 1189/586/152 1187/584/151
f 1190/585/152 1192/587/153 1191/588/153 1189/586/152
f 1192/587/153 1194/589/154 1193/590/154 1191/588/153
f 1194/589/154 1196/591/155 1195/592/155 1193/590/154
f 1196/591/155 1198/593/156 1197/594/156 1195/592/155
f 1198/593/156 1200/595/157 1199/596/157 1197/594/156
f 1200/595/157 1202/597/158 1201/598/158 1199/596/157
f 1202/597/158 1204/599/159 1203/600/159 1201/598/158
f 1204/599/159 1206/601/160 1205/602/160 1203/600/159
f 1206/601/160 1208/603/161 1207/604/161 1205/602/160
f 1208/603/161 1210/605/162 1209/606/162 1207/604/161
f 1210/605/162 1212/607/163 1211/608/163 1209/606/162
f 1212/607/163 1214/609/164 1213/610/164 1211/608/163
f 1214/609/164 1216/611/165 1215/612/165 1213/610/164
f 1216/611/165 1218/613/166 1217/614/166 1215/612/165
f 1218/613/166 1220/615/167 1219/616/167 1217/614/166
f 1220/615/167 1222/617/168 1221/380/168 1219/616/167
f 1222/617/168 1224/618/169 1223/619/169 1221/380/168
f 1224/618/169 1226/620/170 1225/621/170 1223/619/169
f 1226/620/170 1228/622/171 1227/623/171 1225/621/170
f 1228/622/171 1230/624/172 1229/625/172 1227/623/171
f 1230/624/172 1232/626/173 1231/627/173 1229/625/172
f 1232/626/173 1234/628/174 1233/629/174 1231/627/173
f 1234/628/174 1236/630/175 1235/631/175 1233/629/174
f 1236/630/175 1238/632/175 1237/633/175 1235/631/175
f 1238/632/175 1240/634/176 1239/635/176 1237/633/175
f 1240/634/176 1242/636/177 1241/637/177 1239/635/176
f 1242/636/177 1244/638/178 1243/639/178 1241/637/177
f 1244/638/178 1246/640/179 1245/9/179 1243/639/178
f 1246/640/179 1248/641/180 1247/642/180 1245/9/179
f 1248/641/180 1250/643/181 1249/644/181 1247/642/180
f 1250/643/181 1252/645/182 1251/646/182 1249/644/181
f 1252/645/182 1254/647/183 1253/648/183 1251/646/182
f 1254/647/183 1256/649/184 1255/650/184 1253/648/183
f 1256/649/184 1258/651/185 1257/297/185 1255/650/184
f 1258/651/185 1260/652/186 1259/653/186 1257/297/185
f 1260/652/186 1262/654/187 1261/655/187 1259/653/186
f 1262/654/187 1264/656/188 1263/657/188 1261/655/187
f 1264/656/188 1266/658/189 1265/659/189 1263/657/188
f 1266/658/189 1268/660/190 1267/661/190 1265/659/189
f 1268/660/190 1270/662/191 1269/663/191 1267/661/190
f 1270/662/191 1272/664/192 1271/665/192 1269/663/191
f 1272/664/192 1274/666/193 1273/667/193 1271/665/192
f 1274/666/193 1276/509/194 1275/74/194 1273/667/193
f 1276/509/194 1278/668/195 1277/669/195 1275/74/194
f 1278/668/195 1280/670/196 1279/671/196 1277/669/195
f 1280/670/196 1282/672/197 1281/673/197 1279/671/196
f 1282/672/197 1284/674/198 1283/675/198 1281/673/197
f 1284/674/198 1286/676/199 1285/677/199 1283/675/198
f 1286/676/199 1288/678/200 1287/679/200 1285/677/199
f 1288/678/200 1290/680/201 1289/681/201 1287/679/200
f 1290/680/201 1292/682/202 1291/683/202 1289/681/201
f 1292/682/202 1294/684/203 1293/328/203 1291/683/202
f 1294/684/203 1296/685/204 1295/686/204 1293/328/203
f 1296/685/204 1298/687/205 1297/688/205 1295/686/204
f 1298/687/205 1300/689/206 1299/690/206 1297/688/205
f 1300/689/206 1302/691/207 1301/692/207 1299/690/206
f 1302/691/207 1304/693/208 1303/694/208 1301/692/207
f 1304/693/208 1306/695/209 1305/10/209 1303/694/208
f 1306/695/209 1308/696/210 1307/697/210 1305/10/209
f 1308/696/210 1310/698/211 1309/699/211 1307/697/210
f 1310/698/211 1312/700/212 1311/701/212 1309/699/211
f 1312/700/212 1314/702/213 1313/703/213 1311/701/212
f 1314/702/213 1316/704/214 1315/705/214 1313/703/213
f 1316/704/214 1318/706/215 1317/707/215 1315/705/214
f 1318/706/215 1320/708/216 1319/709/216 1317/707/215
f 1320/708/216 1322/710/217 1321/711/217 1319/709/216
f 1322/710/217 1324/712/218 1323/713/218 1321/711/217
f 1324/712/218 1326/714/219 1325/715/219 1323/713/218
f 1326/714/219 1328/716/220 1327/717/220 1325/715/219
f 1328/716/220 1330/718/221 1329/378/221 1327/717/220
f 1330/718/221 1332/719/222 1331/720/222 1329/378/221
f 1332/719/222 1334/721/223 1333/722/223 1331/720/222
f 1334/721/223 1336/723/224 1335/724/224 1333/722/223
f 1336/723/224 1338/725/225 1337/726/225 1335/724/224
f 1338/725/225 1340/727/226 1339/728/226 1337/726/225
f 1340/727/226 1342/729/227 1341/730/227 1339/728/226
f 1342/729/227 1344/731/228 1343/732/228 1341/730/227
f 1344/731/228 1346/733/229 1345/734/229 1343/732/228
f 1346/733/229 1348/735/230 1347/736/230 1345/734/229
f 1348/735/230 1350/737/231 1349/738/231 1347/736/230
f 1350/737/231 1352/739/232 1351/740/232 1349/738/231
f 1352/739/232 1354/741/233 1353/742/233 1351/740/232
f 1354/741/233 1356/743/234 1355/744/234 1353/742/233
f 1356/743/234 1358/745/235 1357/746/235 1355/744/234
f 1358/745/235 1360/747/236 1359/748/236 1357/746/235
f 1360/747/236 1362/749/237 1361/750/237 1359/748/236
f 1362/749/237 1364/751/238 1363/752/238 1361/750/237
f 1364/751/238 1186/582/150 1185/2/150 1363/752/238
f 1366/436/239 1368/753/240 1367/754/240 1365/4/239
f 1368/753/240 1370/755/241 1369/756/241 1367/754/240
f 1370/755/241 1372/757/242 1371/758/242 1369/756/241
f 1372/757/242 1374/759/243 1373/760/243 1371/758/242
f 1374/759/243 1376/761/244 1375/762/244 1373/760/243
f 1376/761/244 1378/763/245 1377/764/245 1375/762/244
f 1378/763/245 1380/765/246 1379/766/246 1377/764/245
f 1380/765/246 1382/767/247 1381/768/247 1379/766/246
f 1382/767/247 1384/769/248 1383/770/248 1381/768/247
f 1384/769/248 1386/771/249 1385/772/249 1383/770/248
f 1386/771/249 1388/773/250 1387/774/250 1385/772/249
f 1388/773/250 1390/775/251 1389/776/251 1387/774/250
f 1390/775/251 1392/640/252 1391/9/252 1389/776/251
f 1392/640/252 1394/777/253 1393/778/253 1391/9/252
f 1394/777/253 1396/779/254 1395/780/254 1393/778/253
f 1396/779/254 1398/781/255 1397/782/255 1395/780/254
f 1398/781/255 1400/783/256 1399/784/256 1397/782/255
f 1400/783/256 1402/785/257 1401/786/257 1399/784/256
f 1402/785/257 1404/787/258 1403/788/258 1401/786/257
f 1404/787/258 1406/789/259 1405/790/259 1403/788/258
f 1406/789/259 1408/791/260 1407/792/260 1405/790/259
f 1408/791/260 1410/793/261 1409/794/261 1407/792/260
f 1410/793/261 1412/795/262 1411/796/262 1409/794/261
f 1412/795/262 1414/797/175 1413/798/175 1411/796/262
f 1414/797/175 1416/799/263 1415/800/263 1413/798/175
f 1416/799/263 1418/695/264 1417/10/264 1415/800/263
f 1418/695/264 1420/801/265 1419/802/265 1417/10/264
f 1420/801/265 1422/803/266 1421/804/266 1419/802/265
f 1422/803/266 1424/805/267 1423/806/267 1421/804/266
f 1424/805/267 1426/807/268 1425/808/268 1423/806/267
f 1426/807/268 1428/809/269 1427/810/269 1425/808/268
f 1428/809/269 1430/811/270 1429/812/270 1427/810/269
f 1430/811/270 1432/813/271 1431/814/271 1429/812/270
f 1432/813/271 1434/815/272 1433/816/272 1431/814/271
f 1434/815/272 1436/817/273 1435/818/273 1433/816/272
f 1436/817/273 1438/819/274 1437/820/274 1435/818/273
f 1438/819/274 1440/821/275 1439/822/275 1437/820/274
f 1440/821/275 1442/823/276 1441/824/276 1439/822/275
f 1442/823/276 1366/582/239 1365/2/239 1441/824/276
f 1444/436/263 1446/825/263 1445/826/263 1443/4/263
f 1446/825/263 1448/611/175 1447/612/175 1445/826/263
f 1448/611/175 1450/827/175 1449/172/175 1447/612/175
f 1450/827/175 1452/640/263 1451/9/263 1449/172/175
f 1452/640/263 1454/828/263 1453/829/263 1451/9/263
f 1454/828/263 1456/509/175 1455/74/175 1453/829/263
f 1456/509/175 1458/830/176 1457/831/176 1455/74/175
f 1458/830/176 1460/695/177 1459/10/177 1457/831/176
f 1460/695/177 1462/832/263 1461/214/263 1459/10/177
f 1462/832/263 1464/723/175 1463/724/175 1461/214/263
f 1464/723/175 1466/833/175 1465/834/175 1463/724/175
f 1466/833/175 1444/582/263 1443/2/263 1465/834/175
f 1468/436/277 1470/835/278 1469/836/278 1467/4/277
f 1470/835/278 1472/837/279 1471/838/279 1469/836/278
f 1472/837/279 1474/839/280 1473/840/280 1471/838/279
f 1474/839/280 1476/841/281 1475/842/281 1473/840/280
f 1476/841/281 1478/843/282 1477/844/282 1475/842/281
f 1478/843/282 1480/845/283 1479/846/283 1477/844/282
f 1480/845/283 1482/847/284 1481/848/284 1479/846/283
f 1482/847/284 1484/849/285 1483/850/285 1481/848/284
f 1484/849/285 1486/851/286 1485/852/286 1483/850/285
f 1486/851/286 1488/853/287 1487/854/287 1485/852/286
f 1488/853/287 1490/855/288 1489/856/288 1487/854/287
f 1490/855/288 1492/857/289 1491/858/289 1489/856/288
f 1492/857/289 1494/859/290 1493/860/290 1491/858/289
f 1494/859/290 1496/861/291 1495/862/291 1493/860/290
f 1496/861/291 1498/863/292 1497/864/292 1495/862/291
f 1498/863/292 1500/865/293 1499/866/293 1497/864/292
f 1500/865/293 1502/867/294 1501/868/294 1499/866/293
f 1502/867/294 1504/869/295 1503/870/295 1501/868/294
f 1504/869/295 1506/871/296 1505/872/296 1503/870/295
f 1506/871/296 1508/873/297 1507/874/297 1505/872/296
f 1508/873/297 1510/875/298 1509/876/298 1507/874/297
f 1510/875/298 1512/877/299 1511/878/299 1509/876/298
f 1512/877/299 1514/879/300 1513/880/300 1511/878/299
f 1514/879/300 1516/881/301 1515/882/301 1513/880/300
f 1516/881/301 1518/883/302 1517/884/302 1515/882/301
f 1518/883/302 1520/885/303 1519/886/303 1517/884/302
f 1520/885/303 1522/887/304 1521/888/304 1519/886/303
f 1522/887/304 1524/889/305 1523/890/305 1521/888/304
f 1524/889/305 1526/891/306 1525/892/306 1523/890/305
f 1526/891/306 1528/893/307 1527/894/307 1525/892/306
f 1528/893/307 1530/895/308 1529/896/308 1527/894/307
f 1530/895/308 1532/897/309 1531/898/309 1529/896/308
f 1532/897/309 1534/899/310 1533/900/310 1531/898/309
f 1534/899/310 1536/901/311 1535/902/311 1533/900/310
f 1536/901/311 1538/903/312 1537/904/312 1535/902/311
f 1538/903/312 1540/905/313 1539/906/313 1537/904/312
f 1540/905/313 1542/907/314 1541/908/314 1539/906/313
f 1542/907/314 1544/909/315 1543/910/315 1541/908/314
f 1544/909/315 1546/911/316 1545/912/316 1543/910/315
f 1546/911/316 1548/913/317 1547/914/317 1545/912/316
f 1548/913/317 1550/915/318 1549/916/318 1547/914/317
f 1550/915/318 1552/917/319 1551/918/319 1549/916/318
f 1552/917/319 1554/919/320 1553/920/320 1551/918/319
f 1554/919/320 1556/921/321 1555/922/321 1553/920/320
f 1556/921/321 1558/923/322 1557/924/322 1555/922/321
f 1558/923/322 1560/925/323 1559/926/323 1557/924/322
f 1560/925/323 1562/927/324 1561/928/324 1559/926/323
f 1562/927/324 1564/929/325 1563/930/325 1561/928/324
f 1564/929/325 1566/931/326 1565/932/326 1563/930/325
f 1566/931/326 1568/933/327 1567/934/327 1565/932/326
f 1568/933/327 1570/935/328 1569/936/328 1567/934/327
f 1570/935/328 1572/937/329 1571/938/329 1569/936/328
f 1572/937/329 1574/939/330 1573/940/330 1571/938/329
f 1574/939/330 1576/941/331 1575/942/331 1573/940/330
f 1576/941/331 1578/943/332 1577/944/332 1575/942/331
f 1578/943/332 1580/945/333 1579/946/333 1577/944/332
f 1580/945/333 1582/947/334 1581/948/334 1579/946/333
f 1582/947/334 1584/949/335 1583/950/335 1581/948/334
f 1584/949/335 1586/951/336 1585/952/336 1583/950/335
f 1586/951/336 1588/953/337 1587/954/337 1585/952/336
f 1588/953/337 1468/582/277 1467/2/277 1587/954/337
f 1590/436/338 1592/955/42 1591/956/42 1589/4/338
f 1592/955/42 1594/957/339 1593/958/339 1591/956/42
f 1594/957/339 1596/959/340 1595/960/340 1593/958/339
f 1596/959/340 1598/961/341 1597/962/341 1595/960/340
f 1598/961/341 1600/963/342 1599/964/342 1597/962/341
f 1600/963/342 1602/965/343 1601/966/343 1599/964/342
f 1602/965/343 1604/967/344 1603/968/344 1601/966/343
f 1604/967/344 1606/969/345 1605/970/345 1603/968/344
f 1606/969/345 1608/971/346 1607/972/346 1605/970/345
f 1608/971/346 1610/973/347 1609/974/347 1607/972/346
f 1610/973/347 1612/975/348 1611/976/348 1609/974/347
f 1612/975/348 1614/977/349 1613/978/349 1611/976/348
f 1614/977/349 1616/979/350 1615/980/350 1613/978/349
f 1616/979/350 1618/981/351 1617/982/351 1615/980/350
f 1618/981/351 1620/983/352 1619/984/352 1617/982/351
f 1620/983/352 1622/985/353 1621/986/353 1619/984/352
f 1622/985/353 1624/987/354 1623/988/354 1621/986/353
f 1624/987/354 1626/989/355 1625/990/355 1623/988/354
f 1626/989/355 1628/991/356 1627/992/356 1625/990/355
f 1628/991/356 1630/993/357 1629/994/357 1627/992/356
f 1630/993/357 1632/995/358 1631/996/358 1629/994/357
f 1632/995/358 1634/997/359 1633/998/359 1631/996/358
f 1634/997/359 1636/999/360 1635/1000/360 1633/998/359
f 1636/999/360 1638/1001/361 1637/1002/361 1635/1000/360
f 1638/1001/361 1640/1003/362 1639/1004/362 1637/1002/361
f 1640/1003/362 1642/1005/363 1641/1006/363 1639/1004/362
f 1642/1005/363 1644/1007/364 1643/1008/364 1641/1006/363
f 1644/1007/364 1646/1009/365 1645/1010/365 1643/1008/364
f 1646/1009/365 1648/1011/366 1647/1012/366 1645/1010/365
f 1648/1011/366 1650/1013/367 1649/1014/367 1647/1012/366
f 1650/1013/367 1652/1015/368 1651/1016/368 1649/1014/367
f 1652/1015/368 1654/1017/369 1653/1018/369 1651/1016/368
f 1654/1017/369 1656/1019/370 1655/1020/370 1653/1018/369
f 1656/1019/370 1658/1021/371 1657/1022/371 1655/1020/370
f 1658/1021/371 1660/1023/372 1659/1024/372 1657/1022/371
f 1660/1023/372 1662/1025/373 1661/1026/373 1659/1024/372
f 1662/1025/373 1664/1027/374 1663/1028/374 1661/1026/373
f 1664/1027/374 1666/1029/375 1665/1030/375 1663/1028/374
f 1666/1029/375 1668/1031/376 1667/1032/376 1665/1030/375
f 1668/1031/376 1670/1033/377 1669/1034/377 1667/1032/376
f 1670/1033/377 1672/1035/378 1671/1036/378 1669/1034/377
f 1672/1035/378 1674/1037/379 1673/1038/379 1671/1036/378
f 1674/1037/379 1676/509/380 1675/74/380 1673/1038/379
f 1676/509/380 1678/1039/381 1677/1040/381 1675/74/380
f 1678/1039/381 1680/1041/382 1679/1042/382 1677/1040/381
f 1680/1041/382 1682/1043/383 1681/1044/383 1679/1042/382
f 1682/1043/383 1684/1045/384 1683/1046/384 1681/1044/383
f 1684/1045/384 1686/1047/385 1685/1048/385 1683/1046/384
f 1686/1047/385 1688/1049/386 1687/1050/386 1685/1048/385
f 1688/1049/386 1690/1051/387 1689/1052/387 1687/1050/386
f 1690/1051/387 1692/1053/388 1691/1054/388 1689/1052/387
f 1692/1053/388 1694/1055/389 1693/1056/389 1691/1054/388
f 1694/1055/389 1696/1057/390 1695/1058/390 1693/1056/389
f 1696/1057/390 1698/1059/391 1697/1060/391 1695/1058/390
f 1698/1059/391 1700/1061/392 1699/1062/392 1697/1060/391
f 1700/1061/392 1702/1063/393 1701/1064/393 1699/1062/392
f 1702/1063/393 1704/1065/394 1703/1066/394 1701/1064/393
f 1704/1065/394 1706/1067/395 1705/1068/395 1703/1066/394
f 1706/1067/395 1708/1069/396 1707/1070/396 1705/1068/395
f 1708/1069/396 1710/1071/397 1709/1072/397 1707/1070/396
f 1710/1071/397 1712/1073/398 1711/1074/398 1709/1072/397
f 1712/1073/398 1714/1075/399 1713/1076/399 1711/1074/398
f 1714/1075/399 1716/1077/400 1715/1078/400 1713/1076/399
f 1716/1077/400 1718/1079/401 1717/1080/401 1715/1078/400
f 1718/1079/401 1720/1081/402 1719/1082/402 1717/1080/401
f 1720/1081/402 1722/1083/403 1721/1084/403 1719/1082/402
f 1722/1083/403 1724/1085/404 1723/1086/404 1721/1084/403
f 1724/1085/404 1726/1087/405 1725/1088/405 1723/1086/404
f 1726/1087/405 1728/1089/406 1727/1090/406 1725/1088/405
f 1728/1089/406 1730/1091/407 1729/1092/407 1727/1090/406
f 1730/1091/407 1732/1093/408 1731/1094/408 1729/1092/407
f 1732/1093/408 1734/1095/409 1733/1096/409 1731/1094/408
f 1734/1095/409 1736/1097/410 1735/1098/410 1733/1096/409
f 1736/1097/410 1738/1099/411 1737/1100/411 1735/1098/410
f 1738/1099/411 1740/1101/412 1739/1102/412 1737/1100/411
f 1740/1101/412 1742/1103/413 1741/1104/413 1739/1102/412
f 1742/1103/413 1744/1105/414 1743/1106/414 1741/1104/413
f 1744/1105/414 1746/1107/415 1745/1108/415 1743/1106/414
f 1746/1107/415 1748/1109/416 1747/1110/416 1745/1108/415
f 1748/1109/416 1750/1111/417 1749/1112/417 1747/1110/416
f 1750/1111/417 1752/1113/418 1751/1114/418 1749/1112/417
f 1752/1113/418 1754/1115/419 1753/1116/419 1751/1114/418
f 1754/1115/419 1756/1117/420 1755/1118/420 1753/1116/419
f 1756/1117/420 1758/1119/421 1757/1120/421 1755/1118/420
f 1758/1119/421 1760/1121/422 1759/1122/422 1757/1120/421
f 1760/1121/422 1590/582/338 1589/2/338 1759/1122/422
f 1762/436/175 1764/827/176 1763/172/176 1761/4/175
f 1764/827/176 1766/509/177 1765/74/177 1763/172/176
f 1766/509/177 1768/832/263 1767/214/263 1765/74/177
f 1768/832/263 1762/582/175 1761/2/175 1767/214/263
f 1770/436/175 1772/1123/175 1771/255/175 1769/4/175
f 1772/1123/175 1774/827/175 1773/172/175 1771/255/175
f 1774/827/175 1776/1124/176 1775/188/176 1773/172/175
f 1776/1124/176 1778/509/176 1777/74/176 1775/188/176
f 1778/509/176 1780/1125/176 1779/274/176 1777/74/176
f 1780/1125/176 1782/832/177 1781/214/177 1779/274/176
f 1782/832/177 1784/1126/263 1783/192/263 1781/214/177
f 1784/1126/263 1770/582/175 1769/2/175 1783/192/263
