# Blender 4.5.0
# www.blender.org
mtllib Project.mtl
o Project_text
v 26.792456 29.121456 67.782776
v 26.789272 29.121754 67.826561
v 26.788944 29.009298 67.827301
v 26.787432 29.009439 67.848106
v 26.787760 29.121895 67.847374
v 26.784542 29.122192 67.891617
v 26.784603 29.143171 67.891479
v 26.792517 29.142435 67.782639
v 26.783577 29.019430 67.901436
v 26.783201 29.017635 67.906555
v 26.782835 29.016016 67.911530
v 26.782480 29.014572 67.916367
v 26.782135 29.013296 67.921066
v 26.781801 29.012188 67.925629
v 26.781477 29.011240 67.930046
v 26.781164 29.010454 67.934326
v 26.780861 29.009821 67.938469
v 26.780569 29.009342 67.942474
v 26.780287 29.009010 67.946335
v 26.780016 29.008823 67.950058
v 26.779757 29.008778 67.953644
v 26.779200 29.009151 67.961296
v 26.778673 29.010151 67.968567
v 26.778179 29.011744 67.975418
v 26.777721 29.013903 67.981804
v 26.777300 29.016600 67.987686
v 26.776920 29.019806 67.993019
v 26.776583 29.023493 67.997772
v 26.776293 29.027634 68.001900
v 26.776052 29.032196 68.005363
v 26.775864 29.037155 68.008118
v 26.775730 29.042480 68.010132
v 26.775656 29.048145 68.011360
v 26.775652 29.048941 68.011436
v 26.775644 29.050167 68.011566
v 26.775637 29.051796 68.011734
v 26.775627 29.053804 68.011925
v 26.775618 29.056166 68.012131
v 26.775610 29.058857 68.012344
v 26.775602 29.061850 68.012550
v 26.775597 29.065121 68.012733
v 26.775593 29.068645 68.012894
v 26.775595 29.072397 68.013016
v 26.775599 29.076353 68.013084
v 26.775608 29.080484 68.013092
v 26.775616 29.082754 68.013062
v 26.775625 29.085081 68.013008
v 26.775637 29.087456 68.012932
v 26.775650 29.089867 68.012825
v 26.775665 29.092299 68.012695
v 26.775682 29.094738 68.012535
v 26.775703 29.097178 68.012352
v 26.775724 29.099602 68.012131
v 26.775747 29.101997 68.011887
v 26.775774 29.104355 68.011612
v 26.775803 29.106659 68.011299
v 26.775833 29.108900 68.010956
v 26.775942 29.114491 68.009636
v 26.776108 29.119732 68.007538
v 26.776325 29.124598 68.004707
v 26.776592 29.129061 68.001183
v 26.776907 29.133095 67.996994
v 26.777264 29.136673 67.992195
v 26.777662 29.139767 67.986816
v 26.778099 29.142349 67.980904
v 26.778570 29.144394 67.974487
v 26.779076 29.145872 67.967606
v 26.779608 29.146757 67.960304
v 26.780167 29.147024 67.952629
v 26.780426 29.146931 67.949066
v 26.780693 29.146692 67.945366
v 26.780972 29.146309 67.941528
v 26.781260 29.145775 67.937546
v 26.781559 29.145088 67.933426
v 26.781866 29.144243 67.929161
v 26.782185 29.143236 67.924759
v 26.782511 29.142067 67.920219
v 26.782848 29.140728 67.915543
v 26.783195 29.139217 67.910728
v 26.783550 29.137531 67.905769
v 26.783916 29.135668 67.900681
v 26.783352 29.115997 67.907784
v 26.783020 29.117666 67.912407
v 26.782700 29.119169 67.916862
v 26.782391 29.120512 67.921158
v 26.782093 29.121698 67.925293
v 26.781807 29.122734 67.929268
v 26.781530 29.123621 67.933083
v 26.781267 29.124363 67.936745
v 26.781013 29.124964 67.940254
v 26.780769 29.125429 67.943604
v 26.780539 29.125761 67.946808
v 26.780317 29.125965 67.949860
v 26.780106 29.126045 67.952766
v 26.779713 29.125893 67.958168
v 26.779346 29.125376 67.963173
v 26.779011 29.124521 67.967781
v 26.778702 29.123352 67.971977
v 26.778423 29.121897 67.975769
v 26.778173 29.120178 67.979141
v 26.777954 29.118221 67.982094
v 26.777765 29.116055 67.984619
v 26.777607 29.113701 67.986725
v 26.777479 29.111187 67.988388
v 26.777384 29.108540 67.989616
v 26.777319 29.105780 67.990395
v 26.777296 29.103672 67.990662
v 26.777271 29.101534 67.990913
v 26.777250 29.099375 67.991142
v 26.777229 29.097202 67.991356
v 26.777210 29.095024 67.991554
v 26.777191 29.092850 67.991730
v 26.777176 29.090687 67.991882
v 26.777161 29.088545 67.992012
v 26.777147 29.086432 67.992119
v 26.777136 29.084354 67.992195
v 26.777128 29.082321 67.992256
v 26.777121 29.080343 67.992279
v 26.777113 29.076838 67.992279
v 26.777109 29.073439 67.992226
v 26.777107 29.070173 67.992126
v 26.777109 29.067060 67.991997
v 26.777113 29.064127 67.991844
v 26.777119 29.061396 67.991676
v 26.777126 29.058889 67.991493
v 26.777134 29.056629 67.991318
v 26.777142 29.054640 67.991150
v 26.777147 29.052944 67.990990
v 26.777155 29.051565 67.990860
v 26.777159 29.050528 67.990761
v 26.777212 29.047806 67.989929
v 26.777298 29.045172 67.988663
v 26.777416 29.042654 67.986961
v 26.777563 29.040277 67.984840
v 26.777742 29.038071 67.982307
v 26.777952 29.036064 67.979362
v 26.778191 29.034283 67.976021
v 26.778460 29.032757 67.972275
v 26.778757 29.031513 67.968147
v 26.779081 29.030581 67.963638
v 26.779436 29.029985 67.958755
v 26.779818 29.029757 67.953506
v 26.780029 29.029799 67.950577
v 26.780254 29.029966 67.947487
v 26.780491 29.030264 67.944244
v 26.780739 29.030693 67.940857
v 26.780998 29.031256 67.937309
v 26.781269 29.031958 67.933617
v 26.781551 29.032797 67.929771
v 26.781843 29.033779 67.925774
v 26.782148 29.034908 67.921623
v 26.782463 29.036184 67.917328
v 26.782789 29.037613 67.912880
v 26.783129 29.039194 67.908287
v 26.768364 29.088268 68.112968
v 26.773584 29.087782 68.041168
v 26.773523 29.066919 68.041306
v 26.768303 29.067404 68.113106
v 26.768202 29.032099 68.113335
v 26.773920 29.031567 68.034676
v 26.773859 29.010702 68.034813
v 26.766619 29.011377 68.134392
v 26.767008 29.144693 68.133522
v 26.774246 29.144020 68.033936
v 26.774187 29.123158 68.034073
v 26.768467 29.123690 68.112732
v 26.764975 29.047110 68.158211
v 26.764894 29.039913 68.159073
v 26.764774 29.033587 68.160500
v 26.764616 29.028091 68.162491
v 26.764418 29.023390 68.165070
v 26.764177 29.019444 68.168259
v 26.763893 29.016216 68.172058
v 26.763563 29.013670 68.176491
v 26.763189 29.011765 68.181564
v 26.762770 29.010466 68.187309
v 26.762300 29.009735 68.193726
v 26.761784 29.009533 68.200836
v 26.761570 29.009596 68.203758
v 26.761345 29.009747 68.206879
v 26.761103 29.009983 68.210197
v 26.760849 29.010307 68.213722
v 26.760578 29.010721 68.217461
v 26.760292 29.011219 68.221405
v 26.759991 29.011806 68.225571
v 26.759672 29.012482 68.229958
v 26.759338 29.013243 68.234573
v 26.758989 29.014093 68.239426
v 26.758621 29.015030 68.244514
v 26.758236 29.016054 68.249840
v 26.758554 29.036665 68.246162
v 26.758911 29.035734 68.241211
v 26.759254 29.034849 68.236465
v 26.759583 29.034018 68.231926
v 26.759895 29.033245 68.227608
v 26.760191 29.032536 68.223503
v 26.760471 29.031900 68.219627
v 26.760735 29.031342 68.215981
v 26.760983 29.030867 68.212570
v 26.761211 29.030483 68.209404
v 26.761423 29.030197 68.206474
v 26.761618 29.030014 68.203804
v 26.761793 29.029942 68.201385
v 26.762081 29.030037 68.197441
v 26.762337 29.030399 68.193932
v 26.762564 29.031061 68.190834
v 26.762760 29.032047 68.188148
v 26.762932 29.033394 68.185837
v 26.763079 29.035126 68.183891
v 26.763199 29.037277 68.182289
v 26.763298 29.039875 68.181015
v 26.763376 29.042953 68.180046
v 26.763435 29.046537 68.179367
v 26.763474 29.050661 68.178963
v 26.763496 29.055353 68.178810
v 26.763697 29.123903 68.178360
v 26.761360 29.124121 68.210487
v 26.761423 29.145214 68.210350
v 26.765278 29.144625 68.157303
v 26.765018 29.055212 68.157890
v 26.757637 29.077049 68.260117
v 26.757618 29.073040 68.260246
v 26.757595 29.069235 68.260429
v 26.757570 29.065660 68.260658
v 26.757544 29.062342 68.260902
v 26.757519 29.059307 68.261162
v 26.757492 29.056580 68.261421
v 26.757469 29.054186 68.261665
v 26.757448 29.052153 68.261879
v 26.757433 29.050505 68.262047
v 26.757421 29.049267 68.262161
v 26.757416 29.048466 68.262207
v 26.757311 29.042807 68.263451
v 26.757151 29.037523 68.265488
v 26.756937 29.032640 68.268265
v 26.756672 29.028181 68.271751
v 26.756361 29.024166 68.275909
v 26.756004 29.020620 68.280701
v 26.755606 29.017565 68.286072
v 26.755167 29.015024 68.292000
v 26.754694 29.013020 68.298439
v 26.754189 29.011576 68.305351
v 26.753653 29.010714 68.312691
v 26.753090 29.010456 68.320427
v 26.752539 29.010807 68.328011
v 26.752016 29.011740 68.335243
v 26.751522 29.013241 68.342087
v 26.751062 29.015291 68.348480
v 26.750639 29.017878 68.354378
v 26.750256 29.020983 68.359741
v 26.749918 29.024590 68.364525
v 26.749626 29.028683 68.368675
v 26.749384 29.033247 68.372147
v 26.749197 29.038263 68.374893
v 26.749067 29.043718 68.376869
v 26.748997 29.049593 68.378021
v 26.748997 29.050629 68.378052
v 26.748995 29.052053 68.378151
v 26.748987 29.053843 68.378296
v 26.748980 29.055969 68.378487
v 26.748970 29.058409 68.378693
v 26.748960 29.061134 68.378922
v 26.748951 29.064121 68.379143
v 26.748943 29.067341 68.379349
v 26.748940 29.070770 68.379524
v 26.748940 29.074383 68.379662
v 26.748941 29.078150 68.379738
v 26.748951 29.082048 68.379753
v 26.748959 29.084387 68.379723
v 26.748968 29.086758 68.379677
v 26.748980 29.089155 68.379593
v 26.748993 29.091574 68.379494
v 26.749008 29.094006 68.379364
v 26.749025 29.096445 68.379204
v 26.749044 29.098888 68.379013
v 26.749067 29.101326 68.378799
v 26.749090 29.103754 68.378548
v 26.749117 29.106167 68.378273
v 26.749146 29.108559 68.377960
v 26.749176 29.110922 68.377617
v 26.749290 29.116507 68.376221
v 26.749460 29.121735 68.374077
v 26.749680 29.126581 68.371208
v 26.749949 29.131021 68.367676
v 26.750261 29.135031 68.363495
v 26.750618 29.138578 68.358719
v 26.751015 29.141645 68.353371
v 26.751448 29.144201 68.347504
v 26.751915 29.146221 68.341148
v 26.752413 29.147682 68.334343
v 26.752939 29.148556 68.327118
v 26.753492 29.148817 68.319519
v 26.754070 29.148447 68.311577
v 26.754608 29.147463 68.304131
v 26.755110 29.145893 68.297195
v 26.755569 29.143770 68.290802
v 26.755987 29.141121 68.284966
v 26.756361 29.137974 68.279716
v 26.756689 29.134357 68.275070
v 26.756971 29.130301 68.271057
v 26.757204 29.125834 68.267700
v 26.757387 29.120983 68.265022
v 26.757519 29.115782 68.263054
v 26.757595 29.110252 68.261803
v 26.757614 29.107838 68.261467
v 26.757629 29.105410 68.261177
v 26.757643 29.102974 68.260918
v 26.757652 29.100536 68.260704
v 26.757660 29.098095 68.260521
v 26.757664 29.095655 68.260368
v 26.757668 29.093222 68.260246
v 26.757668 29.090796 68.260162
v 26.757666 29.088381 68.260094
v 26.757664 29.085981 68.260056
v 26.757658 29.083599 68.260040
v 26.757652 29.081238 68.260048
v 26.755924 29.052404 68.282845
v 26.755936 29.053759 68.282738
v 26.755951 29.055399 68.282585
v 26.755970 29.057306 68.282402
v 26.755989 29.059465 68.282188
v 26.756012 29.061855 68.281960
v 26.756035 29.064457 68.281731
v 26.756058 29.067253 68.281509
v 26.756079 29.070225 68.281311
v 26.756100 29.073353 68.281151
v 26.756115 29.076618 68.281036
v 26.756128 29.080004 68.280983
v 26.756132 29.082003 68.280983
v 26.756136 29.084093 68.280998
v 26.756138 29.086264 68.281044
v 26.756138 29.088497 68.281113
v 26.756138 29.090782 68.281204
v 26.756134 29.093103 68.281326
v 26.756130 29.095449 68.281464
v 26.756124 29.097807 68.281624
v 26.756117 29.100161 68.281815
v 26.756107 29.102497 68.282021
v 26.756096 29.104805 68.282257
v 26.756083 29.107069 68.282516
v 26.756081 29.106840 68.282516
v 26.756025 29.109564 68.283386
v 26.755936 29.112204 68.284691
v 26.755816 29.114733 68.286430
v 26.755665 29.117121 68.288582
v 26.755484 29.119341 68.291153
v 26.755274 29.121363 68.294113
v 26.755033 29.123158 68.297470
v 26.754766 29.124697 68.301193
v 26.754473 29.125952 68.305290
v 26.754150 29.126894 68.309738
v 26.753803 29.127495 68.314529
v 26.753431 29.127726 68.319656
v 26.753044 29.127569 68.324966
v 26.752684 29.127048 68.329926
v 26.752348 29.126184 68.334511
v 26.752039 29.125010 68.338715
v 26.751759 29.123549 68.342522
v 26.751507 29.121828 68.345924
v 26.751286 29.119875 68.348900
v 26.751095 29.117716 68.351448
v 26.750937 29.115381 68.353554
v 26.750811 29.112894 68.355194
v 26.750719 29.110281 68.356369
v 26.750662 29.107573 68.357063
v 26.750633 29.105433 68.357399
v 26.750607 29.103254 68.357704
v 26.750582 29.101051 68.357971
v 26.750559 29.098835 68.358200
v 26.750538 29.096613 68.358406
v 26.750521 29.094400 68.358574
v 26.750505 29.092205 68.358719
v 26.750490 29.090042 68.358833
v 26.750479 29.087917 68.358925
v 26.750469 29.085848 68.358994
v 26.750462 29.083839 68.359039
v 26.750454 29.081907 68.359062
v 26.750446 29.078423 68.359055
v 26.750443 29.075033 68.358994
v 26.750443 29.071766 68.358887
v 26.750444 29.068645 68.358749
v 26.750450 29.065697 68.358582
v 26.750456 29.062944 68.358398
v 26.750465 29.060415 68.358208
v 26.750473 29.058132 68.358009
v 26.750481 29.056122 68.357826
v 26.750488 29.054409 68.357666
v 26.750496 29.053019 68.357529
v 26.750500 29.051977 68.357430
v 26.750546 29.049328 68.356705
v 26.750624 29.046741 68.355553
v 26.750734 29.044249 68.353951
v 26.750877 29.041882 68.351921
v 26.751051 29.039669 68.349457
v 26.751255 29.037645 68.346558
v 26.751493 29.035841 68.343231
v 26.751762 29.034286 68.339485
v 26.752062 29.033014 68.335312
v 26.752394 29.032055 68.330719
v 26.752756 29.031443 68.325714
v 26.753151 29.031204 68.320290
v 26.753544 29.031361 68.314888
v 26.753908 29.031881 68.309898
v 26.754242 29.032745 68.305321
v 26.754549 29.033920 68.301155
v 26.754826 29.035383 68.297401
v 26.755072 29.037104 68.294067
v 26.755289 29.039057 68.291145
v 26.755476 29.041216 68.288651
v 26.755632 29.043550 68.286575
v 26.755758 29.046038 68.284920
v 26.755854 29.048649 68.283684
v 26.755919 29.051357 68.282883
v 26.746031 29.013063 68.417595
v 26.745831 29.018145 68.420509
v 26.745644 29.023182 68.423248
v 26.745468 29.028139 68.425827
v 26.745306 29.032984 68.428230
v 26.745155 29.037682 68.430466
v 26.745016 29.042196 68.432526
v 26.744890 29.046495 68.434410
v 26.744776 29.050543 68.436119
v 26.744673 29.054306 68.437645
v 26.744583 29.057751 68.438995
v 26.744505 29.060844 68.440170
v 26.744440 29.063547 68.441162
v 26.744377 29.063528 68.442024
v 26.744314 29.063511 68.442902
v 26.744249 29.063499 68.443794
v 26.744183 29.063492 68.444702
v 26.744116 29.063486 68.445618
v 26.744049 29.063484 68.446548
v 26.743980 29.063484 68.447487
v 26.743910 29.063486 68.448441
v 26.743841 29.063492 68.449409
v 26.743769 29.063496 68.450386
v 26.743698 29.063503 68.451370
v 26.743626 29.063509 68.452362
v 26.741381 29.063719 68.483231
v 26.741236 29.013624 68.483559
v 26.739723 29.013765 68.504372
v 26.740112 29.147196 68.503494
v 26.743328 29.146896 68.459251
v 26.743515 29.146875 68.456673
v 26.743698 29.146841 68.454155
v 26.743877 29.146797 68.451698
v 26.744051 29.146740 68.449295
v 26.744221 29.146669 68.446968
v 26.744385 29.146584 68.444702
v 26.744545 29.146481 68.442513
v 26.744698 29.146362 68.440392
v 26.744846 29.146223 68.438354
v 26.744987 29.146067 68.436394
v 26.745125 29.145887 68.434517
v 26.745253 29.145685 68.432732
v 26.745672 29.144701 68.426933
v 26.746046 29.143305 68.421761
v 26.746374 29.141485 68.417183
v 26.746658 29.139219 68.413185
v 26.746902 29.136492 68.409737
v 26.747107 29.133287 68.406830
v 26.747272 29.129587 68.404434
v 26.747400 29.125374 68.402527
v 26.747494 29.120630 68.401093
v 26.747551 29.115339 68.400108
v 26.747578 29.109482 68.399551
v 26.747574 29.103045 68.399399
v 26.747549 29.098015 68.399567
v 26.747505 29.093355 68.400009
v 26.747442 29.089060 68.400726
v 26.747360 29.085127 68.401726
v 26.747259 29.081547 68.403008
v 26.747137 29.078318 68.404572
v 26.746994 29.075436 68.406433
v 26.746832 29.072893 68.408585
v 26.746649 29.070688 68.411041
v 26.746443 29.068815 68.413795
v 26.746218 29.067268 68.416855
v 26.745970 29.066044 68.420219
v 26.745981 29.065638 68.420044
v 26.745993 29.065228 68.419868
v 26.746004 29.064812 68.419693
v 26.746017 29.064390 68.419502
v 26.746029 29.063963 68.419312
v 26.746042 29.063528 68.419121
v 26.746056 29.063086 68.418922
v 26.746071 29.062635 68.418716
v 26.746084 29.062178 68.418510
v 26.746098 29.061712 68.418297
v 26.746113 29.061237 68.418076
v 26.746128 29.060753 68.417854
v 26.746212 29.057940 68.416618
v 26.746302 29.054903 68.415268
v 26.746401 29.051647 68.413803
v 26.746510 29.048174 68.412186
v 26.746628 29.044485 68.410423
v 26.746759 29.040586 68.408493
v 26.746902 29.036478 68.406387
v 26.747059 29.032162 68.404083
v 26.747231 29.027645 68.401573
v 26.747417 29.022924 68.398842
v 26.747622 29.018007 68.395882
v 26.747843 29.012894 68.392670
v 26.745794 29.087988 68.423370
v 26.745829 29.088591 68.422897
v 26.745863 29.089325 68.422447
v 26.745897 29.090197 68.422020
v 26.745928 29.091219 68.421623
v 26.745958 29.092402 68.421257
v 26.745985 29.093754 68.420937
v 26.746008 29.095287 68.420654
v 26.746029 29.097010 68.420425
v 26.746046 29.098930 68.420250
v 26.746059 29.101063 68.420135
v 26.746069 29.103415 68.420090
v 26.746073 29.108353 68.420204
v 26.746050 29.112501 68.420670
v 26.745993 29.115925 68.421555
v 26.745901 29.118696 68.422920
v 26.745768 29.120886 68.424843
v 26.745586 29.122564 68.427383
v 26.745356 29.123800 68.430603
v 26.745068 29.124664 68.434586
v 26.744720 29.125227 68.439384
v 26.744307 29.125557 68.445076
v 26.743824 29.125727 68.451721
v 26.743267 29.125805 68.459389
v 26.741564 29.125963 68.482826
v 26.741444 29.084810 68.483093
v 26.743687 29.084602 68.452225
v 26.743971 29.084587 68.448311
v 26.744234 29.084604 68.444695
v 26.744476 29.084658 68.441360
v 26.744699 29.084749 68.438316
v 26.744900 29.084887 68.435555
v 26.745081 29.085073 68.433067
v 26.745241 29.085316 68.430862
v 26.745384 29.085615 68.428925
v 26.745506 29.085979 68.427261
v 26.745607 29.086414 68.425865
v 26.745691 29.086920 68.424728
v 26.745758 29.087505 68.423851
v 26.738430 29.094797 68.524864
v 26.738312 29.087139 68.526222
v 26.738140 29.080889 68.528389
v 26.737913 29.075907 68.531326
v 26.737638 29.072046 68.534988
v 26.737316 29.069170 68.539337
v 26.736948 29.067133 68.544327
v 26.736538 29.065796 68.549919
v 26.736090 29.065014 68.556061
v 26.735603 29.064646 68.562729
v 26.735085 29.064550 68.569870
v 26.734533 29.064585 68.577438
v 26.732239 29.064798 68.608994
v 26.732094 29.014589 68.609322
v 26.730564 29.014730 68.630363
v 26.730953 29.148048 68.629486
v 26.734510 29.147718 68.580551
v 26.735073 29.147640 68.572792
v 26.735613 29.147415 68.565376
v 26.736120 29.146891 68.558372
v 26.736593 29.145918 68.551849
v 26.737024 29.144348 68.545860
v 26.737410 29.142031 68.540474
v 26.737745 29.138813 68.535751
v 26.738026 29.134548 68.531761
v 26.738245 29.129086 68.528564
v 26.738398 29.122272 68.526222
v 26.738482 29.113962 68.524803
v 26.738489 29.104004 68.524361
v 26.736975 29.109146 68.545364
v 26.736958 29.113182 68.545731
v 26.736912 29.116547 68.546471
v 26.736832 29.119299 68.547676
v 26.736710 29.121502 68.549431
v 26.736540 29.123220 68.551819
v 26.736317 29.124512 68.554924
v 26.736034 29.125441 68.558846
v 26.735685 29.126070 68.563660
v 26.735264 29.126457 68.569458
v 26.734766 29.126669 68.576324
v 26.734182 29.126764 68.584351
v 26.732420 29.126928 68.608589
v 26.732300 29.085775 68.608856
v 26.734594 29.085562 68.577301
v 26.734741 29.085548 68.575279
v 26.734884 29.085539 68.573318
v 26.735022 29.085533 68.571426
v 26.735155 29.085535 68.569603
v 26.735283 29.085548 68.567841
v 26.735407 29.085573 68.566139
v 26.735525 29.085611 68.564507
v 26.735640 29.085669 68.562935
v 26.735748 29.085745 68.561432
v 26.735855 29.085844 68.559990
v 26.735954 29.085966 68.558609
v 26.736052 29.086115 68.557289
v 26.736191 29.086382 68.555374
v 26.736319 29.086723 68.553627
v 26.736435 29.087187 68.552048
v 26.736538 29.087814 68.550636
v 26.736631 29.088655 68.549393
v 26.736712 29.089750 68.548317
v 26.736782 29.091150 68.547409
v 26.736841 29.092896 68.546661
v 26.736889 29.095034 68.546074
v 26.736925 29.097610 68.545647
v 26.736952 29.100672 68.545387
v 26.736969 29.104261 68.545280
v 26.736969 29.104376 68.545280
v 26.752560 29.121553 67.779877
v 26.749376 29.121851 67.823662
v 26.749050 29.009396 67.824402
v 26.747536 29.009537 67.845207
v 26.747864 29.121992 67.844475
v 26.744648 29.122290 67.888718
v 26.744709 29.143269 67.888580
v 26.752621 29.142532 67.779739
v 26.743683 29.019527 67.898537
v 26.743307 29.017733 67.903656
v 26.742941 29.016113 67.908630
v 26.742586 29.014669 67.913467
v 26.742241 29.013393 67.918167
v 26.741907 29.012285 67.922729
v 26.741583 29.011337 67.927147
v 26.741270 29.010551 67.931427
v 26.740967 29.009918 67.935570
v 26.740675 29.009439 67.939575
v 26.740393 29.009108 67.943436
v 26.740122 29.008921 67.947159
v 26.739861 29.008875 67.950745
v 26.739305 29.009249 67.958397
v 26.738779 29.010248 67.965668
v 26.738285 29.011841 67.972519
v 26.737825 29.014000 67.978905
v 26.737406 29.016697 67.984779
v 26.737024 29.019903 67.990120
v 26.736689 29.023590 67.994873
v 26.736399 29.027731 67.999001
v 26.736158 29.032293 68.002464
v 26.735970 29.037252 68.005219
v 26.735836 29.042578 68.007233
v 26.735762 29.048243 68.008453
v 26.735756 29.049038 68.008537
v 26.735750 29.050264 68.008667
v 26.735743 29.051893 68.008835
v 26.735733 29.053902 68.009026
v 26.735723 29.056263 68.009232
v 26.735716 29.058954 68.009445
v 26.735708 29.061947 68.009651
v 26.735703 29.065218 68.009834
v 26.735699 29.068743 68.009995
v 26.735699 29.072495 68.010109
v 26.735704 29.076450 68.010178
v 26.735714 29.080582 68.010185
v 26.735722 29.082851 68.010162
v 26.735731 29.085178 68.010109
v 26.735743 29.087553 68.010033
v 26.735756 29.089964 68.009926
v 26.735771 29.092396 68.009796
v 26.735788 29.094835 68.009636
v 26.735807 29.097275 68.009453
v 26.735830 29.099699 68.009232
v 26.735853 29.102095 68.008987
v 26.735880 29.104452 68.008705
v 26.735907 29.106756 68.008400
v 26.735937 29.108997 68.008057
v 26.736048 29.114588 68.006737
v 26.736214 29.119829 68.004639
v 26.736431 29.124695 68.001808
v 26.736698 29.129158 67.998276
v 26.737013 29.133192 67.994095
v 26.737370 29.136770 67.989296
v 26.737768 29.139864 67.983917
v 26.738205 29.142447 67.978004
v 26.738676 29.144491 67.971581
v 26.739180 29.145969 67.964706
v 26.739714 29.146854 67.957405
v 26.740273 29.147121 67.949722
v 26.740530 29.147028 67.946167
v 26.740799 29.146790 67.942467
v 26.741077 29.146406 67.938629
v 26.741365 29.145872 67.934647
v 26.741663 29.145185 67.930527
v 26.741972 29.144341 67.926262
v 26.742289 29.143333 67.921860
v 26.742617 29.142164 67.917320
v 26.742954 29.140825 67.912643
v 26.743299 29.139315 67.907822
v 26.743656 29.137629 67.902870
v 26.744022 29.135765 67.897774
v 26.743458 29.116095 67.904877
v 26.743126 29.117764 67.909500
v 26.742805 29.119267 67.913963
v 26.742496 29.120609 67.918259
v 26.742199 29.121796 67.922394
v 26.741911 29.122831 67.926369
v 26.741636 29.123718 67.930183
v 26.741371 29.124460 67.933846
v 26.741117 29.125061 67.937355
v 26.740875 29.125526 67.940704
v 26.740643 29.125858 67.943909
v 26.740421 29.126062 67.946960
v 26.740211 29.126143 67.949860
v 26.739819 29.125990 67.955269
v 26.739452 29.125473 67.960274
v 26.739115 29.124619 67.964882
v 26.738808 29.123449 67.969078
v 26.738527 29.121994 67.972870
v 26.738279 29.120275 67.976242
v 26.738060 29.118319 67.979195
v 26.737869 29.116152 67.981720
v 26.737711 29.113798 67.983818
v 26.737585 29.111284 67.985489
v 26.737490 29.108637 67.986710
v 26.737425 29.105877 67.987495
v 26.737400 29.103769 67.987762
v 26.737377 29.101631 67.988007
v 26.737356 29.099472 67.988243
v 26.737335 29.097300 67.988457
v 26.737314 29.095121 67.988647
v 26.737297 29.092947 67.988823
v 26.737280 29.090784 67.988976
v 26.737267 29.088642 67.989113
v 26.737253 29.086529 67.989220
v 26.737242 29.084452 67.989296
v 26.737232 29.082420 67.989349
v 26.737226 29.080441 67.989380
v 26.737219 29.076935 67.989372
v 26.737213 29.073536 67.989319
v 26.737213 29.070271 67.989227
v 26.737215 29.067158 67.989098
v 26.737219 29.064224 67.988945
v 26.737225 29.061493 67.988777
v 26.737230 29.058987 67.988594
v 26.737238 29.056726 67.988419
v 26.737246 29.054737 67.988243
v 26.737253 29.053041 67.988091
v 26.737259 29.051662 67.987961
v 26.737265 29.050625 67.987862
v 26.737318 29.047903 67.987030
v 26.737404 29.045269 67.985764
v 26.737520 29.042751 67.984062
v 26.737669 29.040375 67.981941
v 26.737848 29.038168 67.979408
v 26.738058 29.036161 67.976463
v 26.738297 29.034380 67.973114
v 26.738565 29.032854 67.969376
v 26.738861 29.031610 67.965248
v 26.739187 29.030678 67.960739
v 26.739540 29.030083 67.955856
v 26.739922 29.029854 67.950607
v 26.740135 29.029896 67.947670
v 26.740360 29.030064 67.944588
v 26.740597 29.030361 67.941345
v 26.740845 29.030790 67.937950
v 26.741104 29.031353 67.934410
v 26.741375 29.032055 67.930710
v 26.741655 29.032894 67.926865
v 26.741949 29.033876 67.922867
v 26.742252 29.035006 67.918724
v 26.742569 29.036282 67.914429
v 26.742895 29.037710 67.909981
v 26.743233 29.039291 67.905380
v 26.728470 29.088366 68.110069
v 26.733690 29.087879 68.038269
v 26.733629 29.067017 68.038406
v 26.728409 29.067501 68.110199
v 26.728306 29.032196 68.110435
v 26.734024 29.031664 68.031776
v 26.733963 29.010799 68.031914
v 26.726725 29.011475 68.131493
v 26.727114 29.144791 68.130623
v 26.734352 29.144117 68.031036
v 26.734291 29.123255 68.031174
v 26.728573 29.123787 68.109833
v 26.725080 29.047207 68.155312
v 26.725000 29.040010 68.156174
v 26.724880 29.033684 68.157600
v 26.724722 29.028189 68.159592
v 26.724524 29.023487 68.162170
v 26.724281 29.019541 68.165352
v 26.723997 29.016314 68.169159
v 26.723669 29.013767 68.173584
v 26.723295 29.011862 68.178665
v 26.722876 29.010563 68.184410
v 26.722406 29.009832 68.190826
v 26.721889 29.009630 68.197937
v 26.721676 29.009693 68.200859
v 26.721449 29.009844 68.203979
v 26.721209 29.010080 68.207298
v 26.720953 29.010405 68.210823
v 26.720682 29.010818 68.214554
v 26.720398 29.011316 68.218506
v 26.720097 29.011904 68.222672
v 26.719778 29.012579 68.227058
v 26.719444 29.013340 68.231674
v 26.719093 29.014191 68.236526
v 26.718727 29.015127 68.241615
v 26.718342 29.016151 68.246941
v 26.718658 29.036762 68.243263
v 26.719017 29.035831 68.238312
v 26.719360 29.034946 68.233566
v 26.719688 29.034115 68.229027
v 26.719999 29.033342 68.224701
v 26.720297 29.032633 68.220604
v 26.720577 29.031998 68.216728
v 26.720840 29.031439 68.213081
v 26.721088 29.030964 68.209671
v 26.721317 29.030581 68.206497
v 26.721529 29.030294 68.203575
v 26.721724 29.030111 68.200905
v 26.721899 29.030039 68.198486
v 26.722185 29.030134 68.194542
v 26.722443 29.030497 68.191025
v 26.722668 29.031158 68.187935
v 26.722866 29.032145 68.185242
v 26.723038 29.033491 68.182938
v 26.723183 29.035223 68.180984
v 26.723305 29.037374 68.179390
v 26.723404 29.039972 68.178116
v 26.723482 29.043051 68.177147
v 26.723539 29.046635 68.176468
v 26.723579 29.050758 68.176064
v 26.723602 29.055450 68.175911
v 26.723803 29.124001 68.175461
v 26.721466 29.124218 68.207588
v 26.721527 29.145311 68.207451
v 26.725384 29.144722 68.154404
v 26.725122 29.055309 68.154991
v 26.717743 29.077147 68.257217
v 26.717724 29.073137 68.257347
v 26.717701 29.069332 68.257530
v 26.717676 29.065758 68.257751
v 26.717649 29.062439 68.258003
v 26.717623 29.059404 68.258263
v 26.717598 29.056677 68.258522
v 26.717575 29.054283 68.258766
v 26.717554 29.052250 68.258980
v 26.717537 29.050602 68.259148
v 26.717525 29.049364 68.259262
v 26.717522 29.048563 68.259308
v 26.717417 29.042904 68.260551
v 26.717257 29.037621 68.262581
v 26.717043 29.032738 68.265366
v 26.716778 29.028278 68.268852
v 26.716465 29.024263 68.273010
v 26.716108 29.020718 68.277794
v 26.715710 29.017662 68.283173
v 26.715273 29.015121 68.289101
v 26.714800 29.013117 68.295540
v 26.714294 29.011673 68.302444
v 26.713758 29.010811 68.309792
v 26.713196 29.010553 68.317520
v 26.712645 29.010904 68.325111
v 26.712120 29.011837 68.332344
v 26.711628 29.013338 68.339180
v 26.711168 29.015388 68.345573
v 26.710745 29.017975 68.351479
v 26.710361 29.021080 68.356842
v 26.710024 29.024687 68.361626
v 26.709732 29.028780 68.365776
v 26.709490 29.033344 68.369247
v 26.709303 29.038361 68.371986
v 26.709173 29.043816 68.373962
v 26.709103 29.049690 68.375122
v 26.709103 29.050726 68.375153
v 26.709099 29.052151 68.375252
v 26.709093 29.053940 68.375397
v 26.709085 29.056067 68.375580
v 26.709076 29.058506 68.375793
v 26.709066 29.061232 68.376015
v 26.709057 29.064219 68.376236
v 26.709049 29.067438 68.376442
v 26.709045 29.070868 68.376625
v 26.709044 29.074480 68.376762
v 26.709047 29.078247 68.376839
v 26.709057 29.082146 68.376854
v 26.709064 29.084484 68.376823
v 26.709074 29.086855 68.376770
v 26.709085 29.089252 68.376694
v 26.709099 29.091671 68.376595
v 26.709114 29.094103 68.376457
v 26.709131 29.096542 68.376297
v 26.709150 29.098986 68.376114
v 26.709173 29.101423 68.375893
v 26.709196 29.103851 68.375648
v 26.709223 29.106264 68.375374
v 26.709251 29.108656 68.375061
v 26.709282 29.111019 68.374718
v 26.709396 29.116604 68.373322
v 26.709566 29.121832 68.371170
v 26.709785 29.126678 68.368309
v 26.710054 29.131119 68.364769
v 26.710367 29.135128 68.360596
v 26.710724 29.138676 68.355812
v 26.711119 29.141743 68.350471
v 26.711552 29.144299 68.344604
v 26.712019 29.146318 68.338249
v 26.712519 29.147779 68.331436
v 26.713045 29.148653 68.324219
v 26.713598 29.148914 68.316620
v 26.714174 29.148544 68.308678
v 26.714714 29.147560 68.301231
v 26.715214 29.145990 68.294296
v 26.715673 29.143867 68.287903
v 26.716093 29.141218 68.282066
v 26.716467 29.138071 68.276817
v 26.716795 29.134455 68.272171
v 26.717077 29.130398 68.268158
v 26.717310 29.125931 68.264801
v 26.717493 29.121080 68.262123
v 26.717625 29.115879 68.260147
v 26.717701 29.110350 68.258904
v 26.717720 29.107935 68.258568
v 26.717735 29.105507 68.258270
v 26.717749 29.103071 68.258018
v 26.717758 29.100634 68.257797
v 26.717766 29.098192 68.257614
v 26.717770 29.095753 68.257469
v 26.717773 29.093319 68.257347
v 26.717773 29.090893 68.257256
v 26.717772 29.088478 68.257195
v 26.717770 29.086079 68.257156
v 26.717764 29.083696 68.257141
v 26.717758 29.081335 68.257149
v 26.716030 29.052502 68.279945
v 26.716042 29.053856 68.279839
v 26.716057 29.055496 68.279686
v 26.716074 29.057404 68.279495
v 26.716095 29.059563 68.279282
v 26.716118 29.061953 68.279053
v 26.716141 29.064554 68.278824
v 26.716164 29.067350 68.278610
v 26.716185 29.070322 68.278412
v 26.716204 29.073450 68.278252
v 26.716221 29.076715 68.278137
v 26.716232 29.080101 68.278076
v 26.716238 29.082100 68.278076
v 26.716242 29.084190 68.278099
v 26.716244 29.086361 68.278145
v 26.716244 29.088594 68.278214
v 26.716244 29.090879 68.278305
v 26.716240 29.093201 68.278419
v 26.716236 29.095547 68.278564
v 26.716230 29.097904 68.278725
v 26.716221 29.100258 68.278915
v 26.716211 29.102594 68.279121
v 26.716200 29.104902 68.279358
v 26.716187 29.107166 68.279617
v 26.716187 29.106937 68.279617
v 26.716131 29.109661 68.280479
v 26.716042 29.112301 68.281792
v 26.715921 29.114830 68.283524
v 26.715771 29.117218 68.285683
v 26.715590 29.119438 68.288246
v 26.715380 29.121460 68.291214
v 26.715139 29.123255 68.294563
v 26.714872 29.124794 68.298294
v 26.714577 29.126049 68.302391
v 26.714256 29.126991 68.306839
v 26.713909 29.127592 68.311630
v 26.713537 29.127823 68.316757
v 26.713150 29.127666 68.322067
v 26.712790 29.127146 68.327026
v 26.712454 29.126282 68.331612
v 26.712145 29.125107 68.335815
v 26.711864 29.123646 68.339622
v 26.711613 29.121925 68.343018
v 26.711391 29.119972 68.346001
v 26.711201 29.117813 68.348549
v 26.711042 29.115479 68.350647
v 26.710917 29.112991 68.352295
v 26.710825 29.110378 68.353470
v 26.710768 29.107670 68.354164
v 26.710739 29.105530 68.354500
v 26.710711 29.103352 68.354797
v 26.710686 29.101149 68.355072
v 26.710665 29.098932 68.355301
v 26.710644 29.096710 68.355507
v 26.710627 29.094498 68.355675
v 26.710609 29.092302 68.355820
v 26.710596 29.090139 68.355934
v 26.710585 29.088015 68.356026
v 26.710575 29.085945 68.356094
v 26.710567 29.083937 68.356133
v 26.710560 29.082005 68.356155
v 26.710552 29.078520 68.356155
v 26.710548 29.075130 68.356094
v 26.710548 29.071863 68.355988
v 26.710550 29.068743 68.355850
v 26.710556 29.065794 68.355682
v 26.710562 29.063042 68.355499
v 26.710569 29.060513 68.355301
v 26.710579 29.058229 68.355110
v 26.710587 29.056219 68.354927
v 26.710594 29.054506 68.354767
v 26.710602 29.053116 68.354630
v 26.710606 29.052074 68.354523
v 26.710651 29.049425 68.353806
v 26.710730 29.046839 68.352646
v 26.710840 29.044346 68.351051
v 26.710981 29.041979 68.349022
v 26.711155 29.039766 68.346550
v 26.711361 29.037743 68.343658
v 26.711599 29.035938 68.340332
v 26.711868 29.034384 68.336586
v 26.712168 29.033112 68.332413
v 26.712500 29.032152 68.327820
v 26.712862 29.031540 68.322815
v 26.713255 29.031301 68.317390
v 26.713648 29.031458 68.311989
v 26.714012 29.031979 68.306999
v 26.714348 29.032843 68.302422
v 26.714653 29.034018 68.298256
v 26.714930 29.035480 68.294502
v 26.715178 29.037201 68.291168
v 26.715393 29.039154 68.288246
v 26.715580 29.041313 68.285751
v 26.715738 29.043648 68.283669
v 26.715864 29.046135 68.282013
v 26.715960 29.048746 68.280785
v 26.716024 29.051455 68.279984
v 26.706137 29.013161 68.414696
v 26.705936 29.018242 68.417603
v 26.705750 29.023279 68.420349
v 26.705574 29.028236 68.422928
v 26.705412 29.033081 68.425331
v 26.705261 29.037779 68.427567
v 26.705122 29.042294 68.429619
v 26.704994 29.046593 68.431503
v 26.704882 29.050640 68.433212
v 26.704779 29.054403 68.434746
v 26.704689 29.057848 68.436096
v 26.704611 29.060942 68.437271
v 26.704546 29.063644 68.438255
v 26.704483 29.063625 68.439125
v 26.704418 29.063608 68.440002
v 26.704353 29.063597 68.440895
v 26.704288 29.063589 68.441795
v 26.704222 29.063583 68.442719
v 26.704153 29.063581 68.443649
v 26.704086 29.063581 68.444588
v 26.704016 29.063583 68.445541
v 26.703945 29.063589 68.446503
v 26.703875 29.063593 68.447479
v 26.703804 29.063601 68.448463
v 26.703732 29.063606 68.449463
v 26.701487 29.063816 68.480331
v 26.701342 29.013721 68.480659
v 26.699829 29.013863 68.501465
v 26.700216 29.147293 68.500595
v 26.703434 29.146994 68.456345
v 26.703621 29.146973 68.453773
v 26.703804 29.146938 68.451256
v 26.703983 29.146894 68.448799
v 26.704157 29.146837 68.446396
v 26.704327 29.146767 68.444069
v 26.704491 29.146681 68.441803
v 26.704649 29.146580 68.439606
v 26.704803 29.146460 68.437492
v 26.704952 29.146320 68.435448
v 26.705093 29.146164 68.433495
v 26.705229 29.145985 68.431618
v 26.705359 29.145782 68.429832
v 26.705778 29.144798 68.424034
v 26.706150 29.143402 68.418861
v 26.706480 29.141582 68.414284
v 26.706764 29.139317 68.410286
v 26.707008 29.136589 68.406837
v 26.707212 29.133385 68.403931
v 26.707376 29.129684 68.401535
v 26.707506 29.125471 68.399628
v 26.707598 29.120728 68.398193
v 26.707657 29.115437 68.397202
v 26.707684 29.109579 68.396645
v 26.707680 29.103142 68.396492
v 26.707655 29.098112 68.396667
v 26.707611 29.093452 68.397110
v 26.707548 29.089157 68.397827
v 26.707466 29.085224 68.398827
v 26.707363 29.081644 68.400108
v 26.707243 29.078415 68.401672
v 26.707100 29.075533 68.403534
v 26.706938 29.072990 68.405685
v 26.706753 29.070786 68.408142
v 26.706549 29.068913 68.410889
v 26.706322 29.067366 68.413948
v 26.706074 29.066141 68.417320
v 26.706085 29.065735 68.417145
v 26.706099 29.065325 68.416969
v 26.706110 29.064909 68.416786
v 26.706121 29.064487 68.416603
v 26.706135 29.064060 68.416412
v 26.706148 29.063625 68.416222
v 26.706161 29.063183 68.416023
v 26.706175 29.062733 68.415817
v 26.706190 29.062275 68.415604
v 26.706203 29.061810 68.415390
v 26.706219 29.061335 68.415176
v 26.706234 29.060850 68.414955
v 26.706316 29.058037 68.413719
v 26.706408 29.055000 68.412369
v 26.706507 29.051744 68.410896
v 26.706615 29.048271 68.409286
v 26.706734 29.044582 68.407524
v 26.706865 29.040684 68.405594
v 26.707008 29.036575 68.403481
v 26.707165 29.032259 68.401184
v 26.707336 29.027742 68.398674
v 26.707523 29.023022 68.395943
v 26.707727 29.018105 68.392982
v 26.707949 29.012991 68.389771
v 26.705898 29.088085 68.420464
v 26.705935 29.088688 68.419998
v 26.705969 29.089422 68.419548
v 26.706003 29.090294 68.419121
v 26.706034 29.091316 68.418724
v 26.706062 29.092499 68.418358
v 26.706089 29.093851 68.418037
v 26.706114 29.095385 68.417755
v 26.706135 29.097107 68.417526
v 26.706152 29.099028 68.417351
v 26.706165 29.101160 68.417236
v 26.706175 29.103512 68.417191
v 26.706179 29.108450 68.417305
v 26.706156 29.112598 68.417770
v 26.706099 29.116022 68.418655
v 26.706007 29.118793 68.420021
v 26.705872 29.120983 68.421944
v 26.705692 29.122662 68.424477
v 26.705460 29.123898 68.427704
v 26.705173 29.124762 68.431686
v 26.704824 29.125324 68.436485
v 26.704412 29.125654 68.442169
v 26.703930 29.125824 68.448814
v 26.703373 29.125902 68.456490
v 26.701668 29.126060 68.479927
v 26.701548 29.084908 68.480194
v 26.703793 29.084700 68.449326
v 26.704077 29.084684 68.445412
v 26.704340 29.084702 68.441795
v 26.704582 29.084755 68.438461
v 26.704803 29.084846 68.435417
v 26.705006 29.084984 68.432655
v 26.705187 29.085171 68.430168
v 26.705347 29.085413 68.427963
v 26.705488 29.085712 68.426025
v 26.705610 29.086077 68.424362
v 26.705713 29.086512 68.422966
v 26.705797 29.087017 68.421829
v 26.705862 29.087603 68.420952
v 26.698536 29.094894 68.521965
v 26.698418 29.087236 68.523323
v 26.698246 29.080986 68.525490
v 26.698019 29.076004 68.528427
v 26.697744 29.072144 68.532089
v 26.697420 29.069267 68.536438
v 26.697052 29.067230 68.541428
v 26.696644 29.065893 68.547012
v 26.696194 29.065111 68.553162
v 26.695709 29.064743 68.559830
v 26.695189 29.064648 68.566971
v 26.694639 29.064682 68.574539
v 26.692345 29.064896 68.606094
v 26.692198 29.014687 68.606422
v 26.690670 29.014828 68.627457
v 26.691057 29.148146 68.626587
v 26.694614 29.147816 68.577652
v 26.695179 29.147738 68.569893
v 26.695719 29.147512 68.562477
v 26.696226 29.146988 68.555473
v 26.696697 29.146015 68.548943
v 26.697130 29.144445 68.542961
v 26.697515 29.142128 68.537575
v 26.697851 29.138910 68.532852
v 26.698132 29.134645 68.528862
v 26.698349 29.129183 68.525665
v 26.698503 29.122370 68.523323
v 26.698587 29.114059 68.521896
v 26.698595 29.104101 68.521461
v 26.697081 29.109243 68.542458
v 26.697063 29.113279 68.542831
v 26.697018 29.116644 68.543571
v 26.696936 29.119396 68.544777
v 26.696814 29.121599 68.546524
v 26.696646 29.123318 68.548912
v 26.696423 29.124609 68.552025
v 26.696140 29.125538 68.555946
v 26.695791 29.126167 68.560760
v 26.695370 29.126554 68.566559
v 26.694872 29.126766 68.573425
v 26.694288 29.126862 68.581451
v 26.692526 29.127026 68.605690
v 26.692406 29.085873 68.605957
v 26.694700 29.085659 68.574402
v 26.694847 29.085646 68.572380
v 26.694990 29.085636 68.570419
v 26.695127 29.085630 68.568527
v 26.695259 29.085632 68.566696
v 26.695389 29.085646 68.564934
v 26.695511 29.085670 68.563240
v 26.695631 29.085709 68.561607
v 26.695745 29.085766 68.560036
v 26.695854 29.085842 68.558533
v 26.695959 29.085941 68.557091
v 26.696060 29.086063 68.555710
v 26.696157 29.086212 68.554390
v 26.696297 29.086479 68.552475
v 26.696424 29.086821 68.550728
v 26.696541 29.087284 68.549149
v 26.696644 29.087912 68.547737
v 26.696737 29.088753 68.546494
v 26.696817 29.089848 68.545418
v 26.696888 29.091248 68.544510
v 26.696945 29.092993 68.543755
v 26.696995 29.095131 68.543175
v 26.697031 29.097708 68.542747
v 26.697058 29.100769 68.542480
v 26.697075 29.104359 68.542381
v 26.697075 29.104473 68.542381
v 26.698536 29.094894 68.521965
v 26.738430 29.094797 68.524864
v 26.698418 29.087236 68.523323
v 26.738312 29.087139 68.526222
v 26.698246 29.080986 68.525490
v 26.738140 29.080889 68.528389
v 26.698019 29.076004 68.528427
v 26.737913 29.075907 68.531326
v 26.697744 29.072144 68.532089
v 26.737638 29.072046 68.534988
v 26.697420 29.069267 68.536438
v 26.737316 29.069170 68.539337
v 26.697052 29.067230 68.541428
v 26.736948 29.067133 68.544327
v 26.696644 29.065893 68.547012
v 26.736538 29.065796 68.549919
v 26.696194 29.065111 68.553162
v 26.736090 29.065014 68.556061
v 26.695709 29.064743 68.559830
v 26.735603 29.064646 68.562729
v 26.695189 29.064648 68.566971
v 26.735085 29.064550 68.569870
v 26.694639 29.064682 68.574539
v 26.734533 29.064585 68.577438
v 26.692345 29.064896 68.606094
v 26.732239 29.064798 68.608994
v 26.692198 29.014687 68.606422
v 26.732094 29.014589 68.609322
v 26.690670 29.014828 68.627457
v 26.730564 29.014730 68.630363
v 26.691057 29.148146 68.626587
v 26.730953 29.148048 68.629486
v 26.694614 29.147816 68.577652
v 26.734510 29.147718 68.580551
v 26.695179 29.147738 68.569893
v 26.735073 29.147640 68.572792
v 26.695719 29.147512 68.562477
v 26.735613 29.147415 68.565376
v 26.696226 29.146988 68.555473
v 26.736120 29.146891 68.558372
v 26.696697 29.146015 68.548943
v 26.736593 29.145918 68.551849
v 26.697130 29.144445 68.542961
v 26.737024 29.144348 68.545860
v 26.697515 29.142128 68.537575
v 26.737410 29.142031 68.540474
v 26.697851 29.138910 68.532852
v 26.737745 29.138813 68.535751
v 26.698132 29.134645 68.528862
v 26.738026 29.134548 68.531761
v 26.698349 29.129183 68.525665
v 26.738245 29.129086 68.528564
v 26.698503 29.122370 68.523323
v 26.738398 29.122272 68.526222
v 26.698587 29.114059 68.521896
v 26.738482 29.113962 68.524803
v 26.698595 29.104101 68.521461
v 26.738489 29.104004 68.524361
v 26.697081 29.109243 68.542458
v 26.736975 29.109146 68.545364
v 26.697063 29.113279 68.542831
v 26.736958 29.113182 68.545731
v 26.697018 29.116644 68.543571
v 26.736912 29.116547 68.546471
v 26.696936 29.119396 68.544777
v 26.736832 29.119299 68.547676
v 26.696814 29.121599 68.546524
v 26.736710 29.121502 68.549431
v 26.696646 29.123318 68.548912
v 26.736540 29.123220 68.551819
v 26.696423 29.124609 68.552025
v 26.736317 29.124512 68.554924
v 26.696140 29.125538 68.555946
v 26.736034 29.125441 68.558846
v 26.695791 29.126167 68.560760
v 26.735685 29.126070 68.563660
v 26.695370 29.126554 68.566559
v 26.735264 29.126457 68.569458
v 26.694872 29.126766 68.573425
v 26.734766 29.126669 68.576324
v 26.694288 29.126862 68.581451
v 26.734182 29.126764 68.584351
v 26.692526 29.127026 68.605690
v 26.732420 29.126928 68.608589
v 26.692406 29.085873 68.605957
v 26.732300 29.085775 68.608856
v 26.694700 29.085659 68.574402
v 26.734594 29.085562 68.577301
v 26.694847 29.085646 68.572380
v 26.734741 29.085548 68.575279
v 26.694990 29.085636 68.570419
v 26.734884 29.085539 68.573318
v 26.695127 29.085630 68.568527
v 26.735022 29.085533 68.571426
v 26.695259 29.085632 68.566696
v 26.735155 29.085535 68.569603
v 26.695389 29.085646 68.564934
v 26.735283 29.085548 68.567841
v 26.695511 29.085670 68.563240
v 26.735407 29.085573 68.566139
v 26.695631 29.085709 68.561607
v 26.735525 29.085611 68.564507
v 26.695745 29.085766 68.560036
v 26.735640 29.085669 68.562935
v 26.695854 29.085842 68.558533
v 26.735748 29.085745 68.561432
v 26.695959 29.085941 68.557091
v 26.735855 29.085844 68.559990
v 26.696060 29.086063 68.555710
v 26.735954 29.085966 68.558609
v 26.696157 29.086212 68.554390
v 26.736052 29.086115 68.557289
v 26.696297 29.086479 68.552475
v 26.736191 29.086382 68.555374
v 26.696424 29.086821 68.550728
v 26.736319 29.086723 68.553627
v 26.696541 29.087284 68.549149
v 26.736435 29.087187 68.552048
v 26.696644 29.087912 68.547737
v 26.736538 29.087814 68.550636
v 26.696737 29.088753 68.546494
v 26.736631 29.088655 68.549393
v 26.696817 29.089848 68.545418
v 26.736712 29.089750 68.548317
v 26.696888 29.091248 68.544510
v 26.736782 29.091150 68.547409
v 26.696945 29.092993 68.543755
v 26.736841 29.092896 68.546661
v 26.696995 29.095131 68.543175
v 26.736889 29.095034 68.546074
v 26.697031 29.097708 68.542747
v 26.736925 29.097610 68.545647
v 26.697058 29.100769 68.542480
v 26.736952 29.100672 68.545387
v 26.697075 29.104359 68.542381
v 26.736969 29.104261 68.545280
v 26.697075 29.104473 68.542381
v 26.736969 29.104376 68.545280
v 26.706137 29.013161 68.414696
v 26.746031 29.013063 68.417595
v 26.705936 29.018242 68.417603
v 26.745831 29.018145 68.420509
v 26.705750 29.023279 68.420349
v 26.745644 29.023182 68.423248
v 26.705574 29.028236 68.422928
v 26.745468 29.028139 68.425827
v 26.705412 29.033081 68.425331
v 26.745306 29.032984 68.428230
v 26.705261 29.037779 68.427567
v 26.745155 29.037682 68.430466
v 26.705122 29.042294 68.429619
v 26.745016 29.042196 68.432526
v 26.704994 29.046593 68.431503
v 26.744890 29.046495 68.434410
v 26.704882 29.050640 68.433212
v 26.744776 29.050543 68.436119
v 26.704779 29.054403 68.434746
v 26.744673 29.054306 68.437645
v 26.704689 29.057848 68.436096
v 26.744583 29.057751 68.438995
v 26.704611 29.060942 68.437271
v 26.744505 29.060844 68.440170
v 26.704546 29.063644 68.438255
v 26.744440 29.063547 68.441162
v 26.704483 29.063625 68.439125
v 26.744377 29.063528 68.442024
v 26.704418 29.063608 68.440002
v 26.744314 29.063511 68.442902
v 26.704353 29.063597 68.440895
v 26.744249 29.063499 68.443794
v 26.704288 29.063589 68.441795
v 26.744183 29.063492 68.444702
v 26.704222 29.063583 68.442719
v 26.744116 29.063486 68.445618
v 26.704153 29.063581 68.443649
v 26.744049 29.063484 68.446548
v 26.704086 29.063581 68.444588
v 26.743980 29.063484 68.447487
v 26.704016 29.063583 68.445541
v 26.743910 29.063486 68.448441
v 26.703945 29.063589 68.446503
v 26.743841 29.063492 68.449409
v 26.703875 29.063593 68.447479
v 26.743769 29.063496 68.450386
v 26.703804 29.063601 68.448463
v 26.743698 29.063503 68.451370
v 26.703732 29.063606 68.449463
v 26.743626 29.063509 68.452362
v 26.701487 29.063816 68.480331
v 26.741381 29.063719 68.483231
v 26.701342 29.013721 68.480659
v 26.741236 29.013624 68.483559
v 26.699829 29.013863 68.501465
v 26.739723 29.013765 68.504372
v 26.700216 29.147293 68.500595
v 26.740112 29.147196 68.503494
v 26.703434 29.146994 68.456345
v 26.743328 29.146896 68.459251
v 26.703621 29.146973 68.453773
v 26.743515 29.146875 68.456673
v 26.703804 29.146938 68.451256
v 26.743698 29.146841 68.454155
v 26.703983 29.146894 68.448799
v 26.743877 29.146797 68.451698
v 26.704157 29.146837 68.446396
v 26.744051 29.146740 68.449295
v 26.704327 29.146767 68.444069
v 26.744221 29.146669 68.446968
v 26.704491 29.146681 68.441803
v 26.744385 29.146584 68.444702
v 26.704649 29.146580 68.439606
v 26.744545 29.146481 68.442513
v 26.704803 29.146460 68.437492
v 26.744698 29.146362 68.440392
v 26.704952 29.146320 68.435448
v 26.744846 29.146223 68.438354
v 26.705093 29.146164 68.433495
v 26.744987 29.146067 68.436394
v 26.705229 29.145985 68.431618
v 26.745125 29.145887 68.434517
v 26.705359 29.145782 68.429832
v 26.745253 29.145685 68.432732
v 26.705778 29.144798 68.424034
v 26.745672 29.144701 68.426933
v 26.706150 29.143402 68.418861
v 26.746046 29.143305 68.421761
v 26.706480 29.141582 68.414284
v 26.746374 29.141485 68.417183
v 26.706764 29.139317 68.410286
v 26.746658 29.139219 68.413185
v 26.707008 29.136589 68.406837
v 26.746902 29.136492 68.409737
v 26.707212 29.133385 68.403931
v 26.747107 29.133287 68.406830
v 26.707376 29.129684 68.401535
v 26.747272 29.129587 68.404434
v 26.707506 29.125471 68.399628
v 26.747400 29.125374 68.402527
v 26.707598 29.120728 68.398193
v 26.747494 29.120630 68.401093
v 26.707657 29.115437 68.397202
v 26.747551 29.115339 68.400108
v 26.707684 29.109579 68.396645
v 26.747578 29.109482 68.399551
v 26.707680 29.103142 68.396492
v 26.747574 29.103045 68.399399
v 26.707655 29.098112 68.396667
v 26.747549 29.098015 68.399567
v 26.707611 29.093452 68.397110
v 26.747505 29.093355 68.400009
v 26.707548 29.089157 68.397827
v 26.747442 29.089060 68.400726
v 26.707466 29.085224 68.398827
v 26.747360 29.085127 68.401726
v 26.707363 29.081644 68.400108
v 26.747259 29.081547 68.403008
v 26.707243 29.078415 68.401672
v 26.747137 29.078318 68.404572
v 26.707100 29.075533 68.403534
v 26.746994 29.075436 68.406433
v 26.706938 29.072990 68.405685
v 26.746832 29.072893 68.408585
v 26.706753 29.070786 68.408142
v 26.746649 29.070688 68.411041
v 26.706549 29.068913 68.410889
v 26.746443 29.068815 68.413795
v 26.706322 29.067366 68.413948
v 26.746218 29.067268 68.416855
v 26.706074 29.066141 68.417320
v 26.745970 29.066044 68.420219
v 26.706085 29.065735 68.417145
v 26.745981 29.065638 68.420044
v 26.706099 29.065325 68.416969
v 26.745993 29.065228 68.419868
v 26.706110 29.064909 68.416786
v 26.746004 29.064812 68.419693
v 26.706121 29.064487 68.416603
v 26.746017 29.064390 68.419502
v 26.706135 29.064060 68.416412
v 26.746029 29.063963 68.419312
v 26.706148 29.063625 68.416222
v 26.746042 29.063528 68.419121
v 26.706161 29.063183 68.416023
v 26.746056 29.063086 68.418922
v 26.706175 29.062733 68.415817
v 26.746071 29.062635 68.418716
v 26.706190 29.062275 68.415604
v 26.746084 29.062178 68.418510
v 26.706203 29.061810 68.415390
v 26.746098 29.061712 68.418297
v 26.706219 29.061335 68.415176
v 26.746113 29.061237 68.418076
v 26.706234 29.060850 68.414955
v 26.746128 29.060753 68.417854
v 26.706316 29.058037 68.413719
v 26.746212 29.057940 68.416618
v 26.706408 29.055000 68.412369
v 26.746302 29.054903 68.415268
v 26.706507 29.051744 68.410896
v 26.746401 29.051647 68.413803
v 26.706615 29.048271 68.409286
v 26.746510 29.048174 68.412186
v 26.706734 29.044582 68.407524
v 26.746628 29.044485 68.410423
v 26.706865 29.040684 68.405594
v 26.746759 29.040586 68.408493
v 26.707008 29.036575 68.403481
v 26.746902 29.036478 68.406387
v 26.707165 29.032259 68.401184
v 26.747059 29.032162 68.404083
v 26.707336 29.027742 68.398674
v 26.747231 29.027645 68.401573
v 26.707523 29.023022 68.395943
v 26.747417 29.022924 68.398842
v 26.707727 29.018105 68.392982
v 26.747622 29.018007 68.395882
v 26.707949 29.012991 68.389771
v 26.747843 29.012894 68.392670
v 26.705898 29.088085 68.420464
v 26.745794 29.087988 68.423370
v 26.705935 29.088688 68.419998
v 26.745829 29.088591 68.422897
v 26.705969 29.089422 68.419548
v 26.745863 29.089325 68.422447
v 26.706003 29.090294 68.419121
v 26.745897 29.090197 68.422020
v 26.706034 29.091316 68.418724
v 26.745928 29.091219 68.421623
v 26.706062 29.092499 68.418358
v 26.745958 29.092402 68.421257
v 26.706089 29.093851 68.418037
v 26.745985 29.093754 68.420937
v 26.706114 29.095385 68.417755
v 26.746008 29.095287 68.420654
v 26.706135 29.097107 68.417526
v 26.746029 29.097010 68.420425
v 26.706152 29.099028 68.417351
v 26.746046 29.098930 68.420250
v 26.706165 29.101160 68.417236
v 26.746059 29.101063 68.420135
v 26.706175 29.103512 68.417191
v 26.746069 29.103415 68.420090
v 26.706179 29.108450 68.417305
v 26.746073 29.108353 68.420204
v 26.706156 29.112598 68.417770
v 26.746050 29.112501 68.420670
v 26.706099 29.116022 68.418655
v 26.745993 29.115925 68.421555
v 26.706007 29.118793 68.420021
v 26.745901 29.118696 68.422920
v 26.705872 29.120983 68.421944
v 26.745768 29.120886 68.424843
v 26.705692 29.122662 68.424477
v 26.745586 29.122564 68.427383
v 26.705460 29.123898 68.427704
v 26.745356 29.123800 68.430603
v 26.705173 29.124762 68.431686
v 26.745068 29.124664 68.434586
v 26.704824 29.125324 68.436485
v 26.744720 29.125227 68.439384
v 26.704412 29.125654 68.442169
v 26.744307 29.125557 68.445076
v 26.703930 29.125824 68.448814
v 26.743824 29.125727 68.451721
v 26.703373 29.125902 68.456490
v 26.743267 29.125805 68.459389
v 26.701668 29.126060 68.479927
v 26.741564 29.125963 68.482826
v 26.701548 29.084908 68.480194
v 26.741444 29.084810 68.483093
v 26.703793 29.084700 68.449326
v 26.743687 29.084602 68.452225
v 26.704077 29.084684 68.445412
v 26.743971 29.084587 68.448311
v 26.704340 29.084702 68.441795
v 26.744234 29.084604 68.444695
v 26.704582 29.084755 68.438461
v 26.744476 29.084658 68.441360
v 26.704803 29.084846 68.435417
v 26.744699 29.084749 68.438316
v 26.705006 29.084984 68.432655
v 26.744900 29.084887 68.435555
v 26.705187 29.085171 68.430168
v 26.745081 29.085073 68.433067
v 26.705347 29.085413 68.427963
v 26.745241 29.085316 68.430862
v 26.705488 29.085712 68.426025
v 26.745384 29.085615 68.428925
v 26.705610 29.086077 68.424362
v 26.745506 29.085979 68.427261
v 26.705713 29.086512 68.422966
v 26.745607 29.086414 68.425865
v 26.705797 29.087017 68.421829
v 26.745691 29.086920 68.424728
v 26.705862 29.087603 68.420952
v 26.745758 29.087505 68.423851
v 26.717743 29.077147 68.257217
v 26.757637 29.077049 68.260117
v 26.717724 29.073137 68.257347
v 26.757618 29.073040 68.260246
v 26.717701 29.069332 68.257530
v 26.757595 29.069235 68.260429
v 26.717676 29.065758 68.257751
v 26.757570 29.065660 68.260658
v 26.717649 29.062439 68.258003
v 26.757544 29.062342 68.260902
v 26.717623 29.059404 68.258263
v 26.757519 29.059307 68.261162
v 26.717598 29.056677 68.258522
v 26.757492 29.056580 68.261421
v 26.717575 29.054283 68.258766
v 26.757469 29.054186 68.261665
v 26.717554 29.052250 68.258980
v 26.757448 29.052153 68.261879
v 26.717537 29.050602 68.259148
v 26.757433 29.050505 68.262047
v 26.717525 29.049364 68.259262
v 26.757421 29.049267 68.262161
v 26.717522 29.048563 68.259308
v 26.757416 29.048466 68.262207
v 26.717417 29.042904 68.260551
v 26.757311 29.042807 68.263451
v 26.717257 29.037621 68.262581
v 26.757151 29.037523 68.265488
v 26.717043 29.032738 68.265366
v 26.756937 29.032640 68.268265
v 26.716778 29.028278 68.268852
v 26.756672 29.028181 68.271751
v 26.716465 29.024263 68.273010
v 26.756361 29.024166 68.275909
v 26.716108 29.020718 68.277794
v 26.756004 29.020620 68.280701
v 26.715710 29.017662 68.283173
v 26.755606 29.017565 68.286072
v 26.715273 29.015121 68.289101
v 26.755167 29.015024 68.292000
v 26.714800 29.013117 68.295540
v 26.754694 29.013020 68.298439
v 26.714294 29.011673 68.302444
v 26.754189 29.011576 68.305351
v 26.713758 29.010811 68.309792
v 26.753653 29.010714 68.312691
v 26.713196 29.010553 68.317520
v 26.753090 29.010456 68.320427
v 26.712645 29.010904 68.325111
v 26.752539 29.010807 68.328011
v 26.712120 29.011837 68.332344
v 26.752016 29.011740 68.335243
v 26.711628 29.013338 68.339180
v 26.751522 29.013241 68.342087
v 26.711168 29.015388 68.345573
v 26.751062 29.015291 68.348480
v 26.710745 29.017975 68.351479
v 26.750639 29.017878 68.354378
v 26.710361 29.021080 68.356842
v 26.750256 29.020983 68.359741
v 26.710024 29.024687 68.361626
v 26.749918 29.024590 68.364525
v 26.709732 29.028780 68.365776
v 26.749626 29.028683 68.368675
v 26.709490 29.033344 68.369247
v 26.749384 29.033247 68.372147
v 26.709303 29.038361 68.371986
v 26.749197 29.038263 68.374893
v 26.709173 29.043816 68.373962
v 26.749067 29.043718 68.376869
v 26.709103 29.049690 68.375122
v 26.748997 29.049593 68.378021
v 26.709103 29.050726 68.375153
v 26.748997 29.050629 68.378052
v 26.709099 29.052151 68.375252
v 26.748995 29.052053 68.378151
v 26.709093 29.053940 68.375397
v 26.748987 29.053843 68.378296
v 26.709085 29.056067 68.375580
v 26.748980 29.055969 68.378487
v 26.709076 29.058506 68.375793
v 26.748970 29.058409 68.378693
v 26.709066 29.061232 68.376015
v 26.748960 29.061134 68.378922
v 26.709057 29.064219 68.376236
v 26.748951 29.064121 68.379143
v 26.709049 29.067438 68.376442
v 26.748943 29.067341 68.379349
v 26.709045 29.070868 68.376625
v 26.748940 29.070770 68.379524
v 26.709044 29.074480 68.376762
v 26.748940 29.074383 68.379662
v 26.709047 29.078247 68.376839
v 26.748941 29.078150 68.379738
v 26.709057 29.082146 68.376854
v 26.748951 29.082048 68.379753
v 26.709064 29.084484 68.376823
v 26.748959 29.084387 68.379723
v 26.709074 29.086855 68.376770
v 26.748968 29.086758 68.379677
v 26.709085 29.089252 68.376694
v 26.748980 29.089155 68.379593
v 26.709099 29.091671 68.376595
v 26.748993 29.091574 68.379494
v 26.709114 29.094103 68.376457
v 26.749008 29.094006 68.379364
v 26.709131 29.096542 68.376297
v 26.749025 29.096445 68.379204
v 26.709150 29.098986 68.376114
v 26.749044 29.098888 68.379013
v 26.709173 29.101423 68.375893
v 26.749067 29.101326 68.378799
v 26.709196 29.103851 68.375648
v 26.749090 29.103754 68.378548
v 26.709223 29.106264 68.375374
v 26.749117 29.106167 68.378273
v 26.709251 29.108656 68.375061
v 26.749146 29.108559 68.377960
v 26.709282 29.111019 68.374718
v 26.749176 29.110922 68.377617
v 26.709396 29.116604 68.373322
v 26.749290 29.116507 68.376221
v 26.709566 29.121832 68.371170
v 26.749460 29.121735 68.374077
v 26.709785 29.126678 68.368309
v 26.749680 29.126581 68.371208
v 26.710054 29.131119 68.364769
v 26.749949 29.131021 68.367676
v 26.710367 29.135128 68.360596
v 26.750261 29.135031 68.363495
v 26.710724 29.138676 68.355812
v 26.750618 29.138578 68.358719
v 26.711119 29.141743 68.350471
v 26.751015 29.141645 68.353371
v 26.711552 29.144299 68.344604
v 26.751448 29.144201 68.347504
v 26.712019 29.146318 68.338249
v 26.751915 29.146221 68.341148
v 26.712519 29.147779 68.331436
v 26.752413 29.147682 68.334343
v 26.713045 29.148653 68.324219
v 26.752939 29.148556 68.327118
v 26.713598 29.148914 68.316620
v 26.753492 29.148817 68.319519
v 26.714174 29.148544 68.308678
v 26.754070 29.148447 68.311577
v 26.714714 29.147560 68.301231
v 26.754608 29.147463 68.304131
v 26.715214 29.145990 68.294296
v 26.755110 29.145893 68.297195
v 26.715673 29.143867 68.287903
v 26.755569 29.143770 68.290802
v 26.716093 29.141218 68.282066
v 26.755987 29.141121 68.284966
v 26.716467 29.138071 68.276817
v 26.756361 29.137974 68.279716
v 26.716795 29.134455 68.272171
v 26.756689 29.134357 68.275070
v 26.717077 29.130398 68.268158
v 26.756971 29.130301 68.271057
v 26.717310 29.125931 68.264801
v 26.757204 29.125834 68.267700
v 26.717493 29.121080 68.262123
v 26.757387 29.120983 68.265022
v 26.717625 29.115879 68.260147
v 26.757519 29.115782 68.263054
v 26.717701 29.110350 68.258904
v 26.757595 29.110252 68.261803
v 26.717720 29.107935 68.258568
v 26.757614 29.107838 68.261467
v 26.717735 29.105507 68.258270
v 26.757629 29.105410 68.261177
v 26.717749 29.103071 68.258018
v 26.757643 29.102974 68.260918
v 26.717758 29.100634 68.257797
v 26.757652 29.100536 68.260704
v 26.717766 29.098192 68.257614
v 26.757660 29.098095 68.260521
v 26.717770 29.095753 68.257469
v 26.757664 29.095655 68.260368
v 26.717773 29.093319 68.257347
v 26.757668 29.093222 68.260246
v 26.717773 29.090893 68.257256
v 26.757668 29.090796 68.260162
v 26.717772 29.088478 68.257195
v 26.757666 29.088381 68.260094
v 26.717770 29.086079 68.257156
v 26.757664 29.085981 68.260056
v 26.717764 29.083696 68.257141
v 26.757658 29.083599 68.260040
v 26.717758 29.081335 68.257149
v 26.757652 29.081238 68.260048
v 26.716030 29.052502 68.279945
v 26.755924 29.052404 68.282845
v 26.716042 29.053856 68.279839
v 26.755936 29.053759 68.282738
v 26.716057 29.055496 68.279686
v 26.755951 29.055399 68.282585
v 26.716074 29.057404 68.279495
v 26.755970 29.057306 68.282402
v 26.716095 29.059563 68.279282
v 26.755989 29.059465 68.282188
v 26.716118 29.061953 68.279053
v 26.756012 29.061855 68.281960
v 26.716141 29.064554 68.278824
v 26.756035 29.064457 68.281731
v 26.716164 29.067350 68.278610
v 26.756058 29.067253 68.281509
v 26.716185 29.070322 68.278412
v 26.756079 29.070225 68.281311
v 26.716204 29.073450 68.278252
v 26.756100 29.073353 68.281151
v 26.716221 29.076715 68.278137
v 26.756115 29.076618 68.281036
v 26.716232 29.080101 68.278076
v 26.756128 29.080004 68.280983
v 26.716238 29.082100 68.278076
v 26.756132 29.082003 68.280983
v 26.716242 29.084190 68.278099
v 26.756136 29.084093 68.280998
v 26.716244 29.086361 68.278145
v 26.756138 29.086264 68.281044
v 26.716244 29.088594 68.278214
v 26.756138 29.088497 68.281113
v 26.716244 29.090879 68.278305
v 26.756138 29.090782 68.281204
v 26.716240 29.093201 68.278419
v 26.756134 29.093103 68.281326
v 26.716236 29.095547 68.278564
v 26.756130 29.095449 68.281464
v 26.716230 29.097904 68.278725
v 26.756124 29.097807 68.281624
v 26.716221 29.100258 68.278915
v 26.756117 29.100161 68.281815
v 26.716211 29.102594 68.279121
v 26.756107 29.102497 68.282021
v 26.716200 29.104902 68.279358
v 26.756096 29.104805 68.282257
v 26.716187 29.107166 68.279617
v 26.756083 29.107069 68.282516
v 26.716187 29.106937 68.279617
v 26.756081 29.106840 68.282516
v 26.716131 29.109661 68.280479
v 26.756025 29.109564 68.283386
v 26.716042 29.112301 68.281792
v 26.755936 29.112204 68.284691
v 26.715921 29.114830 68.283524
v 26.755816 29.114733 68.286430
v 26.715771 29.117218 68.285683
v 26.755665 29.117121 68.288582
v 26.715590 29.119438 68.288246
v 26.755484 29.119341 68.291153
v 26.715380 29.121460 68.291214
v 26.755274 29.121363 68.294113
v 26.715139 29.123255 68.294563
v 26.755033 29.123158 68.297470
v 26.714872 29.124794 68.298294
v 26.754766 29.124697 68.301193
v 26.714577 29.126049 68.302391
v 26.754473 29.125952 68.305290
v 26.714256 29.126991 68.306839
v 26.754150 29.126894 68.309738
v 26.713909 29.127592 68.311630
v 26.753803 29.127495 68.314529
v 26.713537 29.127823 68.316757
v 26.753431 29.127726 68.319656
v 26.713150 29.127666 68.322067
v 26.753044 29.127569 68.324966
v 26.712790 29.127146 68.327026
v 26.752684 29.127048 68.329926
v 26.712454 29.126282 68.331612
v 26.752348 29.126184 68.334511
v 26.712145 29.125107 68.335815
v 26.752039 29.125010 68.338715
v 26.711864 29.123646 68.339622
v 26.751759 29.123549 68.342522
v 26.711613 29.121925 68.343018
v 26.751507 29.121828 68.345924
v 26.711391 29.119972 68.346001
v 26.751286 29.119875 68.348900
v 26.711201 29.117813 68.348549
v 26.751095 29.117716 68.351448
v 26.711042 29.115479 68.350647
v 26.750937 29.115381 68.353554
v 26.710917 29.112991 68.352295
v 26.750811 29.112894 68.355194
v 26.710825 29.110378 68.353470
v 26.750719 29.110281 68.356369
v 26.710768 29.107670 68.354164
v 26.750662 29.107573 68.357063
v 26.710739 29.105530 68.354500
v 26.750633 29.105433 68.357399
v 26.710711 29.103352 68.354797
v 26.750607 29.103254 68.357704
v 26.710686 29.101149 68.355072
v 26.750582 29.101051 68.357971
v 26.710665 29.098932 68.355301
v 26.750559 29.098835 68.358200
v 26.710644 29.096710 68.355507
v 26.750538 29.096613 68.358406
v 26.710627 29.094498 68.355675
v 26.750521 29.094400 68.358574
v 26.710609 29.092302 68.355820
v 26.750505 29.092205 68.358719
v 26.710596 29.090139 68.355934
v 26.750490 29.090042 68.358833
v 26.710585 29.088015 68.356026
v 26.750479 29.087917 68.358925
v 26.710575 29.085945 68.356094
v 26.750469 29.085848 68.358994
v 26.710567 29.083937 68.356133
v 26.750462 29.083839 68.359039
v 26.710560 29.082005 68.356155
v 26.750454 29.081907 68.359062
v 26.710552 29.078520 68.356155
v 26.750446 29.078423 68.359055
v 26.710548 29.075130 68.356094
v 26.750443 29.075033 68.358994
v 26.710548 29.071863 68.355988
v 26.750443 29.071766 68.358887
v 26.710550 29.068743 68.355850
v 26.750444 29.068645 68.358749
v 26.710556 29.065794 68.355682
v 26.750450 29.065697 68.358582
v 26.710562 29.063042 68.355499
v 26.750456 29.062944 68.358398
v 26.710569 29.060513 68.355301
v 26.750465 29.060415 68.358208
v 26.710579 29.058229 68.355110
v 26.750473 29.058132 68.358009
v 26.710587 29.056219 68.354927
v 26.750481 29.056122 68.357826
v 26.710594 29.054506 68.354767
v 26.750488 29.054409 68.357666
v 26.710602 29.053116 68.354630
v 26.750496 29.053019 68.357529
v 26.710606 29.052074 68.354523
v 26.750500 29.051977 68.357430
v 26.710651 29.049425 68.353806
v 26.750546 29.049328 68.356705
v 26.710730 29.046839 68.352646
v 26.750624 29.046741 68.355553
v 26.710840 29.044346 68.351051
v 26.750734 29.044249 68.353951
v 26.710981 29.041979 68.349022
v 26.750877 29.041882 68.351921
v 26.711155 29.039766 68.346550
v 26.751051 29.039669 68.349457
v 26.711361 29.037743 68.343658
v 26.751255 29.037645 68.346558
v 26.711599 29.035938 68.340332
v 26.751493 29.035841 68.343231
v 26.711868 29.034384 68.336586
v 26.751762 29.034286 68.339485
v 26.712168 29.033112 68.332413
v 26.752062 29.033014 68.335312
v 26.712500 29.032152 68.327820
v 26.752394 29.032055 68.330719
v 26.712862 29.031540 68.322815
v 26.752756 29.031443 68.325714
v 26.713255 29.031301 68.317390
v 26.753151 29.031204 68.320290
v 26.713648 29.031458 68.311989
v 26.753544 29.031361 68.314888
v 26.714012 29.031979 68.306999
v 26.753908 29.031881 68.309898
v 26.714348 29.032843 68.302422
v 26.754242 29.032745 68.305321
v 26.714653 29.034018 68.298256
v 26.754549 29.033920 68.301155
v 26.714930 29.035480 68.294502
v 26.754826 29.035383 68.297401
v 26.715178 29.037201 68.291168
v 26.755072 29.037104 68.294067
v 26.715393 29.039154 68.288246
v 26.755289 29.039057 68.291145
v 26.715580 29.041313 68.285751
v 26.755476 29.041216 68.288651
v 26.715738 29.043648 68.283669
v 26.755632 29.043550 68.286575
v 26.715864 29.046135 68.282013
v 26.755758 29.046038 68.284920
v 26.715960 29.048746 68.280785
v 26.755854 29.048649 68.283684
v 26.716024 29.051455 68.279984
v 26.755919 29.051357 68.282883
v 26.725080 29.047207 68.155312
v 26.764975 29.047110 68.158211
v 26.725000 29.040010 68.156174
v 26.764894 29.039913 68.159073
v 26.724880 29.033684 68.157600
v 26.764774 29.033587 68.160500
v 26.724722 29.028189 68.159592
v 26.764616 29.028091 68.162491
v 26.724524 29.023487 68.162170
v 26.764418 29.023390 68.165070
v 26.724281 29.019541 68.165352
v 26.764177 29.019444 68.168259
v 26.723997 29.016314 68.169159
v 26.763893 29.016216 68.172058
v 26.723669 29.013767 68.173584
v 26.763563 29.013670 68.176491
v 26.723295 29.011862 68.178665
v 26.763189 29.011765 68.181564
v 26.722876 29.010563 68.184410
v 26.762770 29.010466 68.187309
v 26.722406 29.009832 68.190826
v 26.762300 29.009735 68.193726
v 26.721889 29.009630 68.197937
v 26.761784 29.009533 68.200836
v 26.721676 29.009693 68.200859
v 26.761570 29.009596 68.203758
v 26.721449 29.009844 68.203979
v 26.761345 29.009747 68.206879
v 26.721209 29.010080 68.207298
v 26.761103 29.009983 68.210197
v 26.720953 29.010405 68.210823
v 26.760849 29.010307 68.213722
v 26.720682 29.010818 68.214554
v 26.760578 29.010721 68.217461
v 26.720398 29.011316 68.218506
v 26.760292 29.011219 68.221405
v 26.720097 29.011904 68.222672
v 26.759991 29.011806 68.225571
v 26.719778 29.012579 68.227058
v 26.759672 29.012482 68.229958
v 26.719444 29.013340 68.231674
v 26.759338 29.013243 68.234573
v 26.719093 29.014191 68.236526
v 26.758989 29.014093 68.239426
v 26.718727 29.015127 68.241615
v 26.758621 29.015030 68.244514
v 26.718342 29.016151 68.246941
v 26.758236 29.016054 68.249840
v 26.718658 29.036762 68.243263
v 26.758554 29.036665 68.246162
v 26.719017 29.035831 68.238312
v 26.758911 29.035734 68.241211
v 26.719360 29.034946 68.233566
v 26.759254 29.034849 68.236465
v 26.719688 29.034115 68.229027
v 26.759583 29.034018 68.231926
v 26.719999 29.033342 68.224701
v 26.759895 29.033245 68.227608
v 26.720297 29.032633 68.220604
v 26.760191 29.032536 68.223503
v 26.720577 29.031998 68.216728
v 26.760471 29.031900 68.219627
v 26.720840 29.031439 68.213081
v 26.760735 29.031342 68.215981
v 26.721088 29.030964 68.209671
v 26.760983 29.030867 68.212570
v 26.721317 29.030581 68.206497
v 26.761211 29.030483 68.209404
v 26.721529 29.030294 68.203575
v 26.761423 29.030197 68.206474
v 26.721724 29.030111 68.200905
v 26.761618 29.030014 68.203804
v 26.721899 29.030039 68.198486
v 26.761793 29.029942 68.201385
v 26.722185 29.030134 68.194542
v 26.762081 29.030037 68.197441
v 26.722443 29.030497 68.191025
v 26.762337 29.030399 68.193932
v 26.722668 29.031158 68.187935
v 26.762564 29.031061 68.190834
v 26.722866 29.032145 68.185242
v 26.762760 29.032047 68.188148
v 26.723038 29.033491 68.182938
v 26.762932 29.033394 68.185837
v 26.723183 29.035223 68.180984
v 26.763079 29.035126 68.183891
v 26.723305 29.037374 68.179390
v 26.763199 29.037277 68.182289
v 26.723404 29.039972 68.178116
v 26.763298 29.039875 68.181015
v 26.723482 29.043051 68.177147
v 26.763376 29.042953 68.180046
v 26.723539 29.046635 68.176468
v 26.763435 29.046537 68.179367
v 26.723579 29.050758 68.176064
v 26.763474 29.050661 68.178963
v 26.723602 29.055450 68.175911
v 26.763496 29.055353 68.178810
v 26.723803 29.124001 68.175461
v 26.763697 29.123903 68.178360
v 26.721466 29.124218 68.207588
v 26.761360 29.124121 68.210487
v 26.721527 29.145311 68.207451
v 26.761423 29.145214 68.210350
v 26.725384 29.144722 68.154404
v 26.765278 29.144625 68.157303
v 26.725122 29.055309 68.154991
v 26.765018 29.055212 68.157890
v 26.728470 29.088366 68.110069
v 26.768364 29.088268 68.112968
v 26.733690 29.087879 68.038269
v 26.773584 29.087782 68.041168
v 26.733629 29.067017 68.038406
v 26.773523 29.066919 68.041306
v 26.728409 29.067501 68.110199
v 26.768303 29.067404 68.113106
v 26.728306 29.032196 68.110435
v 26.768202 29.032099 68.113335
v 26.734024 29.031664 68.031776
v 26.773920 29.031567 68.034676
v 26.733963 29.010799 68.031914
v 26.773859 29.010702 68.034813
v 26.726725 29.011475 68.131493
v 26.766619 29.011377 68.134392
v 26.727114 29.144791 68.130623
v 26.767008 29.144693 68.133522
v 26.734352 29.144117 68.031036
v 26.774246 29.144020 68.033936
v 26.734291 29.123255 68.031174
v 26.774187 29.123158 68.034073
v 26.728573 29.123787 68.109833
v 26.768467 29.123690 68.112732
v 26.743683 29.019527 67.898537
v 26.783577 29.019430 67.901436
v 26.743307 29.017733 67.903656
v 26.783201 29.017635 67.906555
v 26.742941 29.016113 67.908630
v 26.782835 29.016016 67.911530
v 26.742586 29.014669 67.913467
v 26.782480 29.014572 67.916367
v 26.742241 29.013393 67.918167
v 26.782135 29.013296 67.921066
v 26.741907 29.012285 67.922729
v 26.781801 29.012188 67.925629
v 26.741583 29.011337 67.927147
v 26.781477 29.011240 67.930046
v 26.741270 29.010551 67.931427
v 26.781164 29.010454 67.934326
v 26.740967 29.009918 67.935570
v 26.780861 29.009821 67.938469
v 26.740675 29.009439 67.939575
v 26.780569 29.009342 67.942474
v 26.740393 29.009108 67.943436
v 26.780287 29.009010 67.946335
v 26.740122 29.008921 67.947159
v 26.780016 29.008823 67.950058
v 26.739861 29.008875 67.950745
v 26.779757 29.008778 67.953644
v 26.739305 29.009249 67.958397
v 26.779200 29.009151 67.961296
v 26.738779 29.010248 67.965668
v 26.778673 29.010151 67.968567
v 26.738285 29.011841 67.972519
v 26.778179 29.011744 67.975418
v 26.737825 29.014000 67.978905
v 26.777721 29.013903 67.981804
v 26.737406 29.016697 67.984779
v 26.777300 29.016600 67.987686
v 26.737024 29.019903 67.990120
v 26.776920 29.019806 67.993019
v 26.736689 29.023590 67.994873
v 26.776583 29.023493 67.997772
v 26.736399 29.027731 67.999001
v 26.776293 29.027634 68.001900
v 26.736158 29.032293 68.002464
v 26.776052 29.032196 68.005363
v 26.735970 29.037252 68.005219
v 26.775864 29.037155 68.008118
v 26.735836 29.042578 68.007233
v 26.775730 29.042480 68.010132
v 26.735762 29.048243 68.008453
v 26.775656 29.048145 68.011360
v 26.735756 29.049038 68.008537
v 26.775652 29.048941 68.011436
v 26.735750 29.050264 68.008667
v 26.775644 29.050167 68.011566
v 26.735743 29.051893 68.008835
v 26.775637 29.051796 68.011734
v 26.735733 29.053902 68.009026
v 26.775627 29.053804 68.011925
v 26.735723 29.056263 68.009232
v 26.775618 29.056166 68.012131
v 26.735716 29.058954 68.009445
v 26.775610 29.058857 68.012344
v 26.735708 29.061947 68.009651
v 26.775602 29.061850 68.012550
v 26.735703 29.065218 68.009834
v 26.775597 29.065121 68.012733
v 26.735699 29.068743 68.009995
v 26.775593 29.068645 68.012894
v 26.735699 29.072495 68.010109
v 26.775595 29.072397 68.013016
v 26.735704 29.076450 68.010178
v 26.775599 29.076353 68.013084
v 26.735714 29.080582 68.010185
v 26.775608 29.080484 68.013092
v 26.735722 29.082851 68.010162
v 26.775616 29.082754 68.013062
v 26.735731 29.085178 68.010109
v 26.775625 29.085081 68.013008
v 26.735743 29.087553 68.010033
v 26.775637 29.087456 68.012932
v 26.735756 29.089964 68.009926
v 26.775650 29.089867 68.012825
v 26.735771 29.092396 68.009796
v 26.775665 29.092299 68.012695
v 26.735788 29.094835 68.009636
v 26.775682 29.094738 68.012535
v 26.735807 29.097275 68.009453
v 26.775703 29.097178 68.012352
v 26.735830 29.099699 68.009232
v 26.775724 29.099602 68.012131
v 26.735853 29.102095 68.008987
v 26.775747 29.101997 68.011887
v 26.735880 29.104452 68.008705
v 26.775774 29.104355 68.011612
v 26.735907 29.106756 68.008400
v 26.775803 29.106659 68.011299
v 26.735937 29.108997 68.008057
v 26.775833 29.108900 68.010956
v 26.736048 29.114588 68.006737
v 26.775942 29.114491 68.009636
v 26.736214 29.119829 68.004639
v 26.776108 29.119732 68.007538
v 26.736431 29.124695 68.001808
v 26.776325 29.124598 68.004707
v 26.736698 29.129158 67.998276
v 26.776592 29.129061 68.001183
v 26.737013 29.133192 67.994095
v 26.776907 29.133095 67.996994
v 26.737370 29.136770 67.989296
v 26.777264 29.136673 67.992195
v 26.737768 29.139864 67.983917
v 26.777662 29.139767 67.986816
v 26.738205 29.142447 67.978004
v 26.778099 29.142349 67.980904
v 26.738676 29.144491 67.971581
v 26.778570 29.144394 67.974487
v 26.739180 29.145969 67.964706
v 26.779076 29.145872 67.967606
v 26.739714 29.146854 67.957405
v 26.779608 29.146757 67.960304
v 26.740273 29.147121 67.949722
v 26.780167 29.147024 67.952629
v 26.740530 29.147028 67.946167
v 26.780426 29.146931 67.949066
v 26.740799 29.146790 67.942467
v 26.780693 29.146692 67.945366
v 26.741077 29.146406 67.938629
v 26.780972 29.146309 67.941528
v 26.741365 29.145872 67.934647
v 26.781260 29.145775 67.937546
v 26.741663 29.145185 67.930527
v 26.781559 29.145088 67.933426
v 26.741972 29.144341 67.926262
v 26.781866 29.144243 67.929161
v 26.742289 29.143333 67.921860
v 26.782185 29.143236 67.924759
v 26.742617 29.142164 67.917320
v 26.782511 29.142067 67.920219
v 26.742954 29.140825 67.912643
v 26.782848 29.140728 67.915543
v 26.743299 29.139315 67.907822
v 26.783195 29.139217 67.910728
v 26.743656 29.137629 67.902870
v 26.783550 29.137531 67.905769
v 26.744022 29.135765 67.897774
v 26.783916 29.135668 67.900681
v 26.743458 29.116095 67.904877
v 26.783352 29.115997 67.907784
v 26.743126 29.117764 67.909500
v 26.783020 29.117666 67.912407
v 26.742805 29.119267 67.913963
v 26.782700 29.119169 67.916862
v 26.742496 29.120609 67.918259
v 26.782391 29.120512 67.921158
v 26.742199 29.121796 67.922394
v 26.782093 29.121698 67.925293
v 26.741911 29.122831 67.926369
v 26.781807 29.122734 67.929268
v 26.741636 29.123718 67.930183
v 26.781530 29.123621 67.933083
v 26.741371 29.124460 67.933846
v 26.781267 29.124363 67.936745
v 26.741117 29.125061 67.937355
v 26.781013 29.124964 67.940254
v 26.740875 29.125526 67.940704
v 26.780769 29.125429 67.943604
v 26.740643 29.125858 67.943909
v 26.780539 29.125761 67.946808
v 26.740421 29.126062 67.946960
v 26.780317 29.125965 67.949860
v 26.740211 29.126143 67.949860
v 26.780106 29.126045 67.952766
v 26.739819 29.125990 67.955269
v 26.779713 29.125893 67.958168
v 26.739452 29.125473 67.960274
v 26.779346 29.125376 67.963173
v 26.739115 29.124619 67.964882
v 26.779011 29.124521 67.967781
v 26.738808 29.123449 67.969078
v 26.778702 29.123352 67.971977
v 26.738527 29.121994 67.972870
v 26.778423 29.121897 67.975769
v 26.738279 29.120275 67.976242
v 26.778173 29.120178 67.979141
v 26.738060 29.118319 67.979195
v 26.777954 29.118221 67.982094
v 26.737869 29.116152 67.981720
v 26.777765 29.116055 67.984619
v 26.737711 29.113798 67.983818
v 26.777607 29.113701 67.986725
v 26.737585 29.111284 67.985489
v 26.777479 29.111187 67.988388
v 26.737490 29.108637 67.986710
v 26.777384 29.108540 67.989616
v 26.737425 29.105877 67.987495
v 26.777319 29.105780 67.990395
v 26.737400 29.103769 67.987762
v 26.777296 29.103672 67.990662
v 26.737377 29.101631 67.988007
v 26.777271 29.101534 67.990913
v 26.737356 29.099472 67.988243
v 26.777250 29.099375 67.991142
v 26.737335 29.097300 67.988457
v 26.777229 29.097202 67.991356
v 26.737314 29.095121 67.988647
v 26.777210 29.095024 67.991554
v 26.737297 29.092947 67.988823
v 26.777191 29.092850 67.991730
v 26.737280 29.090784 67.988976
v 26.777176 29.090687 67.991882
v 26.737267 29.088642 67.989113
v 26.777161 29.088545 67.992012
v 26.737253 29.086529 67.989220
v 26.777147 29.086432 67.992119
v 26.737242 29.084452 67.989296
v 26.777136 29.084354 67.992195
v 26.737232 29.082420 67.989349
v 26.777128 29.082321 67.992256
v 26.737226 29.080441 67.989380
v 26.777121 29.080343 67.992279
v 26.737219 29.076935 67.989372
v 26.777113 29.076838 67.992279
v 26.737213 29.073536 67.989319
v 26.777109 29.073439 67.992226
v 26.737213 29.070271 67.989227
v 26.777107 29.070173 67.992126
v 26.737215 29.067158 67.989098
v 26.777109 29.067060 67.991997
v 26.737219 29.064224 67.988945
v 26.777113 29.064127 67.991844
v 26.737225 29.061493 67.988777
v 26.777119 29.061396 67.991676
v 26.737230 29.058987 67.988594
v 26.777126 29.058889 67.991493
v 26.737238 29.056726 67.988419
v 26.777134 29.056629 67.991318
v 26.737246 29.054737 67.988243
v 26.777142 29.054640 67.991150
v 26.737253 29.053041 67.988091
v 26.777147 29.052944 67.990990
v 26.737259 29.051662 67.987961
v 26.777155 29.051565 67.990860
v 26.737265 29.050625 67.987862
v 26.777159 29.050528 67.990761
v 26.737318 29.047903 67.987030
v 26.777212 29.047806 67.989929
v 26.737404 29.045269 67.985764
v 26.777298 29.045172 67.988663
v 26.737520 29.042751 67.984062
v 26.777416 29.042654 67.986961
v 26.737669 29.040375 67.981941
v 26.777563 29.040277 67.984840
v 26.737848 29.038168 67.979408
v 26.777742 29.038071 67.982307
v 26.738058 29.036161 67.976463
v 26.777952 29.036064 67.979362
v 26.738297 29.034380 67.973114
v 26.778191 29.034283 67.976021
v 26.738565 29.032854 67.969376
v 26.778460 29.032757 67.972275
v 26.738861 29.031610 67.965248
v 26.778757 29.031513 67.968147
v 26.739187 29.030678 67.960739
v 26.779081 29.030581 67.963638
v 26.739540 29.030083 67.955856
v 26.779436 29.029985 67.958755
v 26.739922 29.029854 67.950607
v 26.779818 29.029757 67.953506
v 26.740135 29.029896 67.947670
v 26.780029 29.029799 67.950577
v 26.740360 29.030064 67.944588
v 26.780254 29.029966 67.947487
v 26.740597 29.030361 67.941345
v 26.780491 29.030264 67.944244
v 26.740845 29.030790 67.937950
v 26.780739 29.030693 67.940857
v 26.741104 29.031353 67.934410
v 26.780998 29.031256 67.937309
v 26.741375 29.032055 67.930710
v 26.781269 29.031958 67.933617
v 26.741655 29.032894 67.926865
v 26.781551 29.032797 67.929771
v 26.741949 29.033876 67.922867
v 26.781843 29.033779 67.925774
v 26.742252 29.035006 67.918724
v 26.782148 29.034908 67.921623
v 26.742569 29.036282 67.914429
v 26.782463 29.036184 67.917328
v 26.742895 29.037710 67.909981
v 26.782789 29.037613 67.912880
v 26.743233 29.039291 67.905380
v 26.783129 29.039194 67.908287
v 26.752560 29.121553 67.779877
v 26.792456 29.121456 67.782776
v 26.749376 29.121851 67.823662
v 26.789272 29.121754 67.826561
v 26.749050 29.009396 67.824402
v 26.788944 29.009298 67.827301
v 26.747536 29.009537 67.845207
v 26.787432 29.009439 67.848106
v 26.747864 29.121992 67.844475
v 26.787760 29.121895 67.847374
v 26.744648 29.122290 67.888718
v 26.784542 29.122192 67.891617
v 26.744709 29.143269 67.888580
v 26.784603 29.143171 67.891479
v 26.752621 29.142532 67.779739
v 26.792517 29.142435 67.782639
vn 0.9974 -0.0024 0.0725
vn -0.9974 0.0024 -0.0725
vn -0.9974 0.0024 -0.0726
vn 0.0718 -0.1154 -0.9907
vn 0.0696 -0.2527 -0.9650
vn 0.0648 -0.4208 -0.9048
vn 0.0564 -0.6030 -0.7958
vn 0.0447 -0.7669 -0.6402
vn 0.0317 -0.8847 -0.4651
vn 0.0198 -0.9522 -0.3049
vn 0.0106 -0.9838 -0.1790
vn 0.0041 -0.9959 -0.0904
vn 0.0001 -0.9994 -0.0342
vn -0.0021 -1.0000 -0.0045
vn -0.0028 -1.0000 0.0055
vn 0.0492 -0.7119 -0.7006
vn -0.0533 -0.7023 0.7099
vn -0.0492 0.7119 0.7006
vn 0.0030 1.0000 -0.0082
vn 0.0039 0.9998 -0.0199
vn 0.0062 0.9986 -0.0521
vn 0.0104 0.9938 -0.1103
vn 0.0169 0.9797 -0.1996
vn 0.0258 0.9458 -0.3237
vn 0.0370 0.8769 -0.4792
vn 0.0490 0.7601 -0.6479
vn 0.0595 0.5988 -0.7987
vn 0.0669 0.4180 -0.9060
vn 0.0709 0.2483 -0.9661
vn 0.0724 0.1069 -0.9916
vn 0.0725 -0.0055 -0.9974
vn -0.0725 -0.0539 0.9959
vn -0.0720 -0.1538 0.9855
vn -0.0697 -0.3102 0.9481
vn -0.0633 -0.5167 0.8538
vn -0.0517 -0.7248 0.6871
vn -0.0374 -0.8739 0.4847
vn -0.0246 -0.9515 0.3065
vn -0.0154 -0.9837 0.1791
vn -0.0095 -0.9952 0.0975
vn -0.0060 -0.9988 0.0484
vn -0.0040 -0.9998 0.0210
vn -0.0031 -1.0000 0.0091
vn 0.0533 0.7023 -0.7099
vn 0.0029 1.0000 -0.0065
vn 0.0029 1.0000 -0.0057
vn 0.0027 1.0000 -0.0039
vn 0.0025 1.0000 -0.0006
vn 0.0021 1.0000 0.0043
vn 0.0016 0.9999 0.0109
vn 0.0010 0.9998 0.0195
vn 0.0002 0.9995 0.0301
vn -0.0007 0.9991 0.0433
vn -0.0019 0.9983 0.0590
vn -0.0032 0.9970 0.0779
vn -0.0048 0.9950 0.1000
vn -0.0066 0.9922 0.1247
vn -0.0095 0.9863 0.1644
vn -0.0148 0.9716 0.2360
vn -0.0227 0.9389 0.3435
vn -0.0330 0.8748 0.4833
vn -0.0445 0.7693 0.6373
vn -0.0549 0.6276 0.7766
vn -0.0628 0.4730 0.8788
vn -0.0676 0.3308 0.9413
vn -0.0703 0.2143 0.9742
vn -0.0717 0.1248 0.9896
vn -0.0723 0.0579 0.9957
vn -0.0725 0.0181 0.9972
vn -0.0725 -0.0050 0.9974
vn -0.0386 -0.8638 0.5024
vn -0.0645 -0.4888 0.8700
vn -0.0651 -0.4706 0.8799
vn -0.0657 -0.4537 0.8887
vn -0.0663 -0.4378 0.8966
vn -0.0667 -0.4229 0.9037
vn -0.0672 -0.4090 0.9101
vn -0.0676 -0.3958 0.9158
vn -0.0679 -0.3834 0.9211
vn -0.0682 -0.3717 0.9259
vn -0.0685 -0.3604 0.9303
vn -0.0688 -0.3496 0.9344
vn -0.0428 -0.8265 0.5612
vn -0.0009 -0.9998 -0.0210
vn -0.0013 -0.9999 -0.0159
vn -0.0016 -0.9999 -0.0114
vn -0.0019 -1.0000 -0.0074
vn -0.0021 -1.0000 -0.0040
vn -0.0024 -1.0000 -0.0011
vn -0.0025 -1.0000 0.0013
vn -0.0027 -1.0000 0.0032
vn -0.0028 -1.0000 0.0046
vn -0.0029 -1.0000 0.0057
vn -0.0029 -1.0000 0.0063
vn -0.0029 -1.0000 0.0065
vn 0.0030 1.0000 -0.0075
vn 0.0032 0.9999 -0.0106
vn 0.0035 0.9999 -0.0152
vn 0.0039 0.9998 -0.0206
vn 0.0044 0.9996 -0.0268
vn 0.0049 0.9994 -0.0338
vn 0.0055 0.9991 -0.0419
vn 0.0061 0.9987 -0.0510
vn 0.0069 0.9981 -0.0615
vn 0.0078 0.9973 -0.0734
vn 0.0088 0.9962 -0.0870
vn 0.0099 0.9947 -0.1027
vn 0.0125 0.9902 -0.1389
vn 0.0179 0.9769 -0.2129
vn 0.0251 0.9492 -0.3138
vn 0.0335 0.9022 -0.4301
vn 0.0424 0.8302 -0.5558
vn 0.0512 0.7314 -0.6800
vn 0.0589 0.6109 -0.7895
vn 0.0648 0.4800 -0.8749
vn 0.0687 0.3522 -0.9334
vn 0.0710 0.2372 -0.9689
vn 0.0722 0.1394 -0.9876
vn 0.0725 0.0593 -0.9956
vn 0.0725 -0.0052 -0.9974
vn 0.0722 -0.0644 -0.9953
vn 0.0716 -0.1303 -0.9889
vn 0.0705 -0.2063 -0.9760
vn 0.0686 -0.2927 -0.9537
vn 0.0659 -0.3887 -0.9190
vn 0.0620 -0.4915 -0.8686
vn 0.0568 -0.5966 -0.8005
vn 0.0503 -0.6976 -0.7147
vn 0.0428 -0.7877 -0.6145
vn 0.0347 -0.8619 -0.5058
vn 0.0265 -0.9181 -0.3955
vn 0.0655 -0.3995 -0.9144
vn 0.0676 0.3927 -0.9172
vn 0.0675 0.3973 -0.9152
vn 0.0674 0.4014 -0.9134
vn 0.0673 0.4050 -0.9118
vn 0.0672 0.4082 -0.9104
vn 0.0671 0.4110 -0.9092
vn 0.0670 0.4133 -0.9081
vn 0.0670 0.4153 -0.9072
vn 0.0669 0.4169 -0.9065
vn 0.0669 0.4181 -0.9059
vn 0.0669 0.4190 -0.9055
vn 0.0673 0.4043 -0.9122
vn 0.0672 0.4094 -0.9099
vn 0.0669 0.4171 -0.9064
vn 0.0666 0.4269 -0.9018
vn 0.0662 0.4383 -0.8964
vn 0.0658 0.4510 -0.8901
vn 0.0653 0.4647 -0.8831
vn 0.0648 0.4791 -0.8754
vn 0.0643 0.4940 -0.8671
vn 0.0636 0.5093 -0.8582
vn 0.0630 0.5249 -0.8488
vn 0.0622 -0.4863 -0.8716
vn -0.0527 0.6631 0.7466
vn -0.0582 0.5710 0.8189
vn -0.0623 0.4830 0.8734
vn -0.0654 0.4019 0.9133
vn -0.0677 0.3289 0.9419
vn -0.0693 0.2640 0.9620
vn -0.0705 0.2067 0.9759
vn -0.0713 0.1563 0.9851
vn -0.0718 0.1119 0.9911
vn -0.0722 0.0727 0.9947
vn -0.0724 0.0379 0.9967
vn -0.0725 -0.0010 0.9974
vn -0.0725 -0.0678 0.9951
vn -0.0718 -0.1815 0.9808
vn -0.0688 -0.3486 0.9348
vn -0.0616 -0.5564 0.8287
vn -0.0495 -0.7541 0.6549
vn -0.0353 -0.8897 0.4551
vn -0.0230 -0.9585 0.2843
vn -0.0143 -0.9864 0.1635
vn -0.0087 -0.9962 0.0866
vn -0.0054 -0.9991 0.0414
vn -0.0037 -0.9998 0.0175
vn -0.0030 -1.0000 0.0082
vn 0.0028 1.0000 -0.0049
vn 0.0024 1.0000 0.0008
vn 0.0017 0.9999 0.0103
vn 0.0008 0.9997 0.0231
vn -0.0005 0.9992 0.0400
vn -0.0021 0.9981 0.0622
vn -0.0042 0.9958 0.0916
vn -0.0071 0.9914 0.1306
vn -0.0109 0.9831 0.1829
vn -0.0161 0.9671 0.2538
vn -0.0232 0.9363 0.3505
vn -0.0328 0.8762 0.4808
vn -0.0440 0.7741 0.6315
vn 0.0724 -0.0245 -0.9971
vn 0.0724 -0.0410 -0.9965
vn 0.0723 -0.0558 -0.9958
vn 0.0722 -0.0690 -0.9950
vn 0.0721 -0.0806 -0.9941
vn 0.0720 -0.0904 -0.9933
vn 0.0719 -0.0981 -0.9926
vn 0.0719 -0.1031 -0.9921
vn 0.0719 -0.1041 -0.9920
vn 0.0719 -0.0977 -0.9926
vn 0.0721 -0.0733 -0.9947
vn 0.0715 -0.1356 -0.9882
vn 0.0687 -0.2886 -0.9550
vn 0.0645 -0.4292 -0.9009
vn 0.0588 -0.5580 -0.8277
vn 0.0522 -0.6704 -0.7402
vn 0.0449 -0.7639 -0.6437
vn 0.0375 -0.8387 -0.5433
vn 0.0300 -0.8961 -0.4427
vn 0.0228 -0.9385 -0.3445
vn 0.0158 -0.9681 -0.2501
vn 0.0092 -0.9871 -0.1601
vn 0.0030 -0.9972 -0.0747
vn -0.0029 -1.0000 0.0062
vn -0.0087 -0.9962 0.0864
vn -0.0148 -0.9853 0.1702
vn -0.0212 -0.9657 0.2587
vn -0.0279 -0.9356 0.3520
vn -0.0349 -0.8926 0.4496
vn -0.0420 -0.8340 0.5501
vn -0.0492 -0.7575 0.6510
vn -0.0560 -0.6612 0.7481
vn -0.0621 -0.5452 0.8360
vn -0.0671 -0.4123 0.9086
vn -0.0705 -0.2681 0.9608
vn -0.0723 -0.1123 0.9910
vn -0.0726 -0.0489 0.9962
vn -0.0725 -0.0750 0.9945
vn -0.0725 -0.0849 0.9938
vn -0.0725 -0.0868 0.9936
vn -0.0725 -0.0839 0.9938
vn -0.0725 -0.0777 0.9943
vn -0.0725 -0.0689 0.9950
vn -0.0725 -0.0578 0.9957
vn -0.0726 -0.0447 0.9964
vn -0.0726 -0.0295 0.9969
vn -0.0725 -0.0122 0.9973
vn -0.0725 0.0044 0.9974
vn -0.0725 0.0171 0.9972
vn -0.0724 0.0275 0.9970
vn -0.0724 0.0380 0.9967
vn -0.0723 0.0488 0.9962
vn -0.0722 0.0598 0.9956
vn -0.0722 0.0712 0.9948
vn -0.0721 0.0830 0.9939
vn -0.0720 0.0954 0.9928
vn -0.0718 0.1083 0.9915
vn -0.0717 0.1219 0.9899
vn -0.0715 0.1363 0.9881
vn -0.0707 0.1939 0.9785
vn -0.0681 0.3132 0.9473
vn -0.0638 0.4465 0.8925
vn -0.0583 0.5683 0.8207
vn -0.0519 0.6750 0.7360
vn -0.0449 0.7646 0.6430
vn -0.0376 0.8372 0.5456
vn -0.0303 0.8939 0.4472
vn -0.0232 0.9365 0.3500
vn -0.0162 0.9667 0.2555
vn -0.0032 0.9970 0.0771
vn 0.0029 1.0000 -0.0059
vn 0.0089 0.9961 -0.0883
vn 0.0151 0.9845 -0.1749
vn 0.0217 0.9636 -0.2666
vn 0.0287 0.9314 -0.3628
vn 0.0358 0.8860 -0.4622
vn 0.0429 0.8255 -0.5627
vn 0.0499 0.7485 -0.6613
vn 0.0564 0.6543 -0.7541
vn 0.0622 0.5442 -0.8366
vn 0.0668 0.4209 -0.9046
vn 0.0701 0.2888 -0.9548
vn 0.0718 0.1792 -0.9812
vn 0.0722 0.1288 -0.9890
vn 0.0723 0.1122 -0.9910
vn 0.0724 0.0966 -0.9927
vn 0.0725 0.0819 -0.9940
vn 0.0725 0.0680 -0.9950
vn 0.0725 0.0551 -0.9958
vn 0.0726 0.0429 -0.9964
vn 0.0726 0.0315 -0.9969
vn 0.0726 0.0209 -0.9971
vn 0.0725 0.0110 -0.9973
vn 0.0725 0.0019 -0.9974
vn 0.0725 -0.0092 -0.9973
vn -0.0723 0.0574 0.9957
vn -0.0721 0.0841 0.9938
vn -0.0720 0.0958 0.9928
vn -0.0719 0.0992 0.9925
vn -0.0719 0.0974 0.9926
vn -0.0720 0.0918 0.9932
vn -0.0721 0.0833 0.9939
vn -0.0722 0.0723 0.9948
vn -0.0723 0.0590 0.9956
vn -0.0723 0.0436 0.9964
vn -0.0724 0.0261 0.9970
vn -0.0725 0.0088 0.9973
vn -0.0725 -0.0048 0.9974
vn -0.0726 -0.0156 0.9972
vn -0.0726 -0.0257 0.9970
vn -0.0726 -0.0355 0.9967
vn -0.0726 -0.0450 0.9963
vn -0.0725 -0.0545 0.9959
vn -0.0725 -0.0642 0.9953
vn -0.0725 -0.0742 0.9946
vn -0.0725 -0.0846 0.9938
vn -0.0724 -0.0957 0.9928
vn -0.0724 -0.1076 0.9916
vn 0.0015 -0.9986 -0.0537
vn 0.0085 -0.9887 -0.1497
vn -0.0681 -0.3746 0.9247
vn -0.0637 -0.5069 0.8596
vn -0.0584 -0.6205 0.7820
vn -0.0524 -0.7155 0.6966
vn -0.0461 -0.7933 0.6070
vn -0.0396 -0.8557 0.5159
vn -0.0331 -0.9045 0.4252
vn -0.0267 -0.9415 0.3359
vn -0.0205 -0.9683 0.2490
vn -0.0144 -0.9862 0.1649
vn -0.0085 -0.9964 0.0841
vn -0.0030 -1.0000 0.0076
vn 0.0024 -0.9978 -0.0669
vn 0.0081 -0.9895 -0.1444
vn 0.0141 -0.9740 -0.2263
vn 0.0204 -0.9496 -0.3128
vn 0.0271 -0.9145 -0.4037
vn 0.0341 -0.8663 -0.4984
vn 0.0414 -0.8020 -0.5959
vn 0.0487 -0.7186 -0.6937
vn 0.0558 -0.6130 -0.7881
vn 0.0623 -0.4836 -0.8731
vn 0.0676 -0.3311 -0.9412
vn 0.0705 -0.2027 -0.9767
vn 0.0714 -0.1473 -0.9865
vn 0.0716 -0.1294 -0.9890
vn 0.0718 -0.1131 -0.9910
vn 0.0719 -0.0982 -0.9926
vn 0.0721 -0.0845 -0.9938
vn 0.0722 -0.0717 -0.9948
vn 0.0722 -0.0597 -0.9956
vn 0.0723 -0.0484 -0.9962
vn 0.0724 -0.0375 -0.9967
vn 0.0724 -0.0271 -0.9970
vn 0.0725 -0.0169 -0.9972
vn 0.0725 -0.0050 -0.9974
vn 0.0725 0.0097 -0.9973
vn 0.0726 0.0247 -0.9971
vn 0.0726 0.0383 -0.9966
vn 0.0726 0.0506 -0.9961
vn 0.0725 0.0616 -0.9955
vn 0.0725 0.0714 -0.9948
vn 0.0725 0.0800 -0.9942
vn 0.0725 0.0874 -0.9935
vn 0.0724 0.0933 -0.9930
vn 0.0724 0.0971 -0.9926
vn 0.0724 0.0976 -0.9926
vn 0.0718 0.1801 -0.9810
vn 0.0691 0.3370 -0.9390
vn 0.0649 0.4763 -0.8769
vn 0.0596 0.5977 -0.7995
vn 0.0535 0.7002 -0.7120
vn 0.0469 0.7842 -0.6188
vn 0.0401 0.8511 -0.5234
vn 0.0334 0.9029 -0.4285
vn 0.0267 0.9415 -0.3359
vn 0.0203 0.9688 -0.2468
vn 0.0142 0.9867 -0.1621
vn 0.0084 0.9966 -0.0820
vn 0.0030 1.0000 -0.0073
vn -0.0024 0.9978 0.0663
vn -0.0081 0.9895 0.1441
vn -0.0142 0.9737 0.2276
vn -0.0207 0.9484 0.3163
vn -0.0276 0.9119 0.4095
vn -0.0347 0.8619 0.5059
vn -0.0419 0.7962 0.6035
vn -0.0491 0.7132 0.6992
vn -0.0559 0.6118 0.7890
vn -0.0619 0.4925 0.8681
vn -0.0669 0.3573 0.9316
vn -0.0712 0.1635 0.9840
vn 0.0721 -0.0800 -0.9942
vn 0.0711 -0.1701 -0.9829
vn 0.0689 -0.2816 -0.9571
vn 0.0650 -0.4134 -0.9082
vn 0.0588 -0.5578 -0.8279
vn 0.0502 -0.6991 -0.7132
vn 0.0397 -0.8188 -0.5728
vn 0.0286 -0.9051 -0.4242
vn 0.0184 -0.9583 -0.2852
vn 0.0097 -0.9860 -0.1665
vn 0.0027 -0.9975 -0.0707
vn -0.0022 -1.0000 -0.0036
vn -0.0049 -0.9994 0.0344
vn -0.0067 -0.9982 0.0592
vn -0.0083 -0.9967 0.0810
vn -0.0097 -0.9949 0.1001
vn -0.0109 -0.9931 0.1169
vn -0.0120 -0.9912 0.1317
vn -0.0129 -0.9894 0.1448
vn -0.0138 -0.9876 0.1564
vn -0.0145 -0.9859 0.1667
vn -0.0152 -0.9843 0.1758
vn -0.0158 -0.9828 0.1839
vn -0.0611 -0.5663 0.8219
vn -0.0392 0.8230 0.5667
vn 0.0157 0.9830 -0.1828
vn 0.0155 0.9834 -0.1807
vn 0.0153 0.9841 -0.1772
vn 0.0149 0.9850 -0.1721
vn 0.0144 0.9862 -0.1651
vn 0.0137 0.9877 -0.1558
vn 0.0129 0.9895 -0.1437
vn 0.0117 0.9917 -0.1281
vn 0.0103 0.9941 -0.1080
vn 0.0084 0.9966 -0.0822
vn 0.0060 0.9988 -0.0487
vn 0.0026 1.0000 -0.0028
vn -0.0022 0.9980 0.0633
vn -0.0089 0.9878 0.1553
vn -0.0177 0.9610 0.2760
vn -0.0286 0.9054 0.4236
vn -0.0405 0.8103 0.5846
vn -0.0518 0.6765 0.7346
vn -0.0606 0.5220 0.8508
vn -0.0664 0.3720 0.9258
vn -0.0697 0.2438 0.9673
vn -0.0714 0.1424 0.9872
vn -0.0722 0.0656 0.9952
vn -0.0725 0.0198 0.9972
vn -0.0491 0.7134 0.6991
vn 0.0534 0.7008 -0.7114
vn 0.0724 -0.0234 -0.9971
vn 0.0642 -0.4350 -0.8981
vn 0.0209 -0.9476 -0.3188
vn 0.0192 -0.9549 -0.2964
vn 0.0175 -0.9619 -0.2729
vn 0.0157 -0.9686 -0.2480
vn 0.0138 -0.9750 -0.2219
vn 0.0117 -0.9809 -0.1943
vn 0.0096 -0.9862 -0.1652
vn 0.0074 -0.9909 -0.1344
vn 0.0050 -0.9948 -0.1019
vn 0.0025 -0.9977 -0.0676
vn -0.0002 -0.9995 -0.0314
vn -0.0037 -0.9998 0.0178
vn -0.0091 -0.9957 0.0918
vn -0.0155 -0.9835 0.1803
vn -0.0221 -0.9620 0.2723
vn -0.0290 -0.9297 0.3672
vn -0.0359 -0.8849 0.4644
vn -0.0429 -0.8257 0.5625
vn -0.0498 -0.7504 0.6591
vn -0.0562 -0.6576 0.7512
vn -0.0620 -0.5475 0.8345
vn -0.0668 -0.4216 0.9043
vn -0.0702 -0.2837 0.9563
vn -0.0720 -0.1569 0.9850
vn -0.0724 -0.1031 0.9920
vn -0.0724 -0.1032 0.9920
vn -0.0724 -0.0984 0.9925
vn -0.0724 -0.0915 0.9932
vn -0.0725 -0.0830 0.9939
vn -0.0725 -0.0734 0.9947
vn -0.0725 -0.0627 0.9954
vn -0.0726 -0.0510 0.9961
vn -0.0726 -0.0382 0.9966
vn -0.0726 -0.0244 0.9971
vn -0.0725 -0.0093 0.9973
vn -0.0725 0.0053 0.9974
vn -0.0725 0.0173 0.9972
vn -0.0724 0.0277 0.9970
vn -0.0724 0.0382 0.9966
vn -0.0720 0.0962 0.9928
vn -0.0718 0.1102 0.9913
vn -0.0716 0.1254 0.9895
vn -0.0714 0.1422 0.9873
vn -0.0707 0.1913 0.9790
vn -0.0684 0.3026 0.9506
vn -0.0641 0.4394 0.8960
vn -0.0585 0.5639 0.8237
vn -0.0520 0.6724 0.7384
vn -0.0450 0.7632 0.6446
vn -0.0377 0.8365 0.5467
vn -0.0304 0.8935 0.4480
vn -0.0232 0.9362 0.3507
vn -0.0163 0.9665 0.2560
vn -0.0096 0.9863 0.1648
vn -0.0032 0.9970 0.0774
vn 0.0057 0.9990 -0.0447
vn 0.0083 0.9967 -0.0811
vn 0.0108 0.9933 -0.1154
vn 0.0132 0.9889 -0.1478
vn 0.0154 0.9838 -0.1784
vn 0.0175 0.9781 -0.2074
vn 0.0194 0.9718 -0.2349
vn 0.0213 0.9651 -0.2609
vn 0.0231 0.9581 -0.2855
vn 0.0248 0.9508 -0.3089
vn 0.0264 0.9432 -0.3312
vn 0.0667 0.4228 -0.9038
vn 0.0286 -0.9052 -0.4240
vn -0.0261 -0.9444 0.3277
vn -0.0247 -0.9513 0.3073
vn -0.0231 -0.9581 0.2856
vn -0.0214 -0.9647 0.2624
vn -0.0196 -0.9712 0.2376
vn -0.0177 -0.9773 0.2111
vn -0.0157 -0.9830 0.1827
vn -0.0135 -0.9882 0.1523
vn -0.0111 -0.9928 0.1196
vn -0.0086 -0.9964 0.0845
vn -0.0058 -0.9989 0.0468
vn -0.0024 -1.0000 -0.0005
vn 0.0023 -0.9979 -0.0653
vn 0.0079 -0.9898 -0.1422
vn 0.0140 -0.9744 -0.2246
vn 0.0204 -0.9497 -0.3124
vn 0.0272 -0.9138 -0.4052
vn 0.0344 -0.8643 -0.5017
vn 0.0417 -0.7988 -0.6002
vn 0.0490 -0.7150 -0.6974
vn 0.0559 -0.6116 -0.7892
vn 0.0621 -0.4888 -0.8702
vn 0.0671 -0.3489 -0.9347
vn 0.0706 -0.2001 -0.9772
vn 0.0717 -0.1203 -0.9902
vn 0.0718 -0.1116 -0.9912
vn 0.0719 -0.1029 -0.9921
vn 0.0720 -0.0941 -0.9930
vn 0.0721 -0.0851 -0.9938
vn 0.0721 -0.0758 -0.9945
vn 0.0722 -0.0661 -0.9952
vn 0.0723 -0.0559 -0.9958
vn 0.0723 -0.0450 -0.9964
vn 0.0724 -0.0333 -0.9968
vn 0.0725 -0.0206 -0.9972
vn 0.0725 -0.0064 -0.9973
vn 0.0725 0.0084 -0.9973
vn 0.0726 0.0223 -0.9971
vn 0.0726 0.0351 -0.9967
vn 0.0726 0.0466 -0.9963
vn 0.0725 0.0571 -0.9957
vn 0.0725 0.0666 -0.9951
vn 0.0725 0.0751 -0.9945
vn 0.0725 0.0825 -0.9940
vn 0.0725 0.0886 -0.9934
vn 0.0724 0.0931 -0.9930
vn 0.0724 0.0950 -0.9928
vn 0.0716 0.1949 -0.9782
vn 0.0684 0.3646 -0.9286
vn 0.0641 0.4984 -0.8646
vn 0.0587 0.6145 -0.7867
vn 0.0526 0.7123 -0.6999
vn 0.0462 0.7925 -0.6082
vn 0.0395 0.8564 -0.5149
vn 0.0329 0.9059 -0.4222
vn 0.0264 0.9430 -0.3317
vn 0.0201 0.9695 -0.2444
vn 0.0141 0.9869 -0.1610
vn 0.0084 0.9966 -0.0818
vn 0.0035 0.9999 -0.0143
vn -0.0001 0.9994 0.0345
vn -0.0029 0.9973 0.0728
vn -0.0054 0.9941 0.1080
vn -0.0078 0.9900 0.1406
vn -0.0100 0.9852 0.1709
vn -0.0121 0.9799 0.1990
vn -0.0140 0.9742 0.2251
vn -0.0158 0.9682 0.2496
vn -0.0175 0.9620 0.2724
vn -0.0190 0.9556 0.2939
vn -0.0205 0.9492 0.3141
vn 0.0339 0.8991 -0.4364
vt 0.714286 0.000000
vt 1.000000 0.000000
vt 0.857143 0.000000
vt 0.000000 0.000000
vt 0.571429 0.000000
vt 0.428571 0.000000
vt 0.142857 0.000000
vt 0.285714 0.000000
vt 0.406897 0.000000
vt 0.420690 0.000000
vt 0.413793 0.000000
vt 0.427586 0.000000
vt 0.434483 0.000000
vt 0.400000 0.000000
vt 0.441379 0.000000
vt 0.448276 0.000000
vt 0.393103 0.000000
vt 0.455172 0.000000
vt 0.462069 0.000000
vt 0.386207 0.000000
vt 0.468966 0.000000
vt 0.475862 0.000000
vt 0.379310 0.000000
vt 0.482759 0.000000
vt 0.372414 0.000000
vt 0.489655 0.000000
vt 0.496552 0.000000
vt 0.365517 0.000000
vt 0.558621 0.000000
vt 0.551724 0.000000
vt 0.544828 0.000000
vt 0.537931 0.000000
vt 0.531034 0.000000
vt 0.524138 0.000000
vt 0.517241 0.000000
vt 0.510345 0.000000
vt 0.503448 0.000000
vt 0.358621 0.000000
vt 0.579310 0.000000
vt 0.572414 0.000000
vt 0.565517 0.000000
vt 0.351724 0.000000
vt 0.586207 0.000000
vt 0.593103 0.000000
vt 0.600000 0.000000
vt 0.606897 0.000000
vt 0.613793 0.000000
vt 0.344828 0.000000
vt 0.620690 0.000000
vt 0.627586 0.000000
vt 0.634483 0.000000
vt 0.337931 0.000000
vt 0.641379 0.000000
vt 0.648276 0.000000
vt 0.331034 0.000000
vt 0.655172 0.000000
vt 0.662069 0.000000
vt 0.324138 0.000000
vt 0.668966 0.000000
vt 0.317241 0.000000
vt 0.675862 0.000000
vt 0.310345 0.000000
vt 0.682759 0.000000
vt 0.303448 0.000000
vt 0.689655 0.000000
vt 0.296552 0.000000
vt 0.696552 0.000000
vt 0.703448 0.000000
vt 0.289655 0.000000
vt 0.710345 0.000000
vt 0.282759 0.000000
vt 0.717241 0.000000
vt 0.275862 0.000000
vt 0.724138 0.000000
vt 0.268966 0.000000
vt 0.731034 0.000000
vt 0.262069 0.000000
vt 0.737931 0.000000
vt 0.255172 0.000000
vt 0.744828 0.000000
vt 0.248276 0.000000
vt 0.751724 0.000000
vt 0.241379 0.000000
vt 0.758621 0.000000
vt 0.765517 0.000000
vt 0.234483 0.000000
vt 0.772414 0.000000
vt 0.227586 0.000000
vt 0.779310 0.000000
vt 0.220690 0.000000
vt 0.786207 0.000000
vt 0.213793 0.000000
vt 0.793103 0.000000
vt 0.206897 0.000000
vt 0.800000 0.000000
vt 0.806897 0.000000
vt 0.200000 0.000000
vt 0.813793 0.000000
vt 0.193103 0.000000
vt 0.820690 0.000000
vt 0.186207 0.000000
vt 0.827586 0.000000
vt 0.179310 0.000000
vt 0.834483 0.000000
vt 0.841379 0.000000
vt 0.172414 0.000000
vt 0.165517 0.000000
vt 0.158621 0.000000
vt 0.848276 0.000000
vt 0.855172 0.000000
vt 0.862069 0.000000
vt 0.151724 0.000000
vt 0.868966 0.000000
vt 0.993103 0.000000
vt 0.986207 0.000000
vt 0.875862 0.000000
vt 0.144828 0.000000
vt 0.979310 0.000000
vt 0.882759 0.000000
vt 0.972414 0.000000
vt 0.889655 0.000000
vt 0.965517 0.000000
vt 0.958621 0.000000
vt 0.896552 0.000000
vt 0.951724 0.000000
vt 0.137931 0.000000
vt 0.903448 0.000000
vt 0.944828 0.000000
vt 0.937931 0.000000
vt 0.910345 0.000000
vt 0.931035 0.000000
vt 0.924138 0.000000
vt 0.917241 0.000000
vt 0.131034 0.000000
vt 0.124138 0.000000
vt 0.006897 0.000000
vt 0.117241 0.000000
vt 0.013793 0.000000
vt 0.110345 0.000000
vt 0.020690 0.000000
vt 0.027586 0.000000
vt 0.103448 0.000000
vt 0.034483 0.000000
vt 0.041379 0.000000
vt 0.096552 0.000000
vt 0.048276 0.000000
vt 0.055172 0.000000
vt 0.089655 0.000000
vt 0.062069 0.000000
vt 0.068966 0.000000
vt 0.082759 0.000000
vt 0.075862 0.000000
vt 0.636364 0.000000
vt 0.727273 0.000000
vt 0.818182 0.000000
vt 0.909091 0.000000
vt 0.272727 0.000000
vt 0.090909 0.000000
vt 0.181818 0.000000
vt 0.363636 0.000000
vt 0.454545 0.000000
vt 0.545455 0.000000
vt 0.943396 0.000000
vt 0.981132 0.000000
vt 0.962264 0.000000
vt 0.924528 0.000000
vt 0.905660 0.000000
vt 0.886792 0.000000
vt 0.867925 0.000000
vt 0.018868 0.000000
vt 0.849057 0.000000
vt 0.830189 0.000000
vt 0.037736 0.000000
vt 0.811321 0.000000
vt 0.792453 0.000000
vt 0.433962 0.000000
vt 0.471698 0.000000
vt 0.452830 0.000000
vt 0.490566 0.000000
vt 0.773585 0.000000
vt 0.509434 0.000000
vt 0.056604 0.000000
vt 0.528302 0.000000
vt 0.754717 0.000000
vt 0.547170 0.000000
vt 0.566038 0.000000
vt 0.735849 0.000000
vt 0.584906 0.000000
vt 0.603774 0.000000
vt 0.716981 0.000000
vt 0.622642 0.000000
vt 0.698113 0.000000
vt 0.641509 0.000000
vt 0.660377 0.000000
vt 0.679245 0.000000
vt 0.075472 0.000000
vt 0.094340 0.000000
vt 0.113208 0.000000
vt 0.132075 0.000000
vt 0.415094 0.000000
vt 0.396226 0.000000
vt 0.150943 0.000000
vt 0.377358 0.000000
vt 0.358491 0.000000
vt 0.339623 0.000000
vt 0.169811 0.000000
vt 0.320755 0.000000
vt 0.301887 0.000000
vt 0.283019 0.000000
vt 0.188679 0.000000
vt 0.264151 0.000000
vt 0.245283 0.000000
vt 0.207547 0.000000
vt 0.226415 0.000000
vt 0.364583 0.000000
vt 0.375000 0.000000
vt 0.369792 0.000000
vt 0.359375 0.000000
vt 0.380208 0.000000
vt 0.354167 0.000000
vt 0.385417 0.000000
vt 0.348958 0.000000
vt 0.390625 0.000000
vt 0.343750 0.000000
vt 0.395833 0.000000
vt 0.338542 0.000000
vt 0.401042 0.000000
vt 0.333333 0.000000
vt 0.406250 0.000000
vt 0.328125 0.000000
vt 0.411458 0.000000
vt 0.322917 0.000000
vt 0.687500 0.000000
vt 0.416667 0.000000
vt 0.692708 0.000000
vt 0.682292 0.000000
vt 0.697917 0.000000
vt 0.677083 0.000000
vt 0.703125 0.000000
vt 0.671875 0.000000
vt 0.317708 0.000000
vt 0.421875 0.000000
vt 0.708333 0.000000
vt 0.666667 0.000000
vt 0.713542 0.000000
vt 0.661458 0.000000
vt 0.718750 0.000000
vt 0.656250 0.000000
vt 0.723958 0.000000
vt 0.651042 0.000000
vt 0.312500 0.000000
vt 0.427083 0.000000
vt 0.729167 0.000000
vt 0.645833 0.000000
vt 0.734375 0.000000
vt 0.640625 0.000000
vt 0.432292 0.000000
vt 0.307292 0.000000
vt 0.739583 0.000000
vt 0.635417 0.000000
vt 0.744792 0.000000
vt 0.630208 0.000000
vt 0.437500 0.000000
vt 0.302083 0.000000
vt 0.750000 0.000000
vt 0.625000 0.000000
vt 0.619792 0.000000
vt 0.442708 0.000000
vt 0.296875 0.000000
vt 0.755208 0.000000
vt 0.614583 0.000000
vt 0.447917 0.000000
vt 0.291667 0.000000
vt 0.760417 0.000000
vt 0.609375 0.000000
vt 0.453125 0.000000
vt 0.286458 0.000000
vt 0.765625 0.000000
vt 0.604167 0.000000
vt 0.458333 0.000000
vt 0.281250 0.000000
vt 0.770833 0.000000
vt 0.598958 0.000000
vt 0.776042 0.000000
vt 0.463542 0.000000
vt 0.276042 0.000000
vt 0.593750 0.000000
vt 0.781250 0.000000
vt 0.468750 0.000000
vt 0.270833 0.000000
vt 0.588542 0.000000
vt 0.786458 0.000000
vt 0.473958 0.000000
vt 0.265625 0.000000
vt 0.583333 0.000000
vt 0.791667 0.000000
vt 0.479167 0.000000
vt 0.260417 0.000000
vt 0.578125 0.000000
vt 0.796875 0.000000
vt 0.484375 0.000000
vt 0.572917 0.000000
vt 0.255208 0.000000
vt 0.802083 0.000000
vt 0.567708 0.000000
vt 0.489583 0.000000
vt 0.250000 0.000000
vt 0.807292 0.000000
vt 0.562500 0.000000
vt 0.494792 0.000000
vt 0.244792 0.000000
vt 0.812500 0.000000
vt 0.557292 0.000000
vt 0.239583 0.000000
vt 0.817708 0.000000
vt 0.552083 0.000000
vt 0.822917 0.000000
vt 0.234375 0.000000
vt 0.005208 0.000000
vt 0.546875 0.000000
vt 0.828125 0.000000
vt 0.229167 0.000000
vt 0.541667 0.000000
vt 0.010417 0.000000
vt 0.833333 0.000000
vt 0.536458 0.000000
vt 0.223958 0.000000
vt 0.015625 0.000000
vt 0.838542 0.000000
vt 0.531250 0.000000
vt 0.218750 0.000000
vt 0.020833 0.000000
vt 0.843750 0.000000
vt 0.526042 0.000000
vt 0.213542 0.000000
vt 0.026042 0.000000
vt 0.848958 0.000000
vt 0.520833 0.000000
vt 0.208333 0.000000
vt 0.854167 0.000000
vt 0.515625 0.000000
vt 0.031250 0.000000
vt 0.203125 0.000000
vt 0.859375 0.000000
vt 0.510417 0.000000
vt 0.036458 0.000000
vt 0.864583 0.000000
vt 0.505208 0.000000
vt 0.197917 0.000000
vt 0.041667 0.000000
vt 0.869792 0.000000
vt 0.500000 0.000000
vt 0.192708 0.000000
vt 0.875000 0.000000
vt 0.046875 0.000000
vt 0.880208 0.000000
vt 0.187500 0.000000
vt 0.994792 0.000000
vt 0.052083 0.000000
vt 0.182292 0.000000
vt 0.057292 0.000000
vt 0.177083 0.000000
vt 0.885417 0.000000
vt 0.989583 0.000000
vt 0.062500 0.000000
vt 0.890625 0.000000
vt 0.984375 0.000000
vt 0.895833 0.000000
vt 0.979167 0.000000
vt 0.171875 0.000000
vt 0.067708 0.000000
vt 0.901042 0.000000
vt 0.973958 0.000000
vt 0.906250 0.000000
vt 0.968750 0.000000
vt 0.166667 0.000000
vt 0.072917 0.000000
vt 0.911458 0.000000
vt 0.963542 0.000000
vt 0.916667 0.000000
vt 0.958333 0.000000
vt 0.921875 0.000000
vt 0.953125 0.000000
vt 0.078125 0.000000
vt 0.927083 0.000000
vt 0.161458 0.000000
vt 0.947917 0.000000
vt 0.932292 0.000000
vt 0.942708 0.000000
vt 0.937500 0.000000
vt 0.083333 0.000000
vt 0.156250 0.000000
vt 0.088542 0.000000
vt 0.151042 0.000000
vt 0.093750 0.000000
vt 0.145833 0.000000
vt 0.098958 0.000000
vt 0.140625 0.000000
vt 0.104167 0.000000
vt 0.135417 0.000000
vt 0.109375 0.000000
vt 0.130208 0.000000
vt 0.114583 0.000000
vt 0.125000 0.000000
vt 0.119792 0.000000
vt 0.210938 0.000000
vt 0.226562 0.000000
vt 0.242188 0.000000
vt 0.257812 0.000000
vt 0.273438 0.000000
vt 0.289062 0.000000
vt 0.304688 0.000000
vt 0.320312 0.000000
vt 0.335938 0.000000
vt 0.351562 0.000000
vt 0.367188 0.000000
vt 0.882812 0.000000
vt 0.382812 0.000000
vt 0.898438 0.000000
vt 0.867188 0.000000
vt 0.851562 0.000000
vt 0.835938 0.000000
vt 0.820312 0.000000
vt 0.398438 0.000000
vt 0.804688 0.000000
vt 0.414062 0.000000
vt 0.789062 0.000000
vt 0.773438 0.000000
vt 0.429688 0.000000
vt 0.757812 0.000000
vt 0.742188 0.000000
vt 0.726562 0.000000
vt 0.710938 0.000000
vt 0.445312 0.000000
vt 0.992188 0.000000
vt 0.976562 0.000000
vt 0.960938 0.000000
vt 0.945312 0.000000
vt 0.929688 0.000000
vt 0.914062 0.000000
vt 0.195312 0.000000
vt 0.460938 0.000000
vt 0.476562 0.000000
vt 0.492188 0.000000
vt 0.507812 0.000000
vt 0.523438 0.000000
vt 0.539062 0.000000
vt 0.554688 0.000000
vt 0.101562 0.000000
vt 0.085938 0.000000
vt 0.117188 0.000000
vt 0.132812 0.000000
vt 0.148438 0.000000
vt 0.164062 0.000000
vt 0.179688 0.000000
vt 0.570312 0.000000
vt 0.585938 0.000000
vt 0.601562 0.000000
vt 0.617188 0.000000
vt 0.070312 0.000000
vt 0.632812 0.000000
vt 0.054688 0.000000
vt 0.648438 0.000000
vt 0.039062 0.000000
vt 0.664062 0.000000
vt 0.023438 0.000000
vt 0.679688 0.000000
vt 0.007812 0.000000
vt 0.695312 0.000000
vt 0.205882 0.000000
vt 0.602941 0.000000
vt 0.220588 0.000000
vt 0.235294 0.000000
vt 0.264706 0.000000
vt 0.279412 0.000000
vt 0.294118 0.000000
vt 0.308824 0.000000
vt 0.323529 0.000000
vt 0.338235 0.000000
vt 0.352941 0.000000
vt 0.367647 0.000000
vt 0.588235 0.000000
vt 0.573529 0.000000
vt 0.558824 0.000000
vt 0.544118 0.000000
vt 0.382353 0.000000
vt 0.617647 0.000000
vt 0.529412 0.000000
vt 0.514706 0.000000
vt 0.485294 0.000000
vt 0.397059 0.000000
vt 0.470588 0.000000
vt 0.455882 0.000000
vt 0.441176 0.000000
vt 0.411765 0.000000
vt 0.426471 0.000000
vt 0.985294 0.000000
vt 0.970588 0.000000
vt 0.955882 0.000000
vt 0.941176 0.000000
vt 0.926471 0.000000
vt 0.014706 0.000000
vt 0.911765 0.000000
vt 0.897059 0.000000
vt 0.882353 0.000000
vt 0.867647 0.000000
vt 0.852941 0.000000
vt 0.029412 0.000000
vt 0.838235 0.000000
vt 0.823529 0.000000
vt 0.808824 0.000000
vt 0.794118 0.000000
vt 0.779412 0.000000
vt 0.764706 0.000000
vt 0.735294 0.000000
vt 0.720588 0.000000
vt 0.705882 0.000000
vt 0.691176 0.000000
vt 0.676471 0.000000
vt 0.661765 0.000000
vt 0.647059 0.000000
vt 0.632353 0.000000
vt 0.176471 0.000000
vt 0.044118 0.000000
vt 0.058824 0.000000
vt 0.073529 0.000000
vt 0.088235 0.000000
vt 0.102941 0.000000
vt 0.117647 0.000000
vt 0.132353 0.000000
vt 0.147059 0.000000
vt 0.161765 0.000000
vt 0.191176 0.000000
vt 0.000000 1.000000
vt 0.034483 1.000000
vt 0.068966 1.000000
vt 0.103448 1.000000
vt 0.137931 1.000000
vt 0.172414 1.000000
vt 0.206897 1.000000
vt 0.241379 1.000000
vt 0.275862 1.000000
vt 0.310345 1.000000
vt 0.344828 1.000000
vt 0.379310 1.000000
vt 0.413793 1.000000
vt 0.448276 1.000000
vt 0.482759 1.000000
vt 0.517241 1.000000
vt 0.551724 1.000000
vt 0.586207 1.000000
vt 0.620690 1.000000
vt 0.655172 1.000000
vt 0.689655 1.000000
vt 0.724138 1.000000
vt 0.758621 1.000000
vt 0.793103 1.000000
vt 0.827586 1.000000
vt 0.862069 1.000000
vt 0.896552 1.000000
vt 0.931035 1.000000
vt 0.965517 1.000000
vt 1.000000 1.000000
vt 0.025000 1.000000
vt 0.025000 0.000000
vt 0.050000 1.000000
vt 0.050000 0.000000
vt 0.075000 1.000000
vt 0.075000 0.000000
vt 0.100000 1.000000
vt 0.100000 0.000000
vt 0.125000 1.000000
vt 0.150000 1.000000
vt 0.150000 0.000000
vt 0.175000 1.000000
vt 0.175000 0.000000
vt 0.200000 1.000000
vt 0.225000 1.000000
vt 0.225000 0.000000
vt 0.250000 1.000000
vt 0.275000 1.000000
vt 0.275000 0.000000
vt 0.300000 1.000000
vt 0.300000 0.000000
vt 0.325000 1.000000
vt 0.325000 0.000000
vt 0.350000 1.000000
vt 0.350000 0.000000
vt 0.375000 1.000000
vt 0.400000 1.000000
vt 0.425000 1.000000
vt 0.425000 0.000000
vt 0.450000 1.000000
vt 0.450000 0.000000
vt 0.475000 1.000000
vt 0.475000 0.000000
vt 0.500000 1.000000
vt 0.525000 1.000000
vt 0.525000 0.000000
vt 0.550000 1.000000
vt 0.550000 0.000000
vt 0.575000 1.000000
vt 0.575000 0.000000
vt 0.600000 1.000000
vt 0.625000 1.000000
vt 0.650000 1.000000
vt 0.650000 0.000000
vt 0.675000 1.000000
vt 0.675000 0.000000
vt 0.700000 1.000000
vt 0.700000 0.000000
vt 0.725000 1.000000
vt 0.725000 0.000000
vt 0.750000 1.000000
vt 0.775000 1.000000
vt 0.775000 0.000000
vt 0.800000 1.000000
vt 0.825000 1.000000
vt 0.825000 0.000000
vt 0.850000 1.000000
vt 0.850000 0.000000
vt 0.875000 1.000000
vt 0.900000 1.000000
vt 0.900000 0.000000
vt 0.925000 1.000000
vt 0.925000 0.000000
vt 0.950000 1.000000
vt 0.950000 0.000000
vt 0.975000 1.000000
vt 0.975000 0.000000
vt 0.011111 1.000000
vt 0.011111 0.000000
vt 0.022222 1.000000
vt 0.022222 0.000000
vt 0.033333 1.000000
vt 0.033333 0.000000
vt 0.044444 1.000000
vt 0.044444 0.000000
vt 0.055556 1.000000
vt 0.055556 0.000000
vt 0.066667 1.000000
vt 0.066667 0.000000
vt 0.077778 1.000000
vt 0.077778 0.000000
vt 0.088889 1.000000
vt 0.088889 0.000000
vt 0.111111 1.000000
vt 0.111111 0.000000
vt 0.122222 1.000000
vt 0.122222 0.000000
vt 0.133333 1.000000
vt 0.133333 0.000000
vt 0.144444 1.000000
vt 0.144444 0.000000
vt 0.155556 1.000000
vt 0.155556 0.000000
vt 0.166667 1.000000
vt 0.177778 1.000000
vt 0.177778 0.000000
vt 0.188889 1.000000
vt 0.188889 0.000000
vt 0.211111 1.000000
vt 0.211111 0.000000
vt 0.222222 1.000000
vt 0.222222 0.000000
vt 0.233333 1.000000
vt 0.233333 0.000000
vt 0.244444 1.000000
vt 0.244444 0.000000
vt 0.255556 1.000000
vt 0.255556 0.000000
vt 0.266667 1.000000
vt 0.266667 0.000000
vt 0.277778 1.000000
vt 0.277778 0.000000
vt 0.288889 1.000000
vt 0.288889 0.000000
vt 0.311111 1.000000
vt 0.311111 0.000000
vt 0.322222 1.000000
vt 0.322222 0.000000
vt 0.333333 1.000000
vt 0.344444 1.000000
vt 0.344444 0.000000
vt 0.355556 1.000000
vt 0.355556 0.000000
vt 0.366667 1.000000
vt 0.366667 0.000000
vt 0.377778 1.000000
vt 0.377778 0.000000
vt 0.388889 1.000000
vt 0.388889 0.000000
vt 0.411111 1.000000
vt 0.411111 0.000000
vt 0.422222 1.000000
vt 0.422222 0.000000
vt 0.433333 1.000000
vt 0.433333 0.000000
vt 0.444444 1.000000
vt 0.444444 0.000000
vt 0.455556 1.000000
vt 0.455556 0.000000
vt 0.466667 1.000000
vt 0.466667 0.000000
vt 0.477778 1.000000
vt 0.477778 0.000000
vt 0.488889 1.000000
vt 0.488889 0.000000
vt 0.511111 1.000000
vt 0.511111 0.000000
vt 0.522222 1.000000
vt 0.522222 0.000000
vt 0.533333 1.000000
vt 0.533333 0.000000
vt 0.544444 1.000000
vt 0.544444 0.000000
vt 0.555556 1.000000
vt 0.555556 0.000000
vt 0.566667 1.000000
vt 0.566667 0.000000
vt 0.577778 1.000000
vt 0.577778 0.000000
vt 0.588889 1.000000
vt 0.588889 0.000000
vt 0.611111 1.000000
vt 0.611111 0.000000
vt 0.622222 1.000000
vt 0.622222 0.000000
vt 0.633333 1.000000
vt 0.633333 0.000000
vt 0.644444 1.000000
vt 0.644444 0.000000
vt 0.655556 1.000000
vt 0.655556 0.000000
vt 0.666667 1.000000
vt 0.677778 1.000000
vt 0.677778 0.000000
vt 0.688889 1.000000
vt 0.688889 0.000000
vt 0.711111 1.000000
vt 0.711111 0.000000
vt 0.722222 1.000000
vt 0.722222 0.000000
vt 0.733333 1.000000
vt 0.733333 0.000000
vt 0.744444 1.000000
vt 0.744444 0.000000
vt 0.755556 1.000000
vt 0.755556 0.000000
vt 0.766667 1.000000
vt 0.766667 0.000000
vt 0.777778 1.000000
vt 0.777778 0.000000
vt 0.788889 1.000000
vt 0.788889 0.000000
vt 0.811111 1.000000
vt 0.811111 0.000000
vt 0.822222 1.000000
vt 0.822222 0.000000
vt 0.833333 1.000000
vt 0.844444 1.000000
vt 0.844444 0.000000
vt 0.855556 1.000000
vt 0.855556 0.000000
vt 0.866667 1.000000
vt 0.866667 0.000000
vt 0.877778 1.000000
vt 0.877778 0.000000
vt 0.888889 1.000000
vt 0.888889 0.000000
vt 0.911111 1.000000
vt 0.911111 0.000000
vt 0.922222 1.000000
vt 0.922222 0.000000
vt 0.933333 1.000000
vt 0.933333 0.000000
vt 0.944444 1.000000
vt 0.944444 0.000000
vt 0.955556 1.000000
vt 0.955556 0.000000
vt 0.966667 1.000000
vt 0.966667 0.000000
vt 0.977778 1.000000
vt 0.977778 0.000000
vt 0.988889 1.000000
vt 0.988889 0.000000
vt 0.025641 1.000000
vt 0.025641 0.000000
vt 0.051282 1.000000
vt 0.051282 0.000000
vt 0.076923 1.000000
vt 0.076923 0.000000
vt 0.102564 1.000000
vt 0.102564 0.000000
vt 0.128205 1.000000
vt 0.128205 0.000000
vt 0.153846 1.000000
vt 0.153846 0.000000
vt 0.179487 1.000000
vt 0.179487 0.000000
vt 0.205128 1.000000
vt 0.205128 0.000000
vt 0.230769 1.000000
vt 0.230769 0.000000
vt 0.256410 1.000000
vt 0.256410 0.000000
vt 0.282051 1.000000
vt 0.282051 0.000000
vt 0.307692 1.000000
vt 0.307692 0.000000
vt 0.358974 1.000000
vt 0.358974 0.000000
vt 0.384615 1.000000
vt 0.384615 0.000000
vt 0.410256 1.000000
vt 0.410256 0.000000
vt 0.435897 1.000000
vt 0.435897 0.000000
vt 0.461538 1.000000
vt 0.461538 0.000000
vt 0.487179 1.000000
vt 0.487179 0.000000
vt 0.512821 1.000000
vt 0.512821 0.000000
vt 0.538462 1.000000
vt 0.538462 0.000000
vt 0.564103 1.000000
vt 0.564103 0.000000
vt 0.589744 1.000000
vt 0.589744 0.000000
vt 0.615385 1.000000
vt 0.615385 0.000000
vt 0.641026 1.000000
vt 0.641026 0.000000
vt 0.692308 1.000000
vt 0.692308 0.000000
vt 0.717949 1.000000
vt 0.717949 0.000000
vt 0.743590 1.000000
vt 0.743590 0.000000
vt 0.769231 1.000000
vt 0.769231 0.000000
vt 0.794872 1.000000
vt 0.794872 0.000000
vt 0.820513 1.000000
vt 0.820513 0.000000
vt 0.846154 1.000000
vt 0.846154 0.000000
vt 0.871795 1.000000
vt 0.871795 0.000000
vt 0.897436 1.000000
vt 0.897436 0.000000
vt 0.923077 1.000000
vt 0.923077 0.000000
vt 0.948718 1.000000
vt 0.948718 0.000000
vt 0.974359 1.000000
vt 0.974359 0.000000
vt 0.010417 1.000000
vt 0.020833 1.000000
vt 0.031250 1.000000
vt 0.041667 1.000000
vt 0.052083 1.000000
vt 0.062500 1.000000
vt 0.072917 1.000000
vt 0.083333 1.000000
vt 0.093750 1.000000
vt 0.104167 1.000000
vt 0.114583 1.000000
vt 0.135417 1.000000
vt 0.145833 1.000000
vt 0.156250 1.000000
vt 0.177083 1.000000
vt 0.187500 1.000000
vt 0.197917 1.000000
vt 0.208333 1.000000
vt 0.218750 1.000000
vt 0.229167 1.000000
vt 0.239583 1.000000
vt 0.260417 1.000000
vt 0.270833 1.000000
vt 0.281250 1.000000
vt 0.291667 1.000000
vt 0.302083 1.000000
vt 0.312500 1.000000
vt 0.322917 1.000000
vt 0.343750 1.000000
vt 0.354167 1.000000
vt 0.364583 1.000000
vt 0.385417 1.000000
vt 0.395833 1.000000
vt 0.406250 1.000000
vt 0.416667 1.000000
vt 0.427083 1.000000
vt 0.437500 1.000000
vt 0.447917 1.000000
vt 0.458333 1.000000
vt 0.468750 1.000000
vt 0.479167 1.000000
vt 0.489583 1.000000
vt 0.510417 1.000000
vt 0.520833 1.000000
vt 0.531250 1.000000
vt 0.541667 1.000000
vt 0.552083 1.000000
vt 0.562500 1.000000
vt 0.572917 1.000000
vt 0.583333 1.000000
vt 0.593750 1.000000
vt 0.604167 1.000000
vt 0.614583 1.000000
vt 0.635417 1.000000
vt 0.645833 1.000000
vt 0.656250 1.000000
vt 0.677083 1.000000
vt 0.687500 1.000000
vt 0.697917 1.000000
vt 0.708333 1.000000
vt 0.718750 1.000000
vt 0.729167 1.000000
vt 0.739583 1.000000
vt 0.760417 1.000000
vt 0.770833 1.000000
vt 0.781250 1.000000
vt 0.791667 1.000000
vt 0.802083 1.000000
vt 0.812500 1.000000
vt 0.822917 1.000000
vt 0.843750 1.000000
vt 0.854167 1.000000
vt 0.864583 1.000000
vt 0.885417 1.000000
vt 0.895833 1.000000
vt 0.906250 1.000000
vt 0.916667 1.000000
vt 0.927083 1.000000
vt 0.937500 1.000000
vt 0.947917 1.000000
vt 0.958333 1.000000
vt 0.968750 1.000000
vt 0.979167 1.000000
vt 0.989583 1.000000
vt 0.010309 1.000000
vt 0.010309 0.000000
vt 0.020619 1.000000
vt 0.020619 0.000000
vt 0.030928 1.000000
vt 0.030928 0.000000
vt 0.041237 1.000000
vt 0.041237 0.000000
vt 0.051546 1.000000
vt 0.051546 0.000000
vt 0.061856 1.000000
vt 0.061856 0.000000
vt 0.072165 1.000000
vt 0.072165 0.000000
vt 0.082474 1.000000
vt 0.082474 0.000000
vt 0.092784 1.000000
vt 0.092784 0.000000
vt 0.103093 1.000000
vt 0.103093 0.000000
vt 0.113402 1.000000
vt 0.113402 0.000000
vt 0.123711 1.000000
vt 0.123711 0.000000
vt 0.134021 1.000000
vt 0.134021 0.000000
vt 0.144330 1.000000
vt 0.144330 0.000000
vt 0.154639 1.000000
vt 0.154639 0.000000
vt 0.164948 1.000000
vt 0.164948 0.000000
vt 0.175258 1.000000
vt 0.175258 0.000000
vt 0.185567 1.000000
vt 0.185567 0.000000
vt 0.195876 1.000000
vt 0.195876 0.000000
vt 0.206186 1.000000
vt 0.206186 0.000000
vt 0.216495 1.000000
vt 0.216495 0.000000
vt 0.226804 1.000000
vt 0.226804 0.000000
vt 0.237113 1.000000
vt 0.237113 0.000000
vt 0.247423 1.000000
vt 0.247423 0.000000
vt 0.257732 1.000000
vt 0.257732 0.000000
vt 0.268041 1.000000
vt 0.268041 0.000000
vt 0.278351 1.000000
vt 0.278351 0.000000
vt 0.288660 1.000000
vt 0.288660 0.000000
vt 0.298969 1.000000
vt 0.298969 0.000000
vt 0.309278 1.000000
vt 0.309278 0.000000
vt 0.319588 1.000000
vt 0.319588 0.000000
vt 0.329897 1.000000
vt 0.329897 0.000000
vt 0.340206 1.000000
vt 0.340206 0.000000
vt 0.350515 1.000000
vt 0.350515 0.000000
vt 0.360825 1.000000
vt 0.360825 0.000000
vt 0.371134 1.000000
vt 0.371134 0.000000
vt 0.381443 1.000000
vt 0.381443 0.000000
vt 0.391753 1.000000
vt 0.391753 0.000000
vt 0.402062 1.000000
vt 0.402062 0.000000
vt 0.412371 1.000000
vt 0.412371 0.000000
vt 0.422680 1.000000
vt 0.422680 0.000000
vt 0.432990 1.000000
vt 0.432990 0.000000
vt 0.443299 1.000000
vt 0.443299 0.000000
vt 0.453608 1.000000
vt 0.453608 0.000000
vt 0.463918 1.000000
vt 0.463918 0.000000
vt 0.474227 1.000000
vt 0.474227 0.000000
vt 0.484536 1.000000
vt 0.484536 0.000000
vt 0.494845 1.000000
vt 0.494845 0.000000
vt 0.505155 1.000000
vt 0.505155 0.000000
vt 0.515464 1.000000
vt 0.515464 0.000000
vt 0.525773 1.000000
vt 0.525773 0.000000
vt 0.536082 1.000000
vt 0.536082 0.000000
vt 0.546392 1.000000
vt 0.546392 0.000000
vt 0.556701 1.000000
vt 0.556701 0.000000
vt 0.567010 1.000000
vt 0.567010 0.000000
vt 0.577320 1.000000
vt 0.577320 0.000000
vt 0.587629 1.000000
vt 0.587629 0.000000
vt 0.597938 1.000000
vt 0.597938 0.000000
vt 0.608247 1.000000
vt 0.608247 0.000000
vt 0.618557 1.000000
vt 0.618557 0.000000
vt 0.628866 1.000000
vt 0.628866 0.000000
vt 0.639175 1.000000
vt 0.639175 0.000000
vt 0.649485 1.000000
vt 0.649485 0.000000
vt 0.659794 1.000000
vt 0.659794 0.000000
vt 0.670103 1.000000
vt 0.670103 0.000000
vt 0.680412 1.000000
vt 0.680412 0.000000
vt 0.690722 1.000000
vt 0.690722 0.000000
vt 0.701031 1.000000
vt 0.701031 0.000000
vt 0.711340 1.000000
vt 0.711340 0.000000
vt 0.721649 1.000000
vt 0.721649 0.000000
vt 0.731959 1.000000
vt 0.731959 0.000000
vt 0.742268 1.000000
vt 0.742268 0.000000
vt 0.752577 1.000000
vt 0.752577 0.000000
vt 0.762887 1.000000
vt 0.762887 0.000000
vt 0.773196 1.000000
vt 0.773196 0.000000
vt 0.783505 1.000000
vt 0.783505 0.000000
vt 0.793814 1.000000
vt 0.793814 0.000000
vt 0.804124 1.000000
vt 0.804124 0.000000
vt 0.814433 1.000000
vt 0.814433 0.000000
vt 0.824742 1.000000
vt 0.824742 0.000000
vt 0.835052 1.000000
vt 0.835052 0.000000
vt 0.845361 1.000000
vt 0.845361 0.000000
vt 0.855670 1.000000
vt 0.855670 0.000000
vt 0.865979 1.000000
vt 0.865979 0.000000
vt 0.876289 1.000000
vt 0.876289 0.000000
vt 0.886598 1.000000
vt 0.886598 0.000000
vt 0.896907 1.000000
vt 0.896907 0.000000
vt 0.907216 1.000000
vt 0.907216 0.000000
vt 0.917526 1.000000
vt 0.917526 0.000000
vt 0.927835 1.000000
vt 0.927835 0.000000
vt 0.938144 1.000000
vt 0.938144 0.000000
vt 0.948454 1.000000
vt 0.948454 0.000000
vt 0.958763 1.000000
vt 0.958763 0.000000
vt 0.969072 1.000000
vt 0.969072 0.000000
vt 0.979381 1.000000
vt 0.979381 0.000000
vt 0.989691 1.000000
vt 0.989691 0.000000
vt 0.018519 1.000000
vt 0.018519 0.000000
vt 0.037037 1.000000
vt 0.037037 0.000000
vt 0.074074 1.000000
vt 0.074074 0.000000
vt 0.092593 1.000000
vt 0.092593 0.000000
vt 0.129630 1.000000
vt 0.129630 0.000000
vt 0.148148 1.000000
vt 0.148148 0.000000
vt 0.185185 1.000000
vt 0.185185 0.000000
vt 0.203704 1.000000
vt 0.203704 0.000000
vt 0.240741 1.000000
vt 0.240741 0.000000
vt 0.259259 1.000000
vt 0.259259 0.000000
vt 0.296296 1.000000
vt 0.296296 0.000000
vt 0.314815 1.000000
vt 0.314815 0.000000
vt 0.351852 1.000000
vt 0.351852 0.000000
vt 0.370370 1.000000
vt 0.370370 0.000000
vt 0.407407 1.000000
vt 0.407407 0.000000
vt 0.425926 1.000000
vt 0.425926 0.000000
vt 0.462963 1.000000
vt 0.462963 0.000000
vt 0.481481 1.000000
vt 0.481481 0.000000
vt 0.518519 1.000000
vt 0.518519 0.000000
vt 0.537037 1.000000
vt 0.537037 0.000000
vt 0.574074 1.000000
vt 0.574074 0.000000
vt 0.592593 1.000000
vt 0.592593 0.000000
vt 0.629630 1.000000
vt 0.629630 0.000000
vt 0.648148 1.000000
vt 0.648148 0.000000
vt 0.685185 1.000000
vt 0.685185 0.000000
vt 0.703704 1.000000
vt 0.703704 0.000000
vt 0.740741 1.000000
vt 0.740741 0.000000
vt 0.759259 1.000000
vt 0.759259 0.000000
vt 0.796296 1.000000
vt 0.796296 0.000000
vt 0.814815 1.000000
vt 0.814815 0.000000
vt 0.851852 1.000000
vt 0.851852 0.000000
vt 0.870370 1.000000
vt 0.870370 0.000000
vt 0.907407 1.000000
vt 0.907407 0.000000
vt 0.925926 1.000000
vt 0.925926 0.000000
vt 0.962963 1.000000
vt 0.962963 0.000000
vt 0.981481 1.000000
vt 0.981481 0.000000
vt 0.006849 1.000000
vt 0.006849 0.000000
vt 0.013699 1.000000
vt 0.013699 0.000000
vt 0.020548 1.000000
vt 0.020548 0.000000
vt 0.027397 1.000000
vt 0.027397 0.000000
vt 0.034247 1.000000
vt 0.034247 0.000000
vt 0.041096 1.000000
vt 0.041096 0.000000
vt 0.047945 1.000000
vt 0.047945 0.000000
vt 0.054795 1.000000
vt 0.054795 0.000000
vt 0.061644 1.000000
vt 0.061644 0.000000
vt 0.068493 1.000000
vt 0.068493 0.000000
vt 0.075342 1.000000
vt 0.075342 0.000000
vt 0.082192 1.000000
vt 0.082192 0.000000
vt 0.089041 1.000000
vt 0.089041 0.000000
vt 0.095890 1.000000
vt 0.095890 0.000000
vt 0.102740 1.000000
vt 0.102740 0.000000
vt 0.109589 1.000000
vt 0.109589 0.000000
vt 0.116438 1.000000
vt 0.116438 0.000000
vt 0.123288 1.000000
vt 0.123288 0.000000
vt 0.130137 1.000000
vt 0.130137 0.000000
vt 0.136986 1.000000
vt 0.136986 0.000000
vt 0.143836 1.000000
vt 0.143836 0.000000
vt 0.150685 1.000000
vt 0.150685 0.000000
vt 0.157534 1.000000
vt 0.157534 0.000000
vt 0.164384 1.000000
vt 0.164384 0.000000
vt 0.171233 1.000000
vt 0.171233 0.000000
vt 0.178082 1.000000
vt 0.178082 0.000000
vt 0.184932 1.000000
vt 0.184932 0.000000
vt 0.191781 1.000000
vt 0.191781 0.000000
vt 0.198630 1.000000
vt 0.198630 0.000000
vt 0.205479 1.000000
vt 0.205479 0.000000
vt 0.212329 1.000000
vt 0.212329 0.000000
vt 0.219178 1.000000
vt 0.219178 0.000000
vt 0.226027 1.000000
vt 0.226027 0.000000
vt 0.232877 1.000000
vt 0.232877 0.000000
vt 0.239726 1.000000
vt 0.239726 0.000000
vt 0.246575 1.000000
vt 0.246575 0.000000
vt 0.253425 1.000000
vt 0.253425 0.000000
vt 0.260274 1.000000
vt 0.260274 0.000000
vt 0.267123 1.000000
vt 0.267123 0.000000
vt 0.273973 1.000000
vt 0.273973 0.000000
vt 0.280822 1.000000
vt 0.280822 0.000000
vt 0.287671 1.000000
vt 0.287671 0.000000
vt 0.294521 1.000000
vt 0.294521 0.000000
vt 0.301370 1.000000
vt 0.301370 0.000000
vt 0.308219 1.000000
vt 0.308219 0.000000
vt 0.315068 1.000000
vt 0.315068 0.000000
vt 0.321918 1.000000
vt 0.321918 0.000000
vt 0.328767 1.000000
vt 0.328767 0.000000
vt 0.335616 1.000000
vt 0.335616 0.000000
vt 0.342466 1.000000
vt 0.342466 0.000000
vt 0.349315 1.000000
vt 0.349315 0.000000
vt 0.356164 1.000000
vt 0.356164 0.000000
vt 0.363014 1.000000
vt 0.363014 0.000000
vt 0.369863 1.000000
vt 0.369863 0.000000
vt 0.376712 1.000000
vt 0.376712 0.000000
vt 0.383562 1.000000
vt 0.383562 0.000000
vt 0.390411 1.000000
vt 0.390411 0.000000
vt 0.397260 1.000000
vt 0.397260 0.000000
vt 0.404110 1.000000
vt 0.404110 0.000000
vt 0.410959 1.000000
vt 0.410959 0.000000
vt 0.417808 1.000000
vt 0.417808 0.000000
vt 0.424658 1.000000
vt 0.424658 0.000000
vt 0.431507 1.000000
vt 0.431507 0.000000
vt 0.438356 1.000000
vt 0.438356 0.000000
vt 0.445205 1.000000
vt 0.445205 0.000000
vt 0.452055 1.000000
vt 0.452055 0.000000
vt 0.458904 1.000000
vt 0.458904 0.000000
vt 0.465753 1.000000
vt 0.465753 0.000000
vt 0.472603 1.000000
vt 0.472603 0.000000
vt 0.479452 1.000000
vt 0.479452 0.000000
vt 0.486301 1.000000
vt 0.486301 0.000000
vt 0.493151 1.000000
vt 0.493151 0.000000
vt 0.506849 1.000000
vt 0.506849 0.000000
vt 0.513699 1.000000
vt 0.513699 0.000000
vt 0.520548 1.000000
vt 0.520548 0.000000
vt 0.527397 1.000000
vt 0.527397 0.000000
vt 0.534247 1.000000
vt 0.534247 0.000000
vt 0.541096 1.000000
vt 0.541096 0.000000
vt 0.547945 1.000000
vt 0.547945 0.000000
vt 0.554795 1.000000
vt 0.554795 0.000000
vt 0.561644 1.000000
vt 0.561644 0.000000
vt 0.568493 1.000000
vt 0.568493 0.000000
vt 0.575342 1.000000
vt 0.575342 0.000000
vt 0.582192 1.000000
vt 0.582192 0.000000
vt 0.589041 1.000000
vt 0.589041 0.000000
vt 0.595890 1.000000
vt 0.595890 0.000000
vt 0.602740 1.000000
vt 0.602740 0.000000
vt 0.609589 1.000000
vt 0.609589 0.000000
vt 0.616438 1.000000
vt 0.616438 0.000000
vt 0.623288 1.000000
vt 0.623288 0.000000
vt 0.630137 1.000000
vt 0.630137 0.000000
vt 0.636986 1.000000
vt 0.636986 0.000000
vt 0.643836 1.000000
vt 0.643836 0.000000
vt 0.650685 1.000000
vt 0.650685 0.000000
vt 0.657534 1.000000
vt 0.657534 0.000000
vt 0.664384 1.000000
vt 0.664384 0.000000
vt 0.671233 1.000000
vt 0.671233 0.000000
vt 0.678082 1.000000
vt 0.678082 0.000000
vt 0.684932 1.000000
vt 0.684932 0.000000
vt 0.691781 1.000000
vt 0.691781 0.000000
vt 0.698630 1.000000
vt 0.698630 0.000000
vt 0.705479 1.000000
vt 0.705479 0.000000
vt 0.712329 1.000000
vt 0.712329 0.000000
vt 0.719178 1.000000
vt 0.719178 0.000000
vt 0.726027 1.000000
vt 0.726027 0.000000
vt 0.732877 1.000000
vt 0.732877 0.000000
vt 0.739726 1.000000
vt 0.739726 0.000000
vt 0.746575 1.000000
vt 0.746575 0.000000
vt 0.753425 1.000000
vt 0.753425 0.000000
vt 0.760274 1.000000
vt 0.760274 0.000000
vt 0.767123 1.000000
vt 0.767123 0.000000
vt 0.773973 1.000000
vt 0.773973 0.000000
vt 0.780822 1.000000
vt 0.780822 0.000000
vt 0.787671 1.000000
vt 0.787671 0.000000
vt 0.794521 1.000000
vt 0.794521 0.000000
vt 0.801370 1.000000
vt 0.801370 0.000000
vt 0.808219 1.000000
vt 0.808219 0.000000
vt 0.815068 1.000000
vt 0.815068 0.000000
vt 0.821918 1.000000
vt 0.821918 0.000000
vt 0.828767 1.000000
vt 0.828767 0.000000
vt 0.835616 1.000000
vt 0.835616 0.000000
vt 0.842466 1.000000
vt 0.842466 0.000000
vt 0.849315 1.000000
vt 0.849315 0.000000
vt 0.856164 1.000000
vt 0.856164 0.000000
vt 0.863014 1.000000
vt 0.863014 0.000000
vt 0.869863 1.000000
vt 0.869863 0.000000
vt 0.876712 1.000000
vt 0.876712 0.000000
vt 0.883562 1.000000
vt 0.883562 0.000000
vt 0.890411 1.000000
vt 0.890411 0.000000
vt 0.897260 1.000000
vt 0.897260 0.000000
vt 0.904110 1.000000
vt 0.904110 0.000000
vt 0.910959 1.000000
vt 0.910959 0.000000
vt 0.917808 1.000000
vt 0.917808 0.000000
vt 0.924658 1.000000
vt 0.924658 0.000000
vt 0.931507 1.000000
vt 0.931507 0.000000
vt 0.938356 1.000000
vt 0.938356 0.000000
vt 0.945205 1.000000
vt 0.945205 0.000000
vt 0.952055 1.000000
vt 0.952055 0.000000
vt 0.958904 1.000000
vt 0.958904 0.000000
vt 0.965753 1.000000
vt 0.965753 0.000000
vt 0.972603 1.000000
vt 0.972603 0.000000
vt 0.979452 1.000000
vt 0.979452 0.000000
vt 0.986301 1.000000
vt 0.986301 0.000000
vt 0.993151 1.000000
vt 0.993151 0.000000
s 0
usemtl Material.008
f 6/1/1 8/2/1 7/3/1
f 6/1/1 1/4/1 8/2/1
f 5/5/1 1/4/1 6/1/1
f 4/6/1 2/7/1 5/5/1
f 2/7/2 1/4/2 5/5/2
f 4/6/1 3/8/1 2/7/1
f 68/9/1 70/10/1 69/11/1
f 68/9/1 71/12/1 70/10/1
f 68/9/1 72/13/1 71/12/1
f 67/14/1 72/13/1 68/9/1
f 67/14/1 73/15/1 72/13/1
f 67/14/1 74/16/1 73/15/1
f 66/17/1 74/16/1 67/14/1
f 66/17/1 75/18/1 74/16/1
f 66/17/1 76/19/1 75/18/1
f 65/20/1 76/19/1 66/17/1
f 65/20/1 77/21/1 76/19/1
f 65/20/1 78/22/1 77/21/1
f 64/23/1 78/22/1 65/20/1
f 64/23/1 79/24/1 78/22/1
f 63/25/1 79/24/1 64/23/1
f 63/25/1 80/26/1 79/24/1
f 63/25/1 81/27/1 80/26/1
f 62/28/1 81/27/1 63/25/1
f 62/28/1 90/29/1 81/27/1
f 90/29/1 89/30/1 81/27/1
f 89/30/1 88/31/1 81/27/1
f 88/31/1 87/32/1 81/27/1
f 87/32/1 86/33/1 81/27/1
f 86/33/1 85/34/1 81/27/1
f 85/34/1 84/35/1 81/27/1
f 84/35/1 83/36/1 81/27/1
f 83/36/1 82/37/1 81/27/1
f 61/38/1 93/39/1 62/28/1
f 93/39/1 92/40/1 62/28/1
f 92/40/1 91/41/1 62/28/1
f 91/41/1 90/29/1 62/28/1
f 60/42/1 94/43/1 61/38/1
f 94/43/1 93/39/1 61/38/1
f 60/42/1 95/44/1 94/43/1
f 60/42/1 96/45/1 95/44/1
f 60/42/1 97/46/1 96/45/1
f 60/42/1 98/47/1 97/46/1
f 59/48/1 98/47/1 60/42/1
f 59/48/1 99/49/1 98/47/1
f 59/48/1 100/50/1 99/49/1
f 59/48/1 101/51/1 100/50/1
f 58/52/1 101/51/1 59/48/1
f 58/52/1 102/53/1 101/51/1
f 58/52/1 103/54/1 102/53/1
f 57/55/1 103/54/1 58/52/1
f 57/55/1 104/56/1 103/54/1
f 57/55/1 105/57/1 104/56/1
f 56/58/1 105/57/1 57/55/1
f 56/58/1 106/59/1 105/57/1
f 55/60/1 106/59/1 56/58/1
f 55/60/1 107/61/1 106/59/1
f 54/62/1 107/61/1 55/60/1
f 54/62/1 108/63/1 107/61/1
f 53/64/1 108/63/1 54/62/1
f 53/64/1 109/65/1 108/63/1
f 52/66/1 109/65/1 53/64/1
f 52/66/1 110/67/1 109/65/1
f 52/66/1 111/68/1 110/67/1
f 51/69/1 111/68/1 52/66/1
f 51/69/1 112/70/1 111/68/1
f 50/71/1 112/70/1 51/69/1
f 50/71/1 113/72/1 112/70/1
f 49/73/1 113/72/1 50/71/1
f 49/73/1 114/74/1 113/72/1
f 48/75/1 114/74/1 49/73/1
f 48/75/1 115/76/1 114/74/1
f 47/77/1 115/76/1 48/75/1
f 47/77/1 116/78/1 115/76/1
f 46/79/1 116/78/1 47/77/1
f 46/79/1 117/80/1 116/78/1
f 45/81/1 117/80/1 46/79/1
f 45/81/1 118/82/1 117/80/1
f 44/83/1 118/82/1 45/81/1
f 44/83/1 119/84/1 118/82/1
f 44/83/1 120/85/1 119/84/1
f 43/86/1 120/85/1 44/83/1
f 43/86/1 121/87/1 120/85/1
f 42/88/1 121/87/1 43/86/1
f 42/88/1 122/89/1 121/87/1
f 41/90/1 122/89/1 42/88/1
f 41/90/1 123/91/1 122/89/1
f 40/92/1 123/91/1 41/90/1
f 40/92/1 124/93/1 123/91/1
f 39/94/1 124/93/1 40/92/1
f 39/94/1 125/95/1 124/93/1
f 39/94/1 126/96/1 125/95/1
f 38/97/1 126/96/1 39/94/1
f 38/97/1 127/98/1 126/96/1
f 37/99/1 127/98/1 38/97/1
f 37/99/1 128/100/1 127/98/1
f 36/101/1 128/100/1 37/99/1
f 36/101/1 129/102/1 128/100/1
f 35/103/1 129/102/1 36/101/1
f 35/103/1 130/104/1 129/102/1
f 35/103/1 131/105/1 130/104/1
f 34/106/1 131/105/1 35/103/1
f 33/107/1 131/105/1 34/106/1
f 32/108/1 131/105/1 33/107/1
f 32/108/1 132/109/1 131/105/1
f 32/108/1 133/110/1 132/109/1
f 32/108/1 134/111/1 133/110/1
f 31/112/1 134/111/1 32/108/1
f 31/112/1 135/113/1 134/111/1
f 153/114/1 9/4/1 154/2/1
f 152/115/1 9/4/1 153/114/1
f 31/112/1 136/116/1 135/113/1
f 30/117/1 136/116/1 31/112/1
f 151/118/1 9/4/1 152/115/1
f 30/117/1 137/119/1 136/116/1
f 150/120/1 9/4/1 151/118/1
f 30/117/1 138/121/1 137/119/1
f 149/122/1 9/4/1 150/120/1
f 148/123/1 9/4/1 149/122/1
f 30/117/1 139/124/1 138/121/1
f 147/125/1 9/4/1 148/123/1
f 29/126/1 139/124/1 30/117/1
f 29/126/1 140/127/1 139/124/1
f 146/128/1 9/4/1 147/125/1
f 145/129/1 9/4/1 146/128/1
f 29/126/1 141/130/1 140/127/1
f 144/131/1 9/4/1 145/129/1
f 143/132/1 9/4/1 144/131/1
f 29/126/1 142/133/1 141/130/1
f 142/133/1 9/4/1 143/132/1
f 29/126/1 9/4/1 142/133/1
f 28/134/1 9/4/1 29/126/1
f 27/135/1 9/4/1 28/134/1
f 27/135/1 10/136/1 9/4/1
f 26/137/1 10/136/1 27/135/1
f 26/137/1 11/138/1 10/136/1
f 25/139/1 11/138/1 26/137/1
f 25/139/1 12/140/1 11/138/1
f 25/139/1 13/141/1 12/140/1
f 24/142/1 13/141/1 25/139/1
f 24/142/1 14/143/1 13/141/1
f 24/142/1 15/144/1 14/143/1
f 23/145/1 15/144/1 24/142/1
f 23/145/1 16/146/1 15/144/1
f 23/145/1 17/147/1 16/146/1
f 22/148/1 17/147/1 23/145/1
f 22/148/1 18/149/1 17/147/1
f 22/148/1 19/150/1 18/149/1
f 21/151/1 19/150/1 22/148/1
f 21/151/1 20/152/1 19/150/1
f 162/153/1 166/2/1 163/154/1
f 166/2/1 164/155/1 163/154/1
f 166/2/1 165/156/1 164/155/1
f 162/153/1 155/4/1 166/2/1
f 162/153/1 158/157/1 155/4/1
f 158/157/1 156/158/1 155/4/1
f 158/157/1 157/159/1 156/158/1
f 162/153/1 159/160/1 158/157/1
f 162/153/1 160/161/1 159/160/1
f 162/153/1 161/162/1 160/161/1
f 217/163/1 219/164/1 218/165/1
f 217/163/1 216/166/1 219/164/1
f 216/166/1 220/2/1 219/164/1
f 215/167/1 220/2/1 216/166/1
f 214/168/1 220/2/1 215/167/1
f 214/168/1 167/4/1 220/2/1
f 213/169/1 167/4/1 214/168/1
f 213/169/1 168/170/1 167/4/1
f 212/171/1 168/170/1 213/169/1
f 211/172/1 168/170/1 212/171/1
f 211/172/1 169/173/1 168/170/1
f 210/174/1 169/173/1 211/172/1
f 209/175/1 169/173/1 210/174/1
f 190/176/1 192/177/1 191/178/1
f 190/176/1 193/179/1 192/177/1
f 208/180/1 169/173/1 209/175/1
f 190/176/1 194/181/1 193/179/1
f 208/180/1 170/182/1 169/173/1
f 190/176/1 195/183/1 194/181/1
f 207/184/1 170/182/1 208/180/1
f 190/176/1 196/185/1 195/183/1
f 190/176/1 197/186/1 196/185/1
f 206/187/1 170/182/1 207/184/1
f 190/176/1 198/188/1 197/186/1
f 190/176/1 199/189/1 198/188/1
f 205/190/1 170/182/1 206/187/1
f 190/176/1 200/191/1 199/189/1
f 204/192/1 170/182/1 205/190/1
f 190/176/1 201/193/1 200/191/1
f 190/176/1 202/194/1 201/193/1
f 203/195/1 170/182/1 204/192/1
f 190/176/1 203/195/1 202/194/1
f 190/176/1 170/182/1 203/195/1
f 190/176/1 171/196/1 170/182/1
f 190/176/1 172/197/1 171/196/1
f 190/176/1 173/198/1 172/197/1
f 190/176/1 174/199/1 173/198/1
f 189/200/1 174/199/1 190/176/1
f 188/201/1 174/199/1 189/200/1
f 188/201/1 175/202/1 174/199/1
f 187/203/1 175/202/1 188/201/1
f 186/204/1 175/202/1 187/203/1
f 185/205/1 175/202/1 186/204/1
f 185/205/1 176/206/1 175/202/1
f 184/207/1 176/206/1 185/205/1
f 183/208/1 176/206/1 184/207/1
f 182/209/1 176/206/1 183/208/1
f 182/209/1 177/210/1 176/206/1
f 181/211/1 177/210/1 182/209/1
f 180/212/1 177/210/1 181/211/1
f 180/212/1 178/213/1 177/210/1
f 179/214/1 178/213/1 180/212/1
f 291/215/1 293/216/1 292/217/1
f 290/218/1 293/216/1 291/215/1
f 290/218/1 294/219/1 293/216/1
f 289/220/1 294/219/1 290/218/1
f 289/220/1 295/221/1 294/219/1
f 288/222/1 295/221/1 289/220/1
f 288/222/1 296/223/1 295/221/1
f 287/224/1 296/223/1 288/222/1
f 287/224/1 297/225/1 296/223/1
f 286/226/1 297/225/1 287/224/1
f 286/226/1 298/227/1 297/225/1
f 285/228/1 298/227/1 286/226/1
f 285/228/1 299/229/1 298/227/1
f 284/230/1 299/229/1 285/228/1
f 284/230/1 300/231/1 299/229/1
f 283/232/1 300/231/1 284/230/1
f 283/232/1 353/233/1 300/231/1
f 353/233/1 301/234/1 300/231/1
f 283/232/1 354/235/1 353/233/1
f 352/236/1 301/234/1 353/233/1
f 283/232/1 355/237/1 354/235/1
f 351/238/1 301/234/1 352/236/1
f 283/232/1 356/239/1 355/237/1
f 350/240/1 301/234/1 351/238/1
f 282/241/1 356/239/1 283/232/1
f 350/240/1 302/242/1 301/234/1
f 282/241/1 357/243/1 356/239/1
f 349/244/1 302/242/1 350/240/1
f 282/241/1 358/245/1 357/243/1
f 348/246/1 302/242/1 349/244/1
f 282/241/1 359/247/1 358/245/1
f 347/248/1 302/242/1 348/246/1
f 282/241/1 360/249/1 359/247/1
f 346/250/1 302/242/1 347/248/1
f 281/251/1 360/249/1 282/241/1
f 346/250/1 303/252/1 302/242/1
f 281/251/1 361/253/1 360/249/1
f 345/254/1 303/252/1 346/250/1
f 281/251/1 362/255/1 361/253/1
f 344/256/1 303/252/1 345/254/1
f 344/256/1 304/257/1 303/252/1
f 280/258/1 362/255/1 281/251/1
f 280/258/1 363/259/1 362/255/1
f 343/260/1 304/257/1 344/256/1
f 280/258/1 364/261/1 363/259/1
f 342/262/1 304/257/1 343/260/1
f 342/262/1 305/263/1 304/257/1
f 279/264/1 364/261/1 280/258/1
f 279/264/1 365/265/1 364/261/1
f 341/266/1 340/267/1 342/262/1
f 340/267/1 305/263/1 342/262/1
f 340/267/1 306/268/1 305/263/1
f 278/269/1 365/265/1 279/264/1
f 278/269/1 366/270/1 365/265/1
f 339/271/1 306/268/1 340/267/1
f 339/271/1 307/272/1 306/268/1
f 277/273/1 366/270/1 278/269/1
f 277/273/1 367/274/1 366/270/1
f 338/275/1 307/272/1 339/271/1
f 338/275/1 308/276/1 307/272/1
f 276/277/1 367/274/1 277/273/1
f 276/277/1 368/278/1 367/274/1
f 337/279/1 308/276/1 338/275/1
f 337/279/1 309/280/1 308/276/1
f 275/281/1 368/278/1 276/277/1
f 275/281/1 369/282/1 368/278/1
f 336/283/1 309/280/1 337/279/1
f 275/281/1 370/284/1 369/282/1
f 336/283/1 310/285/1 309/280/1
f 274/286/1 370/284/1 275/281/1
f 335/287/1 310/285/1 336/283/1
f 274/286/1 371/288/1 370/284/1
f 335/287/1 311/289/1 310/285/1
f 273/290/1 371/288/1 274/286/1
f 334/291/1 311/289/1 335/287/1
f 273/290/1 372/292/1 371/288/1
f 334/291/1 312/293/1 311/289/1
f 272/294/1 372/292/1 273/290/1
f 333/295/1 312/293/1 334/291/1
f 272/294/1 373/296/1 372/292/1
f 333/295/1 313/297/1 312/293/1
f 271/298/1 373/296/1 272/294/1
f 332/299/1 313/297/1 333/295/1
f 271/298/1 374/300/1 373/296/1
f 332/299/1 314/301/1 313/297/1
f 331/302/1 314/301/1 332/299/1
f 270/303/1 374/300/1 271/298/1
f 270/303/1 375/304/1 374/300/1
f 330/305/1 314/301/1 331/302/1
f 330/305/1 315/306/1 314/301/1
f 269/307/1 375/304/1 270/303/1
f 269/307/1 376/308/1 375/304/1
f 329/309/1 315/306/1 330/305/1
f 329/309/1 316/310/1 315/306/1
f 268/311/1 376/308/1 269/307/1
f 268/311/1 377/312/1 376/308/1
f 328/313/1 316/310/1 329/309/1
f 267/314/1 377/312/1 268/311/1
f 267/314/1 378/315/1 377/312/1
f 328/313/1 221/4/1 316/310/1
f 327/316/1 221/4/1 328/313/1
f 267/314/1 379/317/1 378/315/1
f 266/318/1 379/317/1 267/314/1
f 327/316/1 222/319/1 221/4/1
f 326/320/1 222/319/1 327/316/1
f 266/318/1 380/321/1 379/317/1
f 265/322/1 380/321/1 266/318/1
f 325/323/1 222/319/1 326/320/1
f 325/323/1 223/324/1 222/319/1
f 265/322/1 381/325/1 380/321/1
f 324/326/1 223/324/1 325/323/1
f 264/327/1 381/325/1 265/322/1
f 324/326/1 224/328/1 223/324/1
f 264/327/1 382/329/1 381/325/1
f 323/330/1 224/328/1 324/326/1
f 263/331/1 382/329/1 264/327/1
f 323/330/1 225/332/1 224/328/1
f 263/331/1 383/333/1 382/329/1
f 322/334/1 225/332/1 323/330/1
f 262/335/1 383/333/1 263/331/1
f 322/334/1 226/336/1 225/332/1
f 262/335/1 384/337/1 383/333/1
f 321/338/1 226/336/1 322/334/1
f 261/339/1 384/337/1 262/335/1
f 261/339/1 385/340/1 384/337/1
f 320/341/1 226/336/1 321/338/1
f 320/341/1 227/342/1 226/336/1
f 260/343/1 385/340/1 261/339/1
f 260/343/1 386/344/1 385/340/1
f 319/345/1 227/342/1 320/341/1
f 319/345/1 228/346/1 227/342/1
f 260/343/1 387/347/1 386/344/1
f 318/348/1 228/346/1 319/345/1
f 259/349/1 387/347/1 260/343/1
f 318/348/1 229/350/1 228/346/1
f 259/349/1 388/351/1 387/347/1
f 317/352/1 229/350/1 318/348/1
f 258/353/1 388/351/1 259/349/1
f 258/353/1 389/354/1 388/351/1
f 413/2/1 229/350/1 317/352/1
f 413/2/1 230/355/1 229/350/1
f 258/353/1 390/356/1 389/354/1
f 257/357/1 390/356/1 258/353/1
f 412/358/1 230/355/1 413/2/1
f 412/358/1 231/359/1 230/355/1
f 256/360/1 390/356/1 257/357/1
f 412/358/1 232/361/1 231/359/1
f 255/362/1 390/356/1 256/360/1
f 255/362/1 391/363/1 390/356/1
f 411/364/1 232/361/1 412/358/1
f 411/364/1 233/365/1 232/361/1
f 255/362/1 392/366/1 391/363/1
f 410/367/1 233/365/1 411/364/1
f 255/362/1 393/368/1 392/366/1
f 409/369/1 233/365/1 410/367/1
f 254/370/1 393/368/1 255/362/1
f 409/369/1 234/371/1 233/365/1
f 254/370/1 394/372/1 393/368/1
f 408/373/1 234/371/1 409/369/1
f 254/370/1 395/374/1 394/372/1
f 407/375/1 234/371/1 408/373/1
f 253/376/1 395/374/1 254/370/1
f 407/375/1 235/377/1 234/371/1
f 253/376/1 396/378/1 395/374/1
f 406/379/1 235/377/1 407/375/1
f 253/376/1 397/380/1 396/378/1
f 405/381/1 235/377/1 406/379/1
f 253/376/1 398/382/1 397/380/1
f 404/383/1 235/377/1 405/381/1
f 404/383/1 236/384/1 235/377/1
f 253/376/1 399/385/1 398/382/1
f 252/386/1 399/385/1 253/376/1
f 403/387/1 236/384/1 404/383/1
f 252/386/1 400/388/1 399/385/1
f 402/389/1 236/384/1 403/387/1
f 252/386/1 401/390/1 400/388/1
f 401/390/1 236/384/1 402/389/1
f 252/386/1 236/384/1 401/390/1
f 252/386/1 237/391/1 236/384/1
f 251/392/1 237/391/1 252/386/1
f 251/392/1 238/393/1 237/391/1
f 250/394/1 238/393/1 251/392/1
f 250/394/1 239/395/1 238/393/1
f 249/396/1 239/395/1 250/394/1
f 249/396/1 240/397/1 239/395/1
f 248/398/1 240/397/1 249/396/1
f 248/398/1 241/399/1 240/397/1
f 247/400/1 241/399/1 248/398/1
f 247/400/1 242/401/1 241/399/1
f 246/402/1 242/401/1 247/400/1
f 246/402/1 243/403/1 242/401/1
f 245/404/1 243/403/1 246/402/1
f 245/404/1 244/405/1 243/403/1
f 441/406/1 528/366/1 442/331/1
f 528/366/1 443/407/1 442/331/1
f 528/366/1 444/318/1 443/407/1
f 528/366/1 445/408/1 444/318/1
f 528/366/1 446/307/1 445/408/1
f 528/366/1 447/409/1 446/307/1
f 528/366/1 448/294/1 447/409/1
f 528/366/1 449/410/1 448/294/1
f 528/366/1 450/281/1 449/410/1
f 528/366/1 451/411/1 450/281/1
f 528/366/1 452/269/1 451/411/1
f 528/366/1 453/412/1 452/269/1
f 528/366/1 454/251/1 453/412/1
f 528/366/1 455/413/1 454/251/1
f 528/366/1 456/230/1 455/413/1
f 528/366/1 457/414/1 456/230/1
f 528/366/1 458/224/1 457/414/1
f 528/366/1 459/415/1 458/224/1
f 528/366/1 460/218/1 459/415/1
f 528/366/1 461/416/1 460/218/1
f 528/366/1 462/216/1 461/416/1
f 528/366/1 527/417/1 462/216/1
f 527/417/1 463/418/1 462/216/1
f 441/406/1 529/419/1 528/366/1
f 526/354/1 463/418/1 527/417/1
f 525/420/1 463/418/1 526/354/1
f 525/420/1 524/344/1 463/418/1
f 524/344/1 523/421/1 463/418/1
f 523/421/1 464/223/1 463/418/1
f 522/333/1 464/223/1 523/421/1
f 521/422/1 464/223/1 522/333/1
f 520/321/1 464/223/1 521/422/1
f 519/423/1 464/223/1 520/321/1
f 519/423/1 465/424/1 464/223/1
f 518/312/1 465/424/1 519/423/1
f 517/425/1 465/424/1 518/312/1
f 517/425/1 466/229/1 465/424/1
f 516/300/1 466/229/1 517/425/1
f 516/300/1 467/426/1 466/229/1
f 515/427/1 467/426/1 516/300/1
f 514/288/1 467/426/1 515/427/1
f 514/288/1 468/242/1 467/426/1
f 513/428/1 468/242/1 514/288/1
f 512/278/1 468/242/1 513/428/1
f 512/278/1 469/429/1 468/242/1
f 511/430/1 469/429/1 512/278/1
f 510/265/1 469/429/1 511/430/1
f 509/431/1 469/429/1 510/265/1
f 509/431/1 470/263/1 469/429/1
f 508/255/1 470/263/1 509/431/1
f 507/432/1 470/263/1 508/255/1
f 506/247/1 470/263/1 507/432/1
f 505/433/1 470/263/1 506/247/1
f 505/433/1 471/434/1 470/263/1
f 504/239/1 471/434/1 505/433/1
f 542/2/1 471/434/1 504/239/1
f 541/435/1 471/434/1 542/2/1
f 540/367/1 471/434/1 541/435/1
f 539/436/1 471/434/1 540/367/1
f 538/375/1 471/434/1 539/436/1
f 537/437/1 471/434/1 538/375/1
f 537/437/1 472/276/1 471/434/1
f 536/383/1 472/276/1 537/437/1
f 535/438/1 472/276/1 536/383/1
f 534/390/1 472/276/1 535/438/1
f 533/439/1 472/276/1 534/390/1
f 532/382/1 472/276/1 533/439/1
f 531/440/1 472/276/1 532/382/1
f 530/374/1 472/276/1 531/440/1
f 441/406/1 439/441/1 529/419/1
f 439/441/1 530/374/1 529/419/1
f 439/441/1 472/276/1 530/374/1
f 439/441/1 473/442/1 472/276/1
f 439/441/1 474/289/1 473/442/1
f 439/441/1 475/443/1 474/289/1
f 439/441/1 476/301/1 475/443/1
f 439/441/1 477/444/1 476/301/1
f 439/441/1 478/352/1 477/444/1
f 439/441/1 479/445/1 478/352/1
f 439/441/1 480/341/1 479/445/1
f 439/441/1 481/446/1 480/341/1
f 439/441/1 482/330/1 481/446/1
f 439/441/1 483/447/1 482/330/1
f 439/441/1 484/320/1 483/447/1
f 439/441/1 485/448/1 484/320/1
f 439/441/1 426/395/1 485/448/1
f 426/395/1 486/309/1 485/448/1
f 439/441/1 427/449/1 426/395/1
f 425/450/1 486/309/1 426/395/1
f 439/441/1 428/401/1 427/449/1
f 439/441/1 429/451/1 428/401/1
f 439/441/1 430/404/1 429/451/1
f 439/441/1 431/452/1 430/404/1
f 439/441/1 432/398/1 431/452/1
f 439/441/1 433/453/1 432/398/1
f 439/441/1 434/392/1 433/453/1
f 439/441/1 435/454/1 434/392/1
f 439/441/1 436/370/1 435/454/1
f 439/441/1 437/455/1 436/370/1
f 439/441/1 438/357/1 437/455/1
f 441/406/1 440/343/1 439/441/1
f 425/450/1 487/456/1 486/309/1
f 425/450/1 488/299/1 487/456/1
f 425/450/1 489/457/1 488/299/1
f 425/450/1 490/287/1 489/457/1
f 425/450/1 491/458/1 490/287/1
f 425/450/1 492/275/1 491/458/1
f 424/384/1 492/275/1 425/450/1
f 424/384/1 493/459/1 492/275/1
f 423/460/1 493/459/1 424/384/1
f 423/460/1 494/266/1 493/459/1
f 422/365/1 494/266/1 423/460/1
f 422/365/1 495/461/1 494/266/1
f 421/462/1 495/461/1 422/365/1
f 421/462/1 496/256/1 495/461/1
f 420/355/1 496/256/1 421/462/1
f 420/355/1 497/463/1 496/256/1
f 419/464/1 497/463/1 420/355/1
f 419/464/1 498/248/1 497/463/1
f 418/342/1 498/248/1 419/464/1
f 418/342/1 499/465/1 498/248/1
f 417/466/1 499/465/1 418/342/1
f 417/466/1 500/240/1 499/465/1
f 416/328/1 500/240/1 417/466/1
f 416/328/1 501/467/1 500/240/1
f 415/468/1 501/467/1 416/328/1
f 415/468/1 502/233/1 501/467/1
f 415/468/1 503/469/1 502/233/1
f 414/4/1 503/469/1 415/468/1
f 557/470/1 584/471/1 558/472/1
f 584/471/1 559/473/1 558/472/1
f 584/471/1 560/307/1 559/473/1
f 584/471/1 561/474/1 560/307/1
f 584/471/1 562/475/1 561/474/1
f 584/471/1 563/476/1 562/475/1
f 584/471/1 564/477/1 563/476/1
f 584/471/1 565/478/1 564/477/1
f 584/471/1 566/479/1 565/478/1
f 584/471/1 567/480/1 566/479/1
f 584/471/1 568/481/1 567/480/1
f 584/471/1 583/482/1 568/481/1
f 583/482/1 582/483/1 568/481/1
f 582/483/1 581/484/1 568/481/1
f 581/484/1 580/485/1 568/481/1
f 580/485/1 569/486/1 568/481/1
f 557/470/1 585/487/1 584/471/1
f 579/488/1 569/486/1 580/485/1
f 578/489/1 569/486/1 579/488/1
f 577/352/1 569/486/1 578/489/1
f 576/490/1 569/486/1 577/352/1
f 576/490/1 570/491/1 569/486/1
f 575/492/1 570/491/1 576/490/1
f 574/493/1 570/491/1 575/492/1
f 573/494/1 570/491/1 574/493/1
f 573/494/1 571/495/1 570/491/1
f 572/496/1 571/495/1 573/494/1
f 611/2/1 571/495/1 572/496/1
f 610/497/1 571/495/1 611/2/1
f 609/498/1 571/495/1 610/497/1
f 609/498/1 543/4/1 571/495/1
f 608/499/1 543/4/1 609/498/1
f 607/500/1 543/4/1 608/499/1
f 606/501/1 543/4/1 607/500/1
f 606/501/1 544/502/1 543/4/1
f 605/503/1 544/502/1 606/501/1
f 604/504/1 544/502/1 605/503/1
f 603/505/1 544/502/1 604/504/1
f 602/506/1 544/502/1 603/505/1
f 601/507/1 544/502/1 602/506/1
f 601/507/1 545/508/1 544/502/1
f 600/509/1 545/508/1 601/507/1
f 599/510/1 545/508/1 600/509/1
f 598/511/1 545/508/1 599/510/1
f 597/512/1 545/508/1 598/511/1
f 596/513/1 545/508/1 597/512/1
f 595/514/1 545/508/1 596/513/1
f 594/265/1 545/508/1 595/514/1
f 593/515/1 545/508/1 594/265/1
f 592/516/1 545/508/1 593/515/1
f 591/517/1 545/508/1 592/516/1
f 590/518/1 545/508/1 591/517/1
f 589/519/1 545/508/1 590/518/1
f 588/520/1 545/508/1 589/519/1
f 587/521/1 545/508/1 588/520/1
f 586/522/1 545/508/1 587/521/1
f 557/470/1 555/523/1 585/487/1
f 555/523/1 586/522/1 585/487/1
f 555/523/1 545/508/1 586/522/1
f 555/523/1 546/524/1 545/508/1
f 555/523/1 547/525/1 546/524/1
f 555/523/1 548/526/1 547/525/1
f 555/523/1 549/527/1 548/526/1
f 555/523/1 550/528/1 549/527/1
f 555/523/1 551/529/1 550/528/1
f 555/523/1 552/530/1 551/529/1
f 555/523/1 553/531/1 552/530/1
f 555/523/1 554/532/1 553/531/1
f 557/470/1 556/533/1 555/523/1
f 617/1/2 618/3/2 619/2/2
f 617/1/2 619/2/2 612/4/2
f 616/5/1 617/1/1 612/4/1
f 615/6/2 616/5/2 613/7/2
f 613/7/1 616/5/1 612/4/1
f 615/6/2 613/7/2 614/8/2
f 679/9/2 680/11/2 681/10/2
f 679/9/2 681/10/2 682/12/2
f 679/9/2 682/12/2 683/13/2
f 678/14/2 679/9/2 683/13/2
f 678/14/2 683/13/2 684/15/2
f 678/14/2 684/15/2 685/16/2
f 677/17/2 678/14/2 685/16/2
f 677/17/2 685/16/2 686/18/2
f 677/17/2 686/18/2 687/19/2
f 676/20/2 677/17/2 687/19/2
f 676/20/2 687/19/2 688/21/2
f 676/20/2 688/21/2 689/22/2
f 675/23/2 676/20/2 689/22/2
f 675/23/2 689/22/2 690/24/2
f 674/25/2 675/23/2 690/24/2
f 674/25/2 690/24/2 691/26/2
f 674/25/2 691/26/2 692/27/2
f 673/28/2 674/25/2 692/27/2
f 673/28/2 692/27/2 701/29/2
f 701/29/2 692/27/2 700/30/2
f 700/30/2 692/27/2 699/31/2
f 699/31/2 692/27/2 698/32/2
f 698/32/2 692/27/2 697/33/2
f 697/33/2 692/27/2 696/34/2
f 696/34/2 692/27/2 695/35/2
f 695/35/2 692/27/2 694/36/2
f 694/36/2 692/27/2 693/37/2
f 672/38/2 673/28/2 704/39/2
f 704/39/2 673/28/2 703/40/2
f 703/40/2 673/28/2 702/41/2
f 702/41/3 673/28/3 701/29/3
f 671/42/2 672/38/2 705/43/2
f 705/43/2 672/38/2 704/39/2
f 671/42/2 705/43/2 706/44/2
f 671/42/2 706/44/2 707/45/2
f 671/42/2 707/45/2 708/46/2
f 671/42/2 708/46/2 709/47/2
f 670/48/2 671/42/2 709/47/2
f 670/48/2 709/47/2 710/49/2
f 670/48/2 710/49/2 711/50/2
f 670/48/2 711/50/2 712/51/2
f 669/52/2 670/48/2 712/51/2
f 669/52/2 712/51/2 713/53/2
f 669/52/2 713/53/2 714/54/2
f 668/55/2 669/52/2 714/54/2
f 668/55/2 714/54/2 715/56/2
f 668/55/2 715/56/2 716/57/2
f 667/58/2 668/55/2 716/57/2
f 667/58/2 716/57/2 717/59/2
f 666/60/2 667/58/2 717/59/2
f 666/60/2 717/59/2 718/61/2
f 665/62/2 666/60/2 718/61/2
f 665/62/2 718/61/2 719/63/2
f 664/64/2 665/62/2 719/63/2
f 664/64/2 719/63/2 720/65/2
f 663/66/2 664/64/2 720/65/2
f 663/66/2 720/65/2 721/67/2
f 663/66/2 721/67/2 722/68/2
f 662/69/2 663/66/2 722/68/2
f 662/69/2 722/68/2 723/70/2
f 661/71/2 662/69/2 723/70/2
f 661/71/2 723/70/2 724/72/2
f 660/73/2 661/71/2 724/72/2
f 660/73/2 724/72/2 725/74/2
f 659/75/2 660/73/2 725/74/2
f 659/75/2 725/74/2 726/76/2
f 658/77/2 659/75/2 726/76/2
f 658/77/2 726/76/2 727/78/2
f 657/79/2 658/77/2 727/78/2
f 657/79/2 727/78/2 728/80/2
f 656/81/2 657/79/2 728/80/2
f 656/81/2 728/80/2 729/82/2
f 655/83/2 656/81/2 729/82/2
f 655/83/2 729/82/2 730/84/2
f 655/83/2 730/84/2 731/85/2
f 654/86/2 655/83/2 731/85/2
f 654/86/2 731/85/2 732/87/2
f 653/88/2 654/86/2 732/87/2
f 653/88/2 732/87/2 733/89/2
f 652/90/2 653/88/2 733/89/2
f 652/90/2 733/89/2 734/91/2
f 651/92/2 652/90/2 734/91/2
f 651/92/2 734/91/2 735/93/2
f 650/94/2 651/92/2 735/93/2
f 650/94/2 735/93/2 736/95/2
f 650/94/2 736/95/2 737/96/2
f 649/97/2 650/94/2 737/96/2
f 649/97/2 737/96/2 738/98/2
f 648/99/2 649/97/2 738/98/2
f 648/99/2 738/98/2 739/100/2
f 647/101/2 648/99/2 739/100/2
f 647/101/2 739/100/2 740/102/2
f 646/103/2 647/101/2 740/102/2
f 646/103/2 740/102/2 741/104/2
f 646/103/2 741/104/2 742/105/2
f 645/106/2 646/103/2 742/105/2
f 644/107/2 645/106/2 742/105/2
f 643/108/2 644/107/2 742/105/2
f 643/108/2 742/105/2 743/109/2
f 643/108/2 743/109/2 744/110/2
f 643/108/2 744/110/2 745/111/2
f 642/112/2 643/108/2 745/111/2
f 642/112/2 745/111/2 746/113/2
f 764/114/2 765/2/2 620/4/2
f 763/115/2 764/114/2 620/4/2
f 642/112/2 746/113/2 747/116/2
f 641/117/2 642/112/2 747/116/2
f 762/118/2 763/115/2 620/4/2
f 641/117/2 747/116/2 748/119/2
f 761/120/2 762/118/2 620/4/2
f 641/117/2 748/119/2 749/121/2
f 760/122/2 761/120/2 620/4/2
f 759/123/2 760/122/2 620/4/2
f 641/117/2 749/121/2 750/124/2
f 758/125/2 759/123/2 620/4/2
f 640/126/2 641/117/2 750/124/2
f 640/126/2 750/124/2 751/127/2
f 757/128/2 758/125/2 620/4/2
f 756/129/2 757/128/2 620/4/2
f 640/126/2 751/127/2 752/130/2
f 755/131/2 756/129/2 620/4/2
f 754/132/2 755/131/2 620/4/2
f 640/126/2 752/130/2 753/133/2
f 753/133/2 754/132/2 620/4/2
f 640/126/2 753/133/2 620/4/2
f 639/134/2 640/126/2 620/4/2
f 638/135/2 639/134/2 620/4/2
f 638/135/2 620/4/2 621/136/2
f 637/137/2 638/135/2 621/136/2
f 637/137/2 621/136/2 622/138/2
f 636/139/2 637/137/2 622/138/2
f 636/139/2 622/138/2 623/140/2
f 636/139/2 623/140/2 624/141/2
f 635/142/2 636/139/2 624/141/2
f 635/142/2 624/141/2 625/143/2
f 635/142/2 625/143/2 626/144/2
f 634/145/2 635/142/2 626/144/2
f 634/145/2 626/144/2 627/146/2
f 634/145/2 627/146/2 628/147/2
f 633/148/2 634/145/2 628/147/2
f 633/148/2 628/147/2 629/149/2
f 633/148/2 629/149/2 630/150/2
f 632/151/2 633/148/2 630/150/2
f 632/151/2 630/150/2 631/152/2
f 773/153/2 774/154/2 777/2/2
f 777/2/2 774/154/2 775/155/2
f 777/2/2 775/155/2 776/156/2
f 773/153/2 777/2/2 766/4/2
f 773/153/2 766/4/2 769/157/2
f 769/157/2 766/4/2 767/158/2
f 769/157/2 767/158/2 768/159/2
f 773/153/2 769/157/2 770/160/2
f 773/153/2 770/160/2 771/161/2
f 773/153/2 771/161/2 772/162/2
f 828/163/2 829/165/2 830/164/2
f 828/163/2 830/164/2 827/166/2
f 827/166/2 830/164/2 831/2/2
f 826/167/2 827/166/2 831/2/2
f 825/168/2 826/167/2 831/2/2
f 825/168/2 831/2/2 778/4/2
f 824/169/2 825/168/2 778/4/2
f 824/169/2 778/4/2 779/170/2
f 823/171/2 824/169/2 779/170/2
f 822/172/2 823/171/2 779/170/2
f 822/172/2 779/170/2 780/173/2
f 821/174/2 822/172/2 780/173/2
f 820/175/2 821/174/2 780/173/2
f 801/176/2 802/178/2 803/177/2
f 801/176/2 803/177/2 804/179/2
f 819/180/2 820/175/2 780/173/2
f 801/176/2 804/179/2 805/181/2
f 819/180/2 780/173/2 781/182/2
f 801/176/2 805/181/2 806/183/2
f 818/184/2 819/180/2 781/182/2
f 801/176/2 806/183/2 807/185/2
f 801/176/2 807/185/2 808/186/2
f 817/187/2 818/184/2 781/182/2
f 801/176/2 808/186/2 809/188/2
f 801/176/2 809/188/2 810/189/2
f 816/190/2 817/187/2 781/182/2
f 801/176/2 810/189/2 811/191/2
f 815/192/2 816/190/2 781/182/2
f 801/176/2 811/191/2 812/193/2
f 801/176/2 812/193/2 813/194/2
f 814/195/2 815/192/2 781/182/2
f 801/176/2 813/194/2 814/195/2
f 801/176/2 814/195/2 781/182/2
f 801/176/2 781/182/2 782/196/2
f 801/176/2 782/196/2 783/197/2
f 801/176/2 783/197/2 784/198/2
f 801/176/2 784/198/2 785/199/2
f 800/200/2 801/176/2 785/199/2
f 799/201/2 800/200/2 785/199/2
f 799/201/2 785/199/2 786/202/2
f 798/203/2 799/201/2 786/202/2
f 797/204/2 798/203/2 786/202/2
f 796/205/2 797/204/2 786/202/2
f 796/205/2 786/202/2 787/206/2
f 795/207/2 796/205/2 787/206/2
f 794/208/2 795/207/2 787/206/2
f 793/209/2 794/208/2 787/206/2
f 793/209/2 787/206/2 788/210/2
f 792/211/2 793/209/2 788/210/2
f 791/212/2 792/211/2 788/210/2
f 791/212/2 788/210/2 789/213/2
f 790/214/2 791/212/2 789/213/2
f 902/215/2 903/217/2 904/216/2
f 901/218/2 902/215/2 904/216/2
f 901/218/2 904/216/2 905/219/2
f 900/220/2 901/218/2 905/219/2
f 900/220/2 905/219/2 906/221/2
f 899/222/2 900/220/2 906/221/2
f 899/222/2 906/221/2 907/223/2
f 898/224/2 899/222/2 907/223/2
f 898/224/2 907/223/2 908/225/2
f 897/226/2 898/224/2 908/225/2
f 897/226/2 908/225/2 909/227/2
f 896/228/2 897/226/2 909/227/2
f 896/228/2 909/227/2 910/229/2
f 895/230/2 896/228/2 910/229/2
f 895/230/2 910/229/2 911/231/2
f 894/232/2 895/230/2 911/231/2
f 894/232/2 911/231/2 964/233/2
f 964/233/2 911/231/2 912/234/2
f 894/232/2 964/233/2 965/235/2
f 963/236/2 964/233/2 912/234/2
f 894/232/2 965/235/2 966/237/2
f 962/238/2 963/236/2 912/234/2
f 894/232/2 966/237/2 967/239/2
f 961/240/2 962/238/2 912/234/2
f 893/241/2 894/232/2 967/239/2
f 961/240/2 912/234/2 913/242/2
f 893/241/2 967/239/2 968/243/2
f 960/244/2 961/240/2 913/242/2
f 893/241/2 968/243/2 969/245/2
f 959/246/2 960/244/2 913/242/2
f 893/241/2 969/245/2 970/247/2
f 958/248/2 959/246/2 913/242/2
f 893/241/2 970/247/2 971/249/2
f 957/250/2 958/248/2 913/242/2
f 892/251/2 893/241/2 971/249/2
f 957/250/2 913/242/2 914/252/2
f 892/251/2 971/249/2 972/253/2
f 956/254/2 957/250/2 914/252/2
f 892/251/2 972/253/2 973/255/2
f 955/256/2 956/254/2 914/252/2
f 955/256/2 914/252/2 915/257/2
f 891/258/2 892/251/2 973/255/2
f 891/258/2 973/255/2 974/259/2
f 954/260/2 955/256/2 915/257/2
f 891/258/2 974/259/2 975/261/2
f 953/262/2 954/260/2 915/257/2
f 953/262/2 915/257/2 916/263/2
f 890/264/2 891/258/2 975/261/2
f 890/264/2 975/261/2 976/265/2
f 952/266/3 953/262/3 951/267/3
f 951/267/2 953/262/2 916/263/2
f 951/267/2 916/263/2 917/268/2
f 889/269/2 890/264/2 976/265/2
f 889/269/2 976/265/2 977/270/2
f 950/271/2 951/267/2 917/268/2
f 950/271/2 917/268/2 918/272/2
f 888/273/2 889/269/2 977/270/2
f 888/273/2 977/270/2 978/274/2
f 949/275/2 950/271/2 918/272/2
f 949/275/2 918/272/2 919/276/2
f 887/277/2 888/273/2 978/274/2
f 887/277/2 978/274/2 979/278/2
f 948/279/2 949/275/2 919/276/2
f 948/279/2 919/276/2 920/280/2
f 886/281/2 887/277/2 979/278/2
f 886/281/2 979/278/2 980/282/2
f 947/283/2 948/279/2 920/280/2
f 886/281/2 980/282/2 981/284/2
f 947/283/2 920/280/2 921/285/2
f 885/286/2 886/281/2 981/284/2
f 946/287/2 947/283/2 921/285/2
f 885/286/2 981/284/2 982/288/2
f 946/287/2 921/285/2 922/289/2
f 884/290/2 885/286/2 982/288/2
f 945/291/2 946/287/2 922/289/2
f 884/290/2 982/288/2 983/292/2
f 945/291/2 922/289/2 923/293/2
f 883/294/2 884/290/2 983/292/2
f 944/295/2 945/291/2 923/293/2
f 883/294/2 983/292/2 984/296/2
f 944/295/2 923/293/2 924/297/2
f 882/298/2 883/294/2 984/296/2
f 943/299/2 944/295/2 924/297/2
f 882/298/2 984/296/2 985/300/2
f 943/299/2 924/297/2 925/301/2
f 942/302/2 943/299/2 925/301/2
f 881/303/2 882/298/2 985/300/2
f 881/303/2 985/300/2 986/304/2
f 941/305/2 942/302/2 925/301/2
f 941/305/2 925/301/2 926/306/2
f 880/307/2 881/303/2 986/304/2
f 880/307/2 986/304/2 987/308/2
f 940/309/2 941/305/2 926/306/2
f 940/309/2 926/306/2 927/310/2
f 879/311/2 880/307/2 987/308/2
f 879/311/2 987/308/2 988/312/2
f 939/313/2 940/309/2 927/310/2
f 878/314/2 879/311/2 988/312/2
f 878/314/2 988/312/2 989/315/2
f 939/313/2 927/310/2 832/4/2
f 938/316/2 939/313/2 832/4/2
f 878/314/2 989/315/2 990/317/2
f 877/318/2 878/314/2 990/317/2
f 938/316/2 832/4/2 833/319/2
f 937/320/2 938/316/2 833/319/2
f 877/318/2 990/317/2 991/321/2
f 876/322/2 877/318/2 991/321/2
f 936/323/2 937/320/2 833/319/2
f 936/323/2 833/319/2 834/324/2
f 876/322/2 991/321/2 992/325/2
f 935/326/2 936/323/2 834/324/2
f 875/327/2 876/322/2 992/325/2
f 935/326/2 834/324/2 835/328/2
f 875/327/2 992/325/2 993/329/2
f 934/330/2 935/326/2 835/328/2
f 874/331/2 875/327/2 993/329/2
f 934/330/2 835/328/2 836/332/2
f 874/331/2 993/329/2 994/333/2
f 933/334/2 934/330/2 836/332/2
f 873/335/2 874/331/2 994/333/2
f 933/334/2 836/332/2 837/336/2
f 873/335/2 994/333/2 995/337/2
f 932/338/2 933/334/2 837/336/2
f 872/339/2 873/335/2 995/337/2
f 872/339/2 995/337/2 996/340/2
f 931/341/2 932/338/2 837/336/2
f 931/341/2 837/336/2 838/342/2
f 871/343/2 872/339/2 996/340/2
f 871/343/2 996/340/2 997/344/2
f 930/345/2 931/341/2 838/342/2
f 930/345/2 838/342/2 839/346/2
f 871/343/2 997/344/2 998/347/2
f 929/348/2 930/345/2 839/346/2
f 870/349/2 871/343/2 998/347/2
f 929/348/2 839/346/2 840/350/2
f 870/349/2 998/347/2 999/351/2
f 928/352/2 929/348/2 840/350/2
f 869/353/2 870/349/2 999/351/2
f 869/353/2 999/351/2 1000/354/2
f 1024/2/2 928/352/2 840/350/2
f 1024/2/2 840/350/2 841/355/2
f 869/353/2 1000/354/2 1001/356/2
f 868/357/2 869/353/2 1001/356/2
f 1023/358/2 1024/2/2 841/355/2
f 1023/358/2 841/355/2 842/359/2
f 867/360/2 868/357/2 1001/356/2
f 1023/358/2 842/359/2 843/361/2
f 866/362/2 867/360/2 1001/356/2
f 866/362/2 1001/356/2 1002/363/2
f 1022/364/2 1023/358/2 843/361/2
f 1022/364/2 843/361/2 844/365/2
f 866/362/2 1002/363/2 1003/366/2
f 1021/367/2 1022/364/2 844/365/2
f 866/362/2 1003/366/2 1004/368/2
f 1020/369/2 1021/367/2 844/365/2
f 865/370/2 866/362/2 1004/368/2
f 1020/369/2 844/365/2 845/371/2
f 865/370/2 1004/368/2 1005/372/2
f 1019/373/2 1020/369/2 845/371/2
f 865/370/2 1005/372/2 1006/374/2
f 1018/375/2 1019/373/2 845/371/2
f 864/376/2 865/370/2 1006/374/2
f 1018/375/2 845/371/2 846/377/2
f 864/376/2 1006/374/2 1007/378/2
f 1017/379/2 1018/375/2 846/377/2
f 864/376/2 1007/378/2 1008/380/2
f 1016/381/2 1017/379/2 846/377/2
f 864/376/2 1008/380/2 1009/382/2
f 1015/383/2 1016/381/2 846/377/2
f 1015/383/2 846/377/2 847/384/2
f 864/376/2 1009/382/2 1010/385/2
f 863/386/2 864/376/2 1010/385/2
f 1014/387/2 1015/383/2 847/384/2
f 863/386/2 1010/385/2 1011/388/2
f 1013/389/2 1014/387/2 847/384/2
f 863/386/2 1011/388/2 1012/390/2
f 1012/390/2 1013/389/2 847/384/2
f 863/386/2 1012/390/2 847/384/2
f 863/386/2 847/384/2 848/391/2
f 862/392/2 863/386/2 848/391/2
f 862/392/2 848/391/2 849/393/2
f 861/394/2 862/392/2 849/393/2
f 861/394/2 849/393/2 850/395/2
f 860/396/2 861/394/2 850/395/2
f 860/396/2 850/395/2 851/397/2
f 859/398/2 860/396/2 851/397/2
f 859/398/2 851/397/2 852/399/2
f 858/400/2 859/398/2 852/399/2
f 858/400/2 852/399/2 853/401/2
f 857/402/2 858/400/2 853/401/2
f 857/402/2 853/401/2 854/403/2
f 856/404/2 857/402/2 854/403/2
f 856/404/2 854/403/2 855/405/2
f 1052/406/2 1053/331/2 1139/366/2
f 1139/366/2 1053/331/2 1054/407/2
f 1139/366/2 1054/407/2 1055/318/2
f 1139/366/2 1055/318/2 1056/408/2
f 1139/366/2 1056/408/2 1057/307/2
f 1139/366/2 1057/307/2 1058/409/2
f 1139/366/2 1058/409/2 1059/294/2
f 1139/366/2 1059/294/2 1060/410/2
f 1139/366/2 1060/410/2 1061/281/2
f 1139/366/2 1061/281/2 1062/411/2
f 1139/366/2 1062/411/2 1063/269/2
f 1139/366/2 1063/269/2 1064/412/2
f 1139/366/2 1064/412/2 1065/251/2
f 1139/366/2 1065/251/2 1066/413/2
f 1139/366/2 1066/413/2 1067/230/2
f 1139/366/2 1067/230/2 1068/414/2
f 1139/366/2 1068/414/2 1069/224/2
f 1139/366/2 1069/224/2 1070/415/2
f 1139/366/2 1070/415/2 1071/218/2
f 1139/366/2 1071/218/2 1072/416/2
f 1139/366/2 1072/416/2 1073/216/2
f 1139/366/2 1073/216/2 1138/417/2
f 1138/417/2 1073/216/2 1074/418/2
f 1052/406/2 1139/366/2 1140/419/2
f 1137/354/2 1138/417/2 1074/418/2
f 1136/420/2 1137/354/2 1074/418/2
f 1136/420/2 1074/418/2 1135/344/2
f 1135/344/2 1074/418/2 1134/421/2
f 1134/421/2 1074/418/2 1075/223/2
f 1133/333/2 1134/421/2 1075/223/2
f 1132/422/2 1133/333/2 1075/223/2
f 1131/321/2 1132/422/2 1075/223/2
f 1130/423/2 1131/321/2 1075/223/2
f 1130/423/2 1075/223/2 1076/424/2
f 1129/312/2 1130/423/2 1076/424/2
f 1128/425/2 1129/312/2 1076/424/2
f 1128/425/2 1076/424/2 1077/229/2
f 1127/300/2 1128/425/2 1077/229/2
f 1127/300/2 1077/229/2 1078/426/2
f 1126/427/2 1127/300/2 1078/426/2
f 1125/288/2 1126/427/2 1078/426/2
f 1125/288/2 1078/426/2 1079/242/2
f 1124/428/2 1125/288/2 1079/242/2
f 1123/278/2 1124/428/2 1079/242/2
f 1123/278/2 1079/242/2 1080/429/2
f 1122/430/2 1123/278/2 1080/429/2
f 1121/265/2 1122/430/2 1080/429/2
f 1120/431/2 1121/265/2 1080/429/2
f 1120/431/2 1080/429/2 1081/263/2
f 1119/255/2 1120/431/2 1081/263/2
f 1118/432/2 1119/255/2 1081/263/2
f 1117/247/2 1118/432/2 1081/263/2
f 1116/433/2 1117/247/2 1081/263/2
f 1116/433/2 1081/263/2 1082/434/2
f 1115/239/2 1116/433/2 1082/434/2
f 1153/2/2 1115/239/2 1082/434/2
f 1152/435/2 1153/2/2 1082/434/2
f 1151/367/2 1152/435/2 1082/434/2
f 1150/436/2 1151/367/2 1082/434/2
f 1149/375/2 1150/436/2 1082/434/2
f 1148/437/2 1149/375/2 1082/434/2
f 1148/437/2 1082/434/2 1083/276/2
f 1147/383/2 1148/437/2 1083/276/2
f 1146/438/2 1147/383/2 1083/276/2
f 1145/390/2 1146/438/2 1083/276/2
f 1144/439/2 1145/390/2 1083/276/2
f 1143/382/2 1144/439/2 1083/276/2
f 1142/440/2 1143/382/2 1083/276/2
f 1141/374/2 1142/440/2 1083/276/2
f 1052/406/2 1140/419/2 1050/441/2
f 1050/441/2 1140/419/2 1141/374/2
f 1050/441/2 1141/374/2 1083/276/2
f 1050/441/2 1083/276/2 1084/442/2
f 1050/441/2 1084/442/2 1085/289/2
f 1050/441/2 1085/289/2 1086/443/2
f 1050/441/2 1086/443/2 1087/301/2
f 1050/441/2 1087/301/2 1088/444/2
f 1050/441/2 1088/444/2 1089/352/2
f 1050/441/2 1089/352/2 1090/445/2
f 1050/441/2 1090/445/2 1091/341/2
f 1050/441/2 1091/341/2 1092/446/2
f 1050/441/2 1092/446/2 1093/330/2
f 1050/441/2 1093/330/2 1094/447/2
f 1050/441/2 1094/447/2 1095/320/2
f 1050/441/2 1095/320/2 1096/448/2
f 1050/441/2 1096/448/2 1037/395/2
f 1037/395/2 1096/448/2 1097/309/2
f 1050/441/2 1037/395/2 1038/449/2
f 1036/450/2 1037/395/2 1097/309/2
f 1050/441/2 1038/449/2 1039/401/2
f 1050/441/2 1039/401/2 1040/451/2
f 1050/441/2 1040/451/2 1041/404/2
f 1050/441/2 1041/404/2 1042/452/2
f 1050/441/2 1042/452/2 1043/398/2
f 1050/441/2 1043/398/2 1044/453/2
f 1050/441/2 1044/453/2 1045/392/2
f 1050/441/2 1045/392/2 1046/454/2
f 1050/441/2 1046/454/2 1047/370/2
f 1050/441/2 1047/370/2 1048/455/2
f 1050/441/2 1048/455/2 1049/357/2
f 1052/406/2 1050/441/2 1051/343/2
f 1036/450/2 1097/309/2 1098/456/2
f 1036/450/2 1098/456/2 1099/299/2
f 1036/450/2 1099/299/2 1100/457/2
f 1036/450/2 1100/457/2 1101/287/2
f 1036/450/2 1101/287/2 1102/458/2
f 1036/450/2 1102/458/2 1103/275/2
f 1035/384/2 1036/450/2 1103/275/2
f 1035/384/2 1103/275/2 1104/459/2
f 1034/460/2 1035/384/2 1104/459/2
f 1034/460/2 1104/459/2 1105/266/2
f 1033/365/2 1034/460/2 1105/266/2
f 1033/365/2 1105/266/2 1106/461/2
f 1032/462/2 1033/365/2 1106/461/2
f 1032/462/2 1106/461/2 1107/256/2
f 1031/355/2 1032/462/2 1107/256/2
f 1031/355/2 1107/256/2 1108/463/2
f 1030/464/2 1031/355/2 1108/463/2
f 1030/464/2 1108/463/2 1109/248/2
f 1029/342/2 1030/464/2 1109/248/2
f 1029/342/2 1109/248/2 1110/465/2
f 1028/466/2 1029/342/2 1110/465/2
f 1028/466/2 1110/465/2 1111/240/2
f 1027/328/2 1028/466/2 1111/240/2
f 1027/328/2 1111/240/2 1112/467/2
f 1026/468/2 1027/328/2 1112/467/2
f 1026/468/2 1112/467/2 1113/233/2
f 1026/468/2 1113/233/2 1114/469/2
f 1025/4/2 1026/468/2 1114/469/2
f 1168/470/2 1169/472/2 1195/471/2
f 1195/471/2 1169/472/2 1170/473/2
f 1195/471/2 1170/473/2 1171/307/2
f 1195/471/2 1171/307/2 1172/474/2
f 1195/471/2 1172/474/2 1173/475/2
f 1195/471/2 1173/475/2 1174/476/2
f 1195/471/2 1174/476/2 1175/477/2
f 1195/471/2 1175/477/2 1176/478/2
f 1195/471/2 1176/478/2 1177/479/2
f 1195/471/2 1177/479/2 1178/480/2
f 1195/471/2 1178/480/2 1179/481/2
f 1195/471/2 1179/481/2 1194/482/2
f 1194/482/2 1179/481/2 1193/483/2
f 1193/483/2 1179/481/2 1192/484/2
f 1192/484/2 1179/481/2 1191/485/2
f 1191/485/2 1179/481/2 1180/486/2
f 1168/470/2 1195/471/2 1196/487/2
f 1190/488/2 1191/485/2 1180/486/2
f 1189/489/2 1190/488/2 1180/486/2
f 1188/352/2 1189/489/2 1180/486/2
f 1187/490/2 1188/352/2 1180/486/2
f 1187/490/2 1180/486/2 1181/491/2
f 1186/492/2 1187/490/2 1181/491/2
f 1185/493/2 1186/492/2 1181/491/2
f 1184/494/2 1185/493/2 1181/491/2
f 1184/494/2 1181/491/2 1182/495/2
f 1183/496/2 1184/494/2 1182/495/2
f 1222/2/2 1183/496/2 1182/495/2
f 1221/497/2 1222/2/2 1182/495/2
f 1220/498/2 1221/497/2 1182/495/2
f 1220/498/2 1182/495/2 1154/4/2
f 1219/499/2 1220/498/2 1154/4/2
f 1218/500/2 1219/499/2 1154/4/2
f 1217/501/2 1218/500/2 1154/4/2
f 1217/501/2 1154/4/2 1155/502/2
f 1216/503/2 1217/501/2 1155/502/2
f 1215/504/2 1216/503/2 1155/502/2
f 1214/505/2 1215/504/2 1155/502/2
f 1213/506/2 1214/505/2 1155/502/2
f 1212/507/2 1213/506/2 1155/502/2
f 1212/507/2 1155/502/2 1156/508/2
f 1211/509/2 1212/507/2 1156/508/2
f 1210/510/2 1211/509/2 1156/508/2
f 1209/511/2 1210/510/2 1156/508/2
f 1208/512/2 1209/511/2 1156/508/2
f 1207/513/2 1208/512/2 1156/508/2
f 1206/514/2 1207/513/2 1156/508/2
f 1205/265/2 1206/514/2 1156/508/2
f 1204/515/2 1205/265/2 1156/508/2
f 1203/516/2 1204/515/2 1156/508/2
f 1202/517/2 1203/516/2 1156/508/2
f 1201/518/2 1202/517/2 1156/508/2
f 1200/519/2 1201/518/2 1156/508/2
f 1199/520/2 1200/519/2 1156/508/2
f 1198/521/2 1199/520/2 1156/508/2
f 1197/522/2 1198/521/2 1156/508/2
f 1168/470/2 1196/487/2 1166/523/2
f 1166/523/2 1196/487/2 1197/522/2
f 1166/523/2 1197/522/2 1156/508/2
f 1166/523/2 1156/508/2 1157/524/2
f 1166/523/2 1157/524/2 1158/525/2
f 1166/523/2 1158/525/2 1159/526/2
f 1166/523/2 1159/526/2 1160/527/2
f 1166/523/2 1160/527/2 1161/528/2
f 1166/523/2 1161/528/2 1162/529/2
f 1166/523/2 1162/529/2 1163/530/2
f 1166/523/2 1163/530/2 1164/531/2
f 1166/523/2 1164/531/2 1165/532/2
f 1168/470/2 1166/523/2 1167/533/2
s 1
f 1224/534/4 1226/535/5 1225/143/5 1223/4/4
f 1226/535/5 1228/536/6 1227/150/6 1225/143/5
f 1228/536/6 1230/537/7 1229/142/7 1227/150/6
f 1230/537/7 1232/538/8 1231/126/8 1229/142/7
f 1232/538/8 1234/539/9 1233/106/9 1231/126/8
f 1234/539/9 1236/540/10 1235/94/10 1233/106/9
f 1236/540/10 1238/541/11 1237/83/11 1235/94/10
f 1238/541/11 1240/542/12 1239/73/12 1237/83/11
f 1240/542/12 1242/543/13 1241/62/13 1239/73/12
f 1242/543/13 1244/544/14 1243/48/14 1241/62/13
f 1244/544/14 1246/545/15 1245/23/15 1243/48/14
f 1246/545/15 1248/546/16 1247/11/16 1245/23/15
f 1248/546/16 1250/547/16 1249/16/16 1247/11/16
f 1250/547/16 1252/548/17 1251/24/17 1249/16/16
f 1252/548/17 1254/549/18 1253/35/18 1251/24/17
f 1254/549/18 1256/550/19 1255/30/19 1253/35/18
f 1256/550/19 1258/551/20 1257/43/20 1255/30/19
f 1258/551/20 1260/552/21 1259/49/21 1257/43/20
f 1260/552/21 1262/553/22 1261/56/22 1259/49/21
f 1262/553/22 1264/554/23 1263/65/23 1261/56/22
f 1264/554/23 1266/555/24 1265/74/24 1263/65/23
f 1266/555/24 1268/556/25 1267/84/25 1265/74/24
f 1268/556/25 1270/557/26 1269/93/26 1267/84/25
f 1270/557/26 1272/558/27 1271/102/27 1269/93/26
f 1272/558/27 1274/559/28 1273/111/28 1271/102/27
f 1274/559/28 1276/560/29 1275/124/29 1273/111/28
f 1276/560/29 1278/561/30 1277/131/30 1275/124/29
f 1278/561/30 1280/562/31 1279/122/31 1277/131/30
f 1280/562/31 1224/563/4 1223/2/4 1279/122/31
f 1282/534/32 1284/564/33 1283/565/33 1281/4/32
f 1284/564/33 1286/566/34 1285/567/34 1283/565/33
f 1286/566/34 1288/568/35 1287/569/35 1285/567/34
f 1288/568/35 1290/570/36 1289/571/36 1287/569/35
f 1290/570/36 1292/572/37 1291/404/37 1289/571/36
f 1292/572/37 1294/573/38 1293/574/38 1291/404/37
f 1294/573/38 1296/575/39 1295/576/39 1293/574/38
f 1296/575/39 1298/577/40 1297/97/40 1295/576/39
f 1298/577/40 1300/578/41 1299/579/41 1297/97/40
f 1300/578/41 1302/580/42 1301/307/42 1299/579/41
f 1302/580/42 1304/581/43 1303/582/43 1301/307/42
f 1304/581/43 1306/583/16 1305/584/16 1303/582/43
f 1306/583/16 1308/585/44 1307/586/44 1305/584/16
f 1308/585/44 1310/587/45 1309/588/45 1307/586/44
f 1310/587/45 1312/589/46 1311/216/46 1309/588/45
f 1312/589/46 1314/590/47 1313/14/47 1311/216/46
f 1314/590/47 1316/591/48 1315/592/48 1313/14/47
f 1316/591/48 1318/593/49 1317/594/49 1315/592/48
f 1318/593/49 1320/595/50 1319/596/50 1317/594/49
f 1320/595/50 1322/597/51 1321/352/51 1319/596/50
f 1322/597/51 1324/598/52 1323/599/52 1321/352/51
f 1324/598/52 1326/600/53 1325/601/53 1323/599/52
f 1326/600/53 1328/602/54 1327/603/54 1325/601/53
f 1328/602/54 1330/604/55 1329/45/55 1327/603/54
f 1330/604/55 1332/605/56 1331/266/56 1329/45/55
f 1332/605/56 1334/606/57 1333/607/57 1331/266/56
f 1334/606/57 1336/608/58 1335/609/58 1333/607/57
f 1336/608/58 1338/610/59 1337/611/59 1335/609/58
f 1338/610/59 1340/612/60 1339/613/60 1337/611/59
f 1340/612/60 1342/614/61 1341/265/61 1339/613/60
f 1342/614/61 1344/615/62 1343/616/62 1341/265/61
f 1344/615/62 1346/617/63 1345/95/63 1343/616/62
f 1346/617/63 1348/618/64 1347/619/64 1345/95/63
f 1348/618/64 1350/620/65 1349/621/65 1347/619/64
f 1350/620/65 1352/622/66 1351/354/66 1349/621/65
f 1352/622/66 1354/623/67 1353/624/67 1351/354/66
f 1354/623/67 1356/625/68 1355/626/68 1353/624/67
f 1356/625/68 1358/627/69 1357/628/69 1355/626/68
f 1358/627/69 1360/629/70 1359/630/70 1357/628/69
f 1360/629/70 1282/563/32 1281/2/32 1359/630/70
f 1362/534/71 1364/631/72 1363/632/72 1361/4/71
f 1364/631/72 1366/633/73 1365/634/73 1363/632/72
f 1366/633/73 1368/635/74 1367/636/74 1365/634/73
f 1368/635/74 1370/637/75 1369/638/75 1367/636/74
f 1370/637/75 1372/639/76 1371/640/76 1369/638/75
f 1372/639/76 1374/641/77 1373/642/77 1371/640/76
f 1374/641/77 1376/643/78 1375/644/78 1373/642/77
f 1376/643/78 1378/645/79 1377/646/79 1375/644/78
f 1378/645/79 1380/570/80 1379/571/80 1377/646/79
f 1380/570/80 1382/647/81 1381/648/81 1379/571/80
f 1382/647/81 1384/649/82 1383/650/82 1381/648/81
f 1384/649/82 1386/651/83 1385/652/83 1383/650/82
f 1386/651/83 1388/653/84 1387/654/84 1385/652/83
f 1388/653/84 1390/655/85 1389/656/85 1387/654/84
f 1390/655/85 1392/657/86 1391/376/86 1389/656/85
f 1392/657/86 1394/658/87 1393/659/87 1391/376/86
f 1394/658/87 1396/660/88 1395/661/88 1393/659/87
f 1396/660/88 1398/577/89 1397/97/89 1395/661/88
f 1398/577/89 1400/662/90 1399/663/90 1397/97/89
f 1400/662/90 1402/664/91 1401/665/91 1399/663/90
f 1402/664/91 1404/666/92 1403/667/92 1401/665/91
f 1404/666/92 1406/668/93 1405/669/93 1403/667/92
f 1406/668/93 1408/670/94 1407/671/94 1405/669/93
f 1408/670/94 1410/672/95 1409/673/95 1407/671/94
f 1410/672/95 1412/674/16 1411/675/16 1409/673/95
f 1412/674/16 1414/676/16 1413/677/16 1411/675/16
f 1414/676/16 1416/583/17 1415/584/17 1413/677/16
f 1416/583/17 1418/678/18 1417/679/18 1415/584/17
f 1418/678/18 1420/680/96 1419/681/96 1417/679/18
f 1420/680/96 1422/682/97 1421/228/97 1419/681/96
f 1422/682/97 1424/683/98 1423/684/98 1421/228/97
f 1424/683/98 1426/685/99 1425/686/99 1423/684/98
f 1426/685/99 1428/687/100 1427/688/100 1425/686/99
f 1428/687/100 1430/689/101 1429/690/101 1427/688/100
f 1430/689/101 1432/691/102 1431/692/102 1429/690/101
f 1432/691/102 1434/590/103 1433/14/103 1431/692/102
f 1434/590/103 1436/693/104 1435/694/104 1433/14/103
f 1436/693/104 1438/695/105 1437/696/105 1435/694/104
f 1438/695/105 1440/697/106 1439/698/106 1437/696/105
f 1440/697/106 1442/699/107 1441/700/107 1439/698/106
f 1442/699/107 1444/701/108 1443/702/108 1441/700/107
f 1444/701/108 1446/703/109 1445/704/109 1443/702/108
f 1446/703/109 1448/705/110 1447/706/110 1445/704/109
f 1448/705/110 1450/707/111 1449/708/111 1447/706/110
f 1450/707/111 1452/597/112 1451/352/112 1449/708/111
f 1452/597/112 1454/709/113 1453/710/113 1451/352/112
f 1454/709/113 1456/711/114 1455/712/114 1453/710/113
f 1456/711/114 1458/713/115 1457/714/115 1455/712/114
f 1458/713/115 1460/715/116 1459/716/116 1457/714/115
f 1460/715/116 1462/717/117 1461/718/117 1459/716/116
f 1462/717/117 1464/719/118 1463/720/118 1461/718/117
f 1464/719/118 1466/721/119 1465/722/119 1463/720/118
f 1466/721/119 1468/723/120 1467/724/120 1465/722/119
f 1468/723/120 1470/604/121 1469/45/121 1467/724/120
f 1470/604/121 1472/725/122 1471/726/122 1469/45/121
f 1472/725/122 1474/727/123 1473/728/123 1471/726/122
f 1474/727/123 1476/729/124 1475/730/124 1473/728/123
f 1476/729/124 1478/731/125 1477/732/125 1475/730/124
f 1478/731/125 1480/733/126 1479/734/126 1477/732/125
f 1480/733/126 1482/735/127 1481/244/127 1479/734/126
f 1482/735/127 1484/736/128 1483/737/128 1481/244/127
f 1484/736/128 1486/738/129 1485/739/129 1483/737/128
f 1486/738/129 1488/610/130 1487/611/130 1485/739/129
f 1488/610/130 1490/740/131 1489/741/131 1487/611/130
f 1490/740/131 1492/742/132 1491/743/132 1489/741/131
f 1492/742/132 1494/744/133 1493/745/133 1491/743/132
f 1494/744/133 1496/746/134 1495/747/134 1493/745/133
f 1496/746/134 1498/748/135 1497/749/135 1495/747/134
f 1498/748/135 1500/750/136 1499/751/136 1497/749/135
f 1500/750/136 1502/752/137 1501/753/137 1499/751/136
f 1502/752/137 1504/754/138 1503/755/138 1501/753/137
f 1504/754/138 1506/617/139 1505/95/139 1503/755/138
f 1506/617/139 1508/756/140 1507/757/140 1505/95/139
f 1508/756/140 1510/758/141 1509/759/141 1507/757/140
f 1510/758/141 1512/760/142 1511/325/142 1509/759/141
f 1512/760/142 1514/761/143 1513/762/143 1511/325/142
f 1514/761/143 1516/763/138 1515/764/138 1513/762/143
f 1516/763/138 1518/765/144 1517/766/144 1515/764/138
f 1518/765/144 1520/767/145 1519/768/145 1517/766/144
f 1520/767/145 1522/769/146 1521/770/146 1519/768/145
f 1522/769/146 1524/623/147 1523/624/147 1521/770/146
f 1524/623/147 1526/771/148 1525/772/148 1523/624/147
f 1526/771/148 1528/773/149 1527/774/149 1525/772/148
f 1528/773/149 1530/775/150 1529/776/150 1527/774/149
f 1530/775/150 1532/777/151 1531/778/151 1529/776/150
f 1532/777/151 1534/779/152 1533/780/152 1531/778/151
f 1534/779/152 1536/781/153 1535/782/153 1533/780/152
f 1536/781/153 1538/783/154 1537/784/154 1535/782/153
f 1538/783/154 1540/785/155 1539/786/155 1537/784/154
f 1540/785/155 1362/563/71 1361/2/71 1539/786/155
f 1542/534/156 1544/787/157 1543/788/157 1541/4/156
f 1544/787/157 1546/789/158 1545/790/158 1543/788/157
f 1546/789/158 1548/791/159 1547/792/159 1545/790/158
f 1548/791/159 1550/793/160 1549/794/160 1547/792/159
f 1550/793/160 1552/795/161 1551/796/161 1549/794/160
f 1552/795/161 1554/797/162 1553/798/162 1551/796/161
f 1554/797/162 1556/799/163 1555/800/163 1553/798/162
f 1556/799/163 1558/801/164 1557/802/164 1555/800/163
f 1558/801/164 1560/803/165 1559/804/165 1557/802/164
f 1560/803/165 1562/805/166 1561/806/166 1559/804/165
f 1562/805/166 1564/807/167 1563/808/167 1561/806/166
f 1564/807/167 1566/809/168 1565/810/168 1563/808/167
f 1566/809/168 1568/682/169 1567/228/169 1565/810/168
f 1568/682/169 1570/811/170 1569/812/170 1567/228/169
f 1570/811/170 1572/813/171 1571/814/171 1569/812/170
f 1572/813/171 1574/815/172 1573/816/172 1571/814/171
f 1574/815/172 1576/817/173 1575/818/173 1573/816/172
f 1576/817/173 1578/819/174 1577/820/174 1575/818/173
f 1578/819/174 1580/821/175 1579/822/175 1577/820/174
f 1580/821/175 1582/823/176 1581/824/176 1579/822/175
f 1582/823/176 1584/825/177 1583/826/177 1581/824/176
f 1584/825/177 1586/827/178 1585/828/178 1583/826/177
f 1586/827/178 1588/829/179 1587/830/179 1585/828/178
f 1588/829/179 1590/831/16 1589/832/16 1587/830/179
f 1590/831/16 1592/833/44 1591/834/44 1589/832/16
f 1592/833/44 1594/735/180 1593/244/180 1591/834/44
f 1594/735/180 1596/835/181 1595/836/181 1593/244/180
f 1596/835/181 1598/837/182 1597/838/182 1595/836/181
f 1598/837/182 1600/839/183 1599/840/183 1597/838/182
f 1600/839/183 1602/841/184 1601/842/184 1599/840/183
f 1602/841/184 1604/843/185 1603/844/185 1601/842/184
f 1604/843/185 1606/845/186 1605/846/186 1603/844/185
f 1606/845/186 1608/847/187 1607/848/187 1605/846/186
f 1608/847/187 1610/849/188 1609/850/188 1607/848/187
f 1610/849/188 1612/851/189 1611/852/189 1609/850/188
f 1612/851/189 1614/853/190 1613/854/190 1611/852/189
f 1614/853/190 1616/855/191 1615/856/191 1613/854/190
f 1616/855/191 1618/857/192 1617/858/192 1615/856/191
f 1618/857/192 1542/563/156 1541/2/156 1617/858/192
f 1620/534/193 1622/859/194 1621/324/194 1619/4/193
f 1622/859/194 1624/860/195 1623/332/195 1621/324/194
f 1624/860/195 1626/861/196 1625/342/196 1623/332/195
f 1626/861/196 1628/862/197 1627/350/197 1625/342/196
f 1628/862/197 1630/863/198 1629/359/198 1627/350/197
f 1630/863/198 1632/864/199 1631/365/199 1629/359/198
f 1632/864/199 1634/865/200 1633/377/200 1631/365/199
f 1634/865/200 1636/866/201 1635/391/201 1633/377/200
f 1636/866/201 1638/867/202 1637/395/202 1635/391/201
f 1638/867/202 1640/868/203 1639/399/203 1637/395/202
f 1640/868/203 1642/869/204 1641/403/204 1639/399/203
f 1642/869/204 1644/572/205 1643/404/205 1641/403/204
f 1644/572/205 1646/870/206 1645/400/206 1643/404/205
f 1646/870/206 1648/871/207 1647/396/207 1645/400/206
f 1648/871/207 1650/872/208 1649/392/208 1647/396/207
f 1650/872/208 1652/657/209 1651/376/209 1649/392/208
f 1652/657/209 1654/873/210 1653/362/210 1651/376/209
f 1654/873/210 1656/874/211 1655/357/211 1653/362/210
f 1656/874/211 1658/875/212 1657/349/212 1655/357/211
f 1658/875/212 1660/876/213 1659/339/213 1657/349/212
f 1660/876/213 1662/877/214 1661/331/214 1659/339/213
f 1662/877/214 1664/878/215 1663/322/215 1661/331/214
f 1664/878/215 1666/879/216 1665/314/216 1663/322/215
f 1666/879/216 1668/580/217 1667/307/217 1665/314/216
f 1668/580/217 1670/880/218 1669/298/218 1667/307/217
f 1670/880/218 1672/881/219 1671/290/219 1669/298/218
f 1672/881/219 1674/882/220 1673/281/220 1671/290/219
f 1674/882/220 1676/883/221 1675/273/221 1673/281/220
f 1676/883/221 1678/884/222 1677/264/222 1675/273/221
f 1678/884/222 1680/885/223 1679/251/223 1677/264/222
f 1680/885/223 1682/886/224 1681/232/224 1679/251/223
f 1682/886/224 1684/682/225 1683/228/225 1681/232/224
f 1684/682/225 1686/887/226 1685/224/226 1683/228/225
f 1686/887/226 1688/888/227 1687/220/227 1685/224/226
f 1688/888/227 1690/889/228 1689/215/228 1687/220/227
f 1690/889/228 1692/589/229 1691/216/229 1689/215/228
f 1692/589/229 1694/890/230 1693/221/230 1691/216/229
f 1694/890/230 1696/891/231 1695/225/231 1693/221/230
f 1696/891/231 1698/892/232 1697/229/232 1695/225/231
f 1698/892/232 1700/893/233 1699/234/233 1697/229/232
f 1700/893/233 1702/894/234 1701/252/234 1699/234/233
f 1702/894/234 1704/895/235 1703/263/235 1701/252/234
f 1704/895/235 1706/896/236 1705/272/236 1703/263/235
f 1706/896/236 1708/897/237 1707/280/237 1705/272/236
f 1708/897/237 1710/898/238 1709/289/238 1707/280/237
f 1710/898/238 1712/899/239 1711/297/239 1709/289/238
f 1712/899/239 1714/900/240 1713/306/240 1711/297/239
f 1714/900/240 1716/597/241 1715/352/241 1713/306/240
f 1716/597/241 1718/901/242 1717/345/242 1715/352/241
f 1718/901/242 1720/902/243 1719/338/243 1717/345/242
f 1720/902/243 1722/903/244 1721/330/244 1719/338/243
f 1722/903/244 1724/904/245 1723/323/245 1721/330/244
f 1724/904/245 1726/905/246 1725/316/246 1723/323/245
f 1726/905/246 1728/906/247 1727/309/247 1725/316/246
f 1728/906/247 1730/907/248 1729/302/248 1727/309/247
f 1730/907/248 1732/908/249 1731/295/249 1729/302/248
f 1732/908/249 1734/909/250 1733/287/250 1731/295/249
f 1734/909/250 1736/910/251 1735/279/251 1733/287/250
f 1736/910/251 1738/911/252 1737/271/252 1735/279/251
f 1738/911/252 1740/605/253 1739/266/253 1737/271/252
f 1740/605/253 1742/912/254 1741/260/254 1739/266/253
f 1742/912/254 1744/913/255 1743/254/255 1741/260/254
f 1744/913/255 1746/914/256 1745/248/256 1743/254/255
f 1746/914/256 1748/735/257 1747/244/257 1745/248/256
f 1748/735/257 1750/915/258 1749/238/258 1747/244/257
f 1750/915/258 1752/916/259 1751/233/259 1749/238/258
f 1752/916/259 1754/917/260 1753/237/260 1751/233/259
f 1754/917/260 1756/918/261 1755/243/261 1753/237/260
f 1756/918/261 1758/919/58 1757/247/58 1755/243/261
f 1758/919/58 1760/920/262 1759/253/262 1757/247/58
f 1760/920/262 1762/921/263 1761/259/263 1759/253/262
f 1762/921/263 1764/614/264 1763/265/264 1761/259/263
f 1764/614/264 1766/922/265 1765/274/265 1763/265/264
f 1766/922/265 1768/923/266 1767/282/266 1765/274/265
f 1768/923/266 1770/924/267 1769/288/267 1767/282/266
f 1770/924/267 1772/925/268 1771/296/268 1769/288/267
f 1772/925/268 1774/926/269 1773/304/269 1771/296/268
f 1774/926/269 1776/927/270 1775/312/270 1773/304/269
f 1776/927/270 1778/928/271 1777/317/271 1775/312/270
f 1778/928/271 1780/760/272 1779/325/272 1777/317/271
f 1780/760/272 1782/929/273 1781/333/273 1779/325/272
f 1782/929/273 1784/930/274 1783/340/274 1781/333/273
f 1784/930/274 1786/931/275 1785/347/275 1783/340/274
f 1786/931/275 1788/622/276 1787/354/276 1785/347/275
f 1788/622/276 1790/932/277 1789/363/277 1787/354/276
f 1790/932/277 1792/933/278 1791/368/278 1789/363/277
f 1792/933/278 1794/934/279 1793/374/279 1791/368/278
f 1794/934/279 1796/935/280 1795/380/280 1793/374/279
f 1796/935/280 1798/936/281 1797/385/281 1795/380/280
f 1798/936/281 1800/937/282 1799/390/282 1797/385/281
f 1800/937/282 1802/938/283 1801/387/283 1799/390/282
f 1802/938/283 1804/939/284 1803/381/284 1801/387/283
f 1804/939/284 1806/940/285 1805/375/285 1803/381/284
f 1806/940/285 1808/941/286 1807/369/286 1805/375/285
f 1808/941/286 1810/942/287 1809/364/287 1807/369/286
f 1810/942/287 1620/563/193 1619/2/193 1809/364/287
f 1812/534/288 1814/943/289 1813/944/289 1811/4/288
f 1814/943/289 1816/945/290 1815/946/290 1813/944/289
f 1816/945/290 1818/947/291 1817/948/291 1815/946/290
f 1818/947/291 1820/949/292 1819/950/292 1817/948/291
f 1820/949/292 1822/951/293 1821/952/293 1819/950/292
f 1822/951/293 1824/953/294 1823/954/294 1821/952/293
f 1824/953/294 1826/955/295 1825/956/295 1823/954/294
f 1826/955/295 1828/957/296 1827/958/296 1825/956/295
f 1828/957/296 1830/959/297 1829/960/297 1827/958/296
f 1830/959/297 1832/961/298 1831/962/298 1829/960/297
f 1832/961/298 1834/963/299 1833/964/299 1831/962/298
f 1834/963/299 1836/965/300 1835/966/300 1833/964/299
f 1836/965/300 1838/967/301 1837/968/301 1835/966/300
f 1838/967/301 1840/969/302 1839/970/302 1837/968/301
f 1840/969/302 1842/971/303 1841/972/303 1839/970/302
f 1842/971/303 1844/973/304 1843/974/304 1841/972/303
f 1844/973/304 1846/975/305 1845/976/305 1843/974/304
f 1846/975/305 1848/977/306 1847/978/306 1845/976/305
f 1848/977/306 1850/979/307 1849/980/307 1847/978/306
f 1850/979/307 1852/981/308 1851/982/308 1849/980/307
f 1852/981/308 1854/983/309 1853/984/309 1851/982/308
f 1854/983/309 1856/985/310 1855/986/310 1853/984/309
f 1856/985/310 1858/987/311 1857/988/311 1855/986/310
f 1858/987/311 1860/989/312 1859/990/312 1857/988/311
f 1860/989/312 1862/991/313 1861/992/313 1859/990/312
f 1862/991/313 1864/993/314 1863/994/314 1861/992/313
f 1864/993/314 1866/995/315 1865/996/315 1863/994/314
f 1866/995/315 1868/997/316 1867/998/316 1865/996/315
f 1868/997/316 1870/999/317 1869/1000/317 1867/998/316
f 1870/999/317 1872/1001/318 1871/1002/318 1869/1000/317
f 1872/1001/318 1874/1003/319 1873/1004/319 1871/1002/318
f 1874/1003/319 1876/1005/320 1875/1006/320 1873/1004/319
f 1876/1005/320 1878/1007/321 1877/1008/321 1875/1006/320
f 1878/1007/321 1880/1009/322 1879/1010/322 1877/1008/321
f 1880/1009/322 1882/1011/323 1881/1012/323 1879/1010/322
f 1882/1011/323 1884/1013/324 1883/1014/324 1881/1012/323
f 1884/1013/324 1886/1015/325 1885/1016/325 1883/1014/324
f 1886/1015/325 1888/1017/326 1887/1018/326 1885/1016/325
f 1888/1017/326 1890/1019/327 1889/1020/327 1887/1018/326
f 1890/1019/327 1892/1021/328 1891/1022/328 1889/1020/327
f 1892/1021/328 1894/1023/329 1893/1024/329 1891/1022/328
f 1894/1023/329 1896/1025/330 1895/1026/330 1893/1024/329
f 1896/1025/330 1898/1027/331 1897/1028/331 1895/1026/330
f 1898/1027/331 1900/1029/332 1899/1030/332 1897/1028/331
f 1900/1029/332 1902/1031/333 1901/1032/333 1899/1030/332
f 1902/1031/333 1904/1033/334 1903/1034/334 1901/1032/333
f 1904/1033/334 1906/1035/335 1905/1036/335 1903/1034/334
f 1906/1035/335 1908/1037/336 1907/1038/336 1905/1036/335
f 1908/1037/336 1910/1039/337 1909/1040/337 1907/1038/336
f 1910/1039/337 1912/1041/338 1911/1042/338 1909/1040/337
f 1912/1041/338 1914/1043/339 1913/1044/339 1911/1042/338
f 1914/1043/339 1916/1045/340 1915/1046/340 1913/1044/339
f 1916/1045/340 1918/1047/341 1917/1048/341 1915/1046/340
f 1918/1047/341 1920/1049/342 1919/1050/342 1917/1048/341
f 1920/1049/342 1922/1051/343 1921/1052/343 1919/1050/342
f 1922/1051/343 1924/1053/344 1923/1054/344 1921/1052/343
f 1924/1053/344 1926/1055/345 1925/1056/345 1923/1054/344
f 1926/1055/345 1928/1057/346 1927/1058/346 1925/1056/345
f 1928/1057/346 1930/1059/347 1929/1060/347 1927/1058/346
f 1930/1059/347 1932/1061/348 1931/1062/348 1929/1060/347
f 1932/1061/348 1934/1063/349 1933/1064/349 1931/1062/348
f 1934/1063/349 1936/1065/350 1935/1066/350 1933/1064/349
f 1936/1065/350 1938/1067/351 1937/1068/351 1935/1066/350
f 1938/1067/351 1940/1069/352 1939/1070/352 1937/1068/351
f 1940/1069/352 1942/1071/353 1941/1072/353 1939/1070/352
f 1942/1071/353 1944/1073/354 1943/1074/354 1941/1072/353
f 1944/1073/354 1946/1075/355 1945/1076/355 1943/1074/354
f 1946/1075/355 1948/1077/356 1947/1078/356 1945/1076/355
f 1948/1077/356 1950/1079/357 1949/1080/357 1947/1078/356
f 1950/1079/357 1952/1081/358 1951/1082/358 1949/1080/357
f 1952/1081/358 1954/1083/359 1953/1084/359 1951/1082/358
f 1954/1083/359 1956/1085/360 1955/1086/360 1953/1084/359
f 1956/1085/360 1958/1087/361 1957/1088/361 1955/1086/360
f 1958/1087/361 1960/1089/362 1959/1090/362 1957/1088/361
f 1960/1089/362 1962/1091/363 1961/1092/363 1959/1090/362
f 1962/1091/363 1964/1093/364 1963/1094/364 1961/1092/363
f 1964/1093/364 1966/1095/365 1965/1096/365 1963/1094/364
f 1966/1095/365 1968/1097/366 1967/1098/366 1965/1096/365
f 1968/1097/366 1970/1099/367 1969/1100/367 1967/1098/366
f 1970/1099/367 1972/1101/368 1971/1102/368 1969/1100/367
f 1972/1101/368 1974/1103/369 1973/1104/369 1971/1102/368
f 1974/1103/369 1976/1105/370 1975/1106/370 1973/1104/369
f 1976/1105/370 1978/1107/371 1977/1108/371 1975/1106/370
f 1978/1107/371 1980/1109/372 1979/1110/372 1977/1108/371
f 1980/1109/372 1982/1111/373 1981/1112/373 1979/1110/372
f 1982/1111/373 1984/1113/374 1983/1114/374 1981/1112/373
f 1984/1113/374 1986/1115/375 1985/1116/375 1983/1114/374
f 1986/1115/375 1988/1117/376 1987/1118/376 1985/1116/375
f 1988/1117/376 1990/1119/377 1989/1120/377 1987/1118/376
f 1990/1119/377 1992/1121/378 1991/1122/378 1989/1120/377
f 1992/1121/378 1994/1123/379 1993/1124/379 1991/1122/378
f 1994/1123/379 1996/1125/380 1995/1126/380 1993/1124/379
f 1996/1125/380 1998/1127/381 1997/1128/381 1995/1126/380
f 1998/1127/381 2000/1129/382 1999/1130/382 1997/1128/381
f 2000/1129/382 2002/1131/383 2001/1132/383 1999/1130/382
f 2002/1131/383 2004/1133/384 2003/1134/384 2001/1132/383
f 2004/1133/384 1812/563/288 1811/2/288 2003/1134/384
f 2006/534/385 2008/1135/386 2007/1136/386 2005/4/385
f 2008/1135/386 2010/1137/387 2009/1138/387 2007/1136/386
f 2010/1137/387 2012/639/388 2011/640/388 2009/1138/387
f 2012/639/388 2014/1139/389 2013/1140/389 2011/640/388
f 2014/1139/389 2016/1141/390 2015/1142/390 2013/1140/389
f 2016/1141/390 2018/647/391 2017/648/391 2015/1142/390
f 2018/647/391 2020/1143/392 2019/1144/392 2017/648/391
f 2020/1143/392 2022/1145/393 2021/1146/393 2019/1144/392
f 2022/1145/393 2024/657/394 2023/376/394 2021/1146/393
f 2024/657/394 2026/1147/395 2025/1148/395 2023/376/394
f 2026/1147/395 2028/1149/396 2027/1150/396 2025/1148/395
f 2028/1149/396 2030/664/397 2029/665/397 2027/1150/396
f 2030/664/397 2032/1151/398 2031/1152/398 2029/665/397
f 2032/1151/398 2034/1153/399 2033/1154/399 2031/1152/398
f 2034/1153/399 2036/674/400 2035/675/400 2033/1154/399
f 2036/674/400 2038/1155/401 2037/1156/401 2035/675/400
f 2038/1155/401 2040/1157/402 2039/1158/402 2037/1156/401
f 2040/1157/402 2042/682/403 2041/228/403 2039/1158/402
f 2042/682/403 2044/1159/404 2043/1160/404 2041/228/403
f 2044/1159/404 2046/1161/405 2045/1162/405 2043/1160/404
f 2046/1161/405 2048/691/406 2047/692/406 2045/1162/405
f 2048/691/406 2050/1163/407 2049/1164/407 2047/692/406
f 2050/1163/407 2052/1165/408 2051/1166/408 2049/1164/407
f 2052/1165/408 2054/699/409 2053/700/409 2051/1166/408
f 2054/699/409 2056/1167/410 2055/1168/410 2053/700/409
f 2056/1167/410 2058/1169/411 2057/1170/411 2055/1168/410
f 2058/1169/411 2060/597/412 2059/352/412 2057/1170/411
f 2060/597/412 2062/1171/413 2061/1172/413 2059/352/412
f 2062/1171/413 2064/1173/414 2063/1174/414 2061/1172/413
f 2064/1173/414 2066/717/415 2065/718/415 2063/1174/414
f 2066/717/415 2068/1175/416 2067/1176/416 2065/718/415
f 2068/1175/416 2070/1177/417 2069/1178/417 2067/1176/416
f 2070/1177/417 2072/725/418 2071/726/418 2069/1178/417
f 2072/725/418 2074/1179/419 2073/1180/419 2071/726/418
f 2074/1179/419 2076/1181/420 2075/1182/420 2073/1180/419
f 2076/1181/420 2078/735/421 2077/244/421 2075/1182/420
f 2078/735/421 2080/1183/422 2079/1184/422 2077/244/421
f 2080/1183/422 2082/1185/423 2081/1186/423 2079/1184/422
f 2082/1185/423 2084/742/424 2083/743/424 2081/1186/423
f 2084/742/424 2086/1187/425 2085/1188/425 2083/743/424
f 2086/1187/425 2088/1189/426 2087/1190/426 2085/1188/425
f 2088/1189/426 2090/752/427 2089/753/427 2087/1190/426
f 2090/752/427 2092/1191/428 2091/1192/428 2089/753/427
f 2092/1191/428 2094/1193/429 2093/1194/429 2091/1192/428
f 2094/1193/429 2096/760/430 2095/325/430 2093/1194/429
f 2096/760/430 2098/1195/431 2097/1196/431 2095/325/430
f 2098/1195/431 2100/1197/432 2099/1198/432 2097/1196/431
f 2100/1197/432 2102/769/433 2101/770/433 2099/1198/432
f 2102/769/433 2104/1199/17 2103/1200/17 2101/770/433
f 2104/1199/17 2106/1201/17 2105/1202/17 2103/1200/17
f 2106/1201/17 2108/777/434 2107/778/434 2105/1202/17
f 2108/777/434 2110/1203/435 2109/1204/435 2107/778/434
f 2110/1203/435 2112/1205/436 2111/1206/436 2109/1204/435
f 2112/1205/436 2006/563/385 2005/2/385 2111/1206/436
f 2114/534/44 2116/866/44 2115/391/44 2113/4/44
f 2116/866/44 2118/657/16 2117/376/16 2115/391/44
f 2118/657/16 2120/580/16 2119/307/16 2117/376/16
f 2120/580/16 2122/682/44 2121/228/44 2119/307/16
f 2122/682/44 2124/893/44 2123/234/44 2121/228/44
f 2124/893/44 2126/597/16 2125/352/16 2123/234/44
f 2126/597/16 2128/908/17 2127/295/17 2125/352/16
f 2128/908/17 2130/735/18 2129/244/18 2127/295/17
f 2130/735/18 2132/614/44 2131/265/44 2129/244/18
f 2132/614/44 2134/760/16 2133/325/16 2131/265/44
f 2134/760/16 2136/935/16 2135/380/16 2133/325/16
f 2136/935/16 2114/563/44 2113/2/44 2135/380/16
f 2138/534/437 2140/1207/438 2139/1208/438 2137/4/437
f 2140/1207/438 2142/1209/439 2141/1210/439 2139/1208/438
f 2142/1209/439 2144/1211/440 2143/1212/440 2141/1210/439
f 2144/1211/440 2146/1213/441 2145/1214/441 2143/1212/440
f 2146/1213/441 2148/1215/442 2147/1216/442 2145/1214/441
f 2148/1215/442 2150/1217/443 2149/1218/443 2147/1216/442
f 2150/1217/443 2152/1219/444 2151/1220/444 2149/1218/443
f 2152/1219/444 2154/1221/445 2153/1222/445 2151/1220/444
f 2154/1221/445 2156/1223/446 2155/1224/446 2153/1222/445
f 2156/1223/446 2158/1225/447 2157/1226/447 2155/1224/446
f 2158/1225/447 2160/1227/448 2159/1228/448 2157/1226/447
f 2160/1227/448 2162/1229/449 2161/1230/449 2159/1228/448
f 2162/1229/449 2164/1231/450 2163/1232/450 2161/1230/449
f 2164/1231/450 2166/1233/451 2165/1234/451 2163/1232/450
f 2166/1233/451 2168/1235/452 2167/1236/452 2165/1234/451
f 2168/1235/452 2170/1237/453 2169/1238/453 2167/1236/452
f 2170/1237/453 2172/1239/454 2171/1240/454 2169/1238/453
f 2172/1239/454 2174/1241/455 2173/1242/455 2171/1240/454
f 2174/1241/455 2176/1243/456 2175/1244/456 2173/1242/455
f 2176/1243/456 2178/1245/457 2177/1246/457 2175/1244/456
f 2178/1245/457 2180/1247/458 2179/1248/458 2177/1246/457
f 2180/1247/458 2182/1249/459 2181/1250/459 2179/1248/458
f 2182/1249/459 2184/1251/460 2183/1252/460 2181/1250/459
f 2184/1251/460 2186/1253/461 2185/1254/461 2183/1252/460
f 2186/1253/461 2188/1255/462 2187/1256/462 2185/1254/461
f 2188/1255/462 2190/1257/463 2189/1258/463 2187/1256/462
f 2190/1257/463 2192/1259/464 2191/1260/464 2189/1258/463
f 2192/1259/464 2194/1261/465 2193/1262/465 2191/1260/464
f 2194/1261/465 2196/1263/466 2195/1264/466 2193/1262/465
f 2196/1263/466 2198/1265/467 2197/1266/467 2195/1264/466
f 2198/1265/467 2200/1267/468 2199/1268/468 2197/1266/467
f 2200/1267/468 2202/1269/469 2201/1270/469 2199/1268/468
f 2202/1269/469 2204/1271/470 2203/1272/470 2201/1270/469
f 2204/1271/470 2206/1273/471 2205/1274/471 2203/1272/470
f 2206/1273/471 2208/1275/472 2207/1276/472 2205/1274/471
f 2208/1275/472 2210/1277/473 2209/1278/473 2207/1276/472
f 2210/1277/473 2212/1279/474 2211/1280/474 2209/1278/473
f 2212/1279/474 2214/1281/475 2213/1282/475 2211/1280/474
f 2214/1281/475 2216/1283/476 2215/1284/476 2213/1282/475
f 2216/1283/476 2218/1285/244 2217/1286/244 2215/1284/476
f 2218/1285/244 2220/1287/245 2219/1288/245 2217/1286/244
f 2220/1287/245 2222/1289/246 2221/1290/246 2219/1288/245
f 2222/1289/246 2224/1291/294 2223/1292/294 2221/1290/246
f 2224/1291/294 2226/1293/477 2225/1294/477 2223/1292/294
f 2226/1293/477 2228/1295/478 2227/1296/478 2225/1294/477
f 2228/1295/478 2230/1297/479 2229/1298/479 2227/1296/478
f 2230/1297/479 2232/1299/480 2231/1300/480 2229/1298/479
f 2232/1299/480 2234/1301/481 2233/1302/481 2231/1300/480
f 2234/1301/481 2236/1303/482 2235/1304/482 2233/1302/481
f 2236/1303/482 2238/1305/483 2237/1306/483 2235/1304/482
f 2238/1305/483 2240/1307/484 2239/1308/484 2237/1306/483
f 2240/1307/484 2242/1309/485 2241/1310/485 2239/1308/484
f 2242/1309/485 2244/1311/486 2243/1312/486 2241/1310/485
f 2244/1311/486 2246/1313/487 2245/1314/487 2243/1312/486
f 2246/1313/487 2248/1315/488 2247/1316/488 2245/1314/487
f 2248/1315/488 2250/1317/489 2249/1318/489 2247/1316/488
f 2250/1317/489 2252/1319/490 2251/1320/490 2249/1318/489
f 2252/1319/490 2254/1321/491 2253/1322/491 2251/1320/490
f 2254/1321/491 2256/1323/492 2255/1324/492 2253/1322/491
f 2256/1323/492 2258/1325/49 2257/1326/49 2255/1324/492
f 2258/1325/49 2260/1327/493 2259/1328/493 2257/1326/49
f 2260/1327/493 2262/1329/494 2261/1330/494 2259/1328/493
f 2262/1329/494 2264/1331/495 2263/1332/495 2261/1330/494
f 2264/1331/495 2266/1333/496 2265/1334/496 2263/1332/495
f 2266/1333/496 2268/1335/497 2267/1336/497 2265/1334/496
f 2268/1335/497 2270/1337/498 2269/1338/498 2267/1336/497
f 2270/1337/498 2272/1339/499 2271/1340/499 2269/1338/498
f 2272/1339/499 2274/1341/500 2273/1342/500 2271/1340/499
f 2274/1341/500 2276/1343/501 2275/1344/501 2273/1342/500
f 2276/1343/501 2278/1345/502 2277/1346/502 2275/1344/501
f 2278/1345/502 2280/1347/503 2279/1348/503 2277/1346/502
f 2280/1347/503 2282/1349/504 2281/1350/504 2279/1348/503
f 2282/1349/504 2284/597/505 2283/352/505 2281/1350/504
f 2284/597/505 2286/1351/506 2285/1352/506 2283/352/505
f 2286/1351/506 2288/1353/507 2287/1354/507 2285/1352/506
f 2288/1353/507 2290/1355/508 2289/1356/508 2287/1354/507
f 2290/1355/508 2292/1357/509 2291/1358/509 2289/1356/508
f 2292/1357/509 2294/1359/510 2293/1360/510 2291/1358/509
f 2294/1359/510 2296/1361/511 2295/1362/511 2293/1360/510
f 2296/1361/511 2298/1363/512 2297/1364/512 2295/1362/511
f 2298/1363/512 2300/1365/513 2299/1366/513 2297/1364/512
f 2300/1365/513 2302/1367/514 2301/1368/514 2299/1366/513
f 2302/1367/514 2304/1369/515 2303/1370/515 2301/1368/514
f 2304/1369/515 2306/1371/516 2305/1372/516 2303/1370/515
f 2306/1371/516 2308/1373/517 2307/1374/517 2305/1372/516
f 2308/1373/517 2310/1375/518 2309/1376/518 2307/1374/517
f 2310/1375/518 2312/1377/519 2311/1378/519 2309/1376/518
f 2312/1377/519 2314/1379/520 2313/1380/520 2311/1378/519
f 2314/1379/520 2316/1381/521 2315/1382/521 2313/1380/520
f 2316/1381/521 2318/1383/522 2317/1384/522 2315/1382/521
f 2318/1383/522 2320/1385/523 2319/1386/523 2317/1384/522
f 2320/1385/523 2322/1387/524 2321/1388/524 2319/1386/523
f 2322/1387/524 2324/1389/525 2323/1390/525 2321/1388/524
f 2324/1389/525 2326/1391/526 2325/1392/526 2323/1390/525
f 2326/1391/526 2328/1393/527 2327/1394/527 2325/1392/526
f 2328/1393/527 2330/1395/528 2329/1396/528 2327/1394/527
f 2330/1395/528 2332/1397/529 2331/1398/529 2329/1396/528
f 2332/1397/529 2334/1399/530 2333/1400/530 2331/1398/529
f 2334/1399/530 2336/1401/531 2335/1402/531 2333/1400/530
f 2336/1401/531 2338/1403/532 2337/1404/532 2335/1402/531
f 2338/1403/532 2340/1405/533 2339/1406/533 2337/1404/532
f 2340/1405/533 2342/1407/534 2341/1408/534 2339/1406/533
f 2342/1407/534 2344/1409/535 2343/1410/535 2341/1408/534
f 2344/1409/535 2346/1411/536 2345/1412/536 2343/1410/535
f 2346/1411/536 2348/1413/537 2347/1414/537 2345/1412/536
f 2348/1413/537 2350/1415/538 2349/1416/538 2347/1414/537
f 2350/1415/538 2352/1417/539 2351/1418/539 2349/1416/538
f 2352/1417/539 2354/1419/540 2353/1420/540 2351/1418/539
f 2354/1419/540 2356/1421/541 2355/1422/541 2353/1420/540
f 2356/1421/541 2358/1423/542 2357/1424/542 2355/1422/541
f 2358/1423/542 2360/1425/543 2359/1426/543 2357/1424/542
f 2360/1425/543 2362/1427/544 2361/1428/544 2359/1426/543
f 2362/1427/544 2364/1429/545 2363/1430/545 2361/1428/544
f 2364/1429/545 2366/1431/546 2365/1432/546 2363/1430/545
f 2366/1431/546 2368/1433/547 2367/1434/547 2365/1432/546
f 2368/1433/547 2370/1435/548 2369/1436/548 2367/1434/547
f 2370/1435/548 2372/1437/549 2371/1438/549 2369/1436/548
f 2372/1437/549 2374/1439/550 2373/1440/550 2371/1438/549
f 2374/1439/550 2376/1441/551 2375/1442/551 2373/1440/550
f 2376/1441/551 2378/1443/552 2377/1444/552 2375/1442/551
f 2378/1443/552 2380/1445/553 2379/1446/553 2377/1444/552
f 2380/1445/553 2382/1447/554 2381/1448/554 2379/1446/553
f 2382/1447/554 2384/1449/555 2383/1450/555 2381/1448/554
f 2384/1449/555 2386/1451/556 2385/1452/556 2383/1450/555
f 2386/1451/556 2388/1453/557 2387/1454/557 2385/1452/556
f 2388/1453/557 2390/1455/558 2389/1456/558 2387/1454/557
f 2390/1455/558 2392/1457/559 2391/1458/559 2389/1456/558
f 2392/1457/559 2394/1459/560 2393/1460/560 2391/1458/559
f 2394/1459/560 2396/1461/561 2395/1462/561 2393/1460/560
f 2396/1461/561 2398/1463/562 2397/1464/562 2395/1462/561
f 2398/1463/562 2400/1465/563 2399/1466/563 2397/1464/562
f 2400/1465/563 2402/1467/564 2401/1468/564 2399/1466/563
f 2402/1467/564 2404/1469/565 2403/1470/565 2401/1468/564
f 2404/1469/565 2406/1471/566 2405/1472/566 2403/1470/565
f 2406/1471/566 2408/1473/567 2407/1474/567 2405/1472/566
f 2408/1473/567 2410/1475/568 2409/1476/568 2407/1474/567
f 2410/1475/568 2412/1477/569 2411/1478/569 2409/1476/568
f 2412/1477/569 2414/1479/570 2413/1480/570 2411/1478/569
f 2414/1479/570 2416/1481/571 2415/1482/571 2413/1480/570
f 2416/1481/571 2418/1483/572 2417/1484/572 2415/1482/571
f 2418/1483/572 2420/1485/573 2419/1486/573 2417/1484/572
f 2420/1485/573 2422/1487/574 2421/1488/574 2419/1486/573
f 2422/1487/574 2424/1489/575 2423/1490/575 2421/1488/574
f 2424/1489/575 2426/1491/576 2425/1492/576 2423/1490/575
f 2426/1491/576 2428/1493/577 2427/1494/577 2425/1492/576
f 2428/1493/577 2138/563/437 2137/2/437 2427/1494/577
f 2430/534/16 2432/572/16 2431/404/16 2429/4/16
f 2432/572/16 2434/580/16 2433/307/16 2431/404/16
f 2434/580/16 2436/589/17 2435/216/17 2433/307/16
f 2436/589/17 2438/597/17 2437/352/17 2435/216/17
f 2438/597/17 2440/605/17 2439/266/17 2437/352/17
f 2440/605/17 2442/614/18 2441/265/18 2439/266/17
f 2442/614/18 2444/622/44 2443/354/44 2441/265/18
f 2444/622/44 2430/563/16 2429/2/16 2443/354/44
